
#if defined(LV_LVGL_H_INCLUDE_SIMPLE)
#include "lvgl.h"
#elif defined(LV_LVGL_H_INCLUDE_SYSTEM)
#include <lvgl.h>
#elif defined(LV_BUILD_TEST)
#include "../lvgl.h"
#else
#include "lvgl/lvgl.h"
#endif

#ifndef LV_ATTRIBUTE_MEM_ALIGN
#define LV_ATTRIBUTE_MEM_ALIGN
#endif

#ifndef LV_ATTRIBUTE_DIAL2_BG
#define LV_ATTRIBUTE_DIAL2_BG
#endif

static const
LV_ATTRIBUTE_MEM_ALIGN LV_ATTRIBUTE_LARGE_CONST LV_ATTRIBUTE_DIAL2_BG
uint8_t dial2_bg_map[] = {

    0x01,0x00,0x00,0x00,0x15,0x83,0x00,0x00,0x80,0x40,0x03,0x00,0x7f,0xff,0xff,0xff,
    0x7f,0xff,0xff,0xff,0x7f,0xff,0xff,0xff,0x7f,0xff,0xff,0xff,0x7f,0xff,0xff,0xff,
    0x7f,0xff,0xff,0xff,0x7f,0xff,0xff,0xff,0x7f,0xff,0xff,0xff,0x7f,0xff,0xff,0xff,
    0x7f,0xff,0xff,0xff,0x7f,0xff,0xff,0xff,0x7f,0xff,0xff,0xff,0x7f,0xff,0xff,0xff,
    0x7f,0xff,0xff,0xff,0x5f,0xff,0xff,0xff,0x82,0xdf,0xff,0xff,0xff,0xff,0xff,0x7f,
    0xff,0xff,0xff,0x6d,0xff,0xff,0xff,0x87,0xbe,0xf7,0xff,0xba,0xd6,0xff,0x38,0xc6,
    0xff,0x59,0xce,0xff,0xdb,0xde,0xff,0xdf,0xff,0xff,0xff,0xff,0xff,0x7f,0xff,0xff,
    0xff,0x6a,0xff,0xff,0xff,0x88,0x7d,0xef,0xff,0x38,0xc6,0xff,0xdb,0xde,0xff,0xba,
    0xd6,0xff,0x38,0xc6,0xff,0x59,0xce,0xff,0xbe,0xf7,0xff,0xff,0xff,0xff,0x7f,0xff,
    0xff,0xff,0x6a,0xff,0xff,0xff,0x87,0xbe,0xf7,0xff,0xff,0xff,0xff,0xff,0xff,0xff,
    0x9e,0xf7,0xff,0x38,0xc6,0xff,0xba,0xd6,0xff,0xff,0xff,0xff,0x7f,0xff,0xff,0xff,
    0x8a,0xff,0xff,0xff,0xdf,0xff,0xff,0xbe,0xf7,0xff,0xbe,0xf7,0xff,0x9e,0xf7,0xff,
    0x9e,0xf7,0xff,0x7d,0xef,0xff,0x7d,0xef,0xff,0x9e,0xf7,0xff,0xff,0xff,0xff,0x33,
    0xff,0xff,0xff,0x88,0x9e,0xf7,0xff,0x7d,0xef,0xff,0x9e,0xf7,0xff,0x9e,0xf7,0xff,
    0xbe,0xf7,0xff,0xbe,0xf7,0xff,0xdf,0xff,0xff,0xff,0xff,0xff,0x29,0xff,0xff,0xff,
    0x84,0x9a,0xd6,0xff,0x38,0xc6,0xff,0xdf,0xff,0xff,0xff,0xff,0xff,0x7a,0xff,0xff,
    0xff,0x90,0x9e,0xf7,0xff,0x3c,0xe7,0xff,0xfb,0xde,0xff,0x9a,0xd6,0xff,0x79,0xce,
    0xff,0x79,0xce,0xff,0x79,0xce,0xff,0x79,0xce,0xff,0x79,0xce,0xff,0x79,0xce,0xff,
    0x79,0xce,0xff,0x79,0xce,0xff,0x79,0xce,0xff,0x79,0xce,0xff,0x9e,0xf7,0xff,0xff,
    0xff,0xff,0x2f,0xff,0xff,0xff,0x8f,0x7d,0xef,0xff,0x79,0xce,0xff,0x79,0xce,0xff,
    0x79,0xce,0xff,0x79,0xce,0xff,0x79,0xce,0xff,0x79,0xce,0xff,0x79,0xce,0xff,0x79,
    0xce,0xff,0x79,0xce,0xff,0xba,0xd6,0xff,0xfb,0xde,0xff,0x5d,0xef,0xff,0xbe,0xf7,
    0xff,0xff,0xff,0xff,0x24,0xff,0xff,0xff,0x84,0x79,0xce,0xff,0x38,0xc6,0xff,0xdf,
    0xff,0xff,0xff,0xff,0xff,0x4a,0xff,0xff,0xff,0x85,0xdf,0xff,0xff,0x3c,0xe7,0xff,
    0x1c,0xe7,0xff,0x9e,0xf7,0xff,0xff,0xff,0xff,0x27,0xff,0xff,0xff,0x94,0x9e,0xf7,
    0xff,0x3c,0xe7,0xff,0xba,0xd6,0xff,0x79,0xce,0xff,0x79,0xce,0xff,0x79,0xce,0xff,
    0x79,0xce,0xff,0x79,0xce,0xff,0x79,0xce,0xff,0x79,0xce,0xff,0x79,0xce,0xff,0x79,
    0xce,0xff,0x79,0xce,0xff,0x79,0xce,0xff,0x79,0xce,0xff,0x79,0xce,0xff,0x79,0xce,
    0xff,0x79,0xce,0xff,0x9a,0xd6,0xff,0xff,0xff,0xff,0x2f,0xff,0xff,0xff,0x93,0x79,
    0xce,0xff,0x79,0xce,0xff,0x79,0xce,0xff,0x79,0xce,0xff,0x79,0xce,0xff,0x79,0xce,
    0xff,0x79,0xce,0xff,0x79,0xce,0xff,0x79,0xce,0xff,0x79,0xce,0xff,0x79,0xce,0xff,
    0x79,0xce,0xff,0x79,0xce,0xff,0x79,0xce,0xff,0x79,0xce,0xff,0xfb,0xde,0xff,0x5d,
    0xef,0xff,0xbe,0xf7,0xff,0xff,0xff,0xff,0x1e,0xff,0xff,0xff,0x8c,0xdf,0xff,0xff,
    0xfb,0xde,0xff,0x38,0xc6,0xff,0xdb,0xde,0xff,0xff,0xff,0xff,0xff,0xff,0xff,0xbe,
    0xf7,0xff,0xfb,0xde,0xff,0x9a,0xd6,0xff,0xfb,0xde,0xff,0xbe,0xf7,0xff,0xff,0xff,
    0xff,0x43,0xff,0xff,0xff,0x88,0xbe,0xf7,0xff,0x59,0xce,0xff,0x38,0xc6,0xff,0x38,
    0xc6,0xff,0x38,0xc6,0xff,0xdb,0xde,0xff,0xdf,0xff,0xff,0xff,0xff,0xff,0x21,0xff,
    0xff,0xff,0x84,0xbe,0xf7,0xff,0x3c,0xe7,0xff,0xdb,0xde,0xff,0x79,0xce,0xff,0x13,
    0x79,0xce,0xff,0x2f,0xff,0xff,0xff,0x82,0xdf,0xff,0xff,0x79,0xce,0xff,0x11,0x79,
    0xce,0xff,0x84,0x9a,0xd6,0xff,0x1c,0xe7,0xff,0x9e,0xf7,0xff,0xff,0xff,0xff,0x18,
    0xff,0xff,0xff,0x90,0xdf,0xff,0xff,0x5d,0xef,0xff,0xdb,0xde,0xff,0x59,0xce,0xff,
    0x38,0xc6,0xff,0x9a,0xd6,0xff,0xdf,0xff,0xff,0xff,0xff,0xff,0xbe,0xf7,0xff,0x59,
    0xce,0xff,0x38,0xc6,0xff,0x38,0xc6,0xff,0x38,0xc6,0xff,0x59,0xce,0xff,0x3c,0xe7,
    0xff,0xff,0xff,0xff,0x41,0xff,0xff,0xff,0x89,0xbe,0xf7,0xff,0x59,0xce,0xff,0x9a,
    0xd6,0xff,0x5d,0xef,0xff,0x7d,0xef,0xff,0xdb,0xde,0xff,0x38,0xc6,0xff,0xba,0xd6,
    0xff,0xff,0xff,0xff,0x1e,0xff,0xff,0xff,0x84,0xdf,0xff,0xff,0x3c,0xe7,0xff,0x9a,
    0xd6,0xff,0x79,0xce,0xff,0x16,0x79,0xce,0xff,0x82,0xdf,0xff,0xff,0xff,0xff,0xff,
    0x2d,0xff,0xff,0xff,0x82,0xdf,0xff,0xff,0x79,0xce,0xff,0x14,0x79,0xce,0xff,0x84,
    0x9a,0xd6,0xff,0x1c,0xe7,0xff,0xbe,0xf7,0xff,0xff,0xff,0xff,0x12,0xff,0xff,0xff,
    0x94,0xbe,0xf7,0xff,0x3c,0xe7,0xff,0xba,0xd6,0xff,0x38,0xc6,0xff,0x38,0xc6,0xff,
    0x38,0xc6,0xff,0xba,0xd6,0xff,0x3c,0xe7,0xff,0xff,0xff,0xff,0xff,0xff,0xff,0xff,
    0xff,0xff,0x79,0xce,0xff,0x38,0xc6,0xff,0x3c,0xe7,0xff,0xdf,0xff,0xff,0xbe,0xf7,
    0xff,0x9a,0xd6,0xff,0x59,0xce,0xff,0xbe,0xf7,0xff,0xff,0xff,0xff,0x40,0xff,0xff,
    0xff,0x8a,0x1c,0xe7,0xff,0x38,0xc6,0xff,0x7d,0xef,0xff,0xff,0xff,0xff,0xff,0xff,
    0xff,0xff,0xff,0xff,0xba,0xd6,0xff,0x38,0xc6,0xff,0x1c,0xe7,0xff,0xff,0xff,0xff,
    0x1b,0xff,0xff,0xff,0x83,0x5d,0xef,0xff,0xba,0xd6,0xff,0x79,0xce,0xff,0x19,0x79,
    0xce,0xff,0x2f,0xff,0xff,0xff,0x82,0xdf,0xff,0xff,0x79,0xce,0xff,0x17,0x79,0xce,
    0xff,0xa7,0xba,0xd6,0xff,0x5d,0xef,0xff,0xdf,0xff,0xff,0xff,0xff,0xff,0xff,0xff,
    0xff,0xff,0xff,0xff,0xff,0xff,0xff,0xff,0xff,0xff,0xff,0xff,0xff,0xff,0xff,0xff,
    0xff,0xff,0xff,0xff,0xff,0xff,0xff,0xff,0xff,0xff,0xff,0xff,0xff,0xff,0xff,0xff,
    0xff,0xff,0xff,0xff,0xff,0xff,0xff,0xff,0xba,0xd6,0xff,0x38,0xc6,0xff,0x38,0xc6,
    0xff,0x38,0xc6,0xff,0xba,0xd6,0xff,0x3c,0xe7,0xff,0xbe,0xf7,0xff,0xff,0xff,0xff,
    0xff,0xff,0xff,0xff,0xff,0xff,0xff,0xff,0xff,0x7d,0xef,0xff,0x38,0xc6,0xff,0xfb,
    0xde,0xff,0xff,0xff,0xff,0xff,0xff,0xff,0xff,0xff,0xff,0x7d,0xef,0xff,0x38,0xc6,
    0xff,0x3c,0xe7,0xff,0xff,0xff,0xff,0x40,0xff,0xff,0xff,0x8b,0x1c,0xe7,0xff,0x38,
    0xc6,0xff,0xbe,0xf7,0xff,0xff,0xff,0xff,0xff,0xff,0xff,0xff,0xff,0xff,0xdf,0xff,
    0xff,0x59,0xce,0xff,0x38,0xc6,0xff,0xbe,0xf7,0xff,0xff,0xff,0xff,0x17,0xff,0xff,
    0xff,0x83,0xbe,0xf7,0xff,0x1c,0xe7,0xff,0x79,0xce,0xff,0x1b,0x79,0xce,0xff,0x82,
    0xba,0xd6,0xff,0xff,0xff,0xff,0x2f,0xff,0xff,0xff,0x82,0xba,0xd6,0xff,0x79,0xce,
    0xff,0x19,0x79,0xce,0xff,0xa4,0xfb,0xde,0xff,0x9e,0xf7,0xff,0xff,0xff,0xff,0xff,
    0xff,0xff,0xff,0xff,0xff,0xff,0xff,0xff,0xff,0xff,0xff,0xff,0xff,0xff,0xff,0xff,
    0xff,0xff,0xff,0xff,0xff,0xff,0xff,0xff,0xff,0xff,0xff,0xff,0xff,0xff,0xff,0xff,
    0xdf,0xff,0xff,0xba,0xd6,0xff,0x38,0xc6,0xff,0x38,0xc6,0xff,0x3c,0xe7,0xff,0xff,
    0xff,0xff,0xff,0xff,0xff,0xff,0xff,0xff,0xff,0xff,0xff,0xff,0xff,0xff,0xff,0xff,
    0xff,0xff,0xff,0xff,0x7d,0xef,0xff,0x38,0xc6,0xff,0x1c,0xe7,0xff,0xff,0xff,0xff,
    0xff,0xff,0xff,0xff,0xff,0xff,0x7d,0xef,0xff,0x38,0xc6,0xff,0x1c,0xe7,0xff,0xff,
    0xff,0xff,0x40,0xff,0xff,0xff,0x8b,0x3c,0xe7,0xff,0x38,0xc6,0xff,0x3c,0xe7,0xff,
    0xff,0xff,0xff,0xff,0xff,0xff,0xff,0xff,0xff,0xff,0xff,0xff,0x3c,0xe7,0xff,0x38,
    0xc6,0xff,0xdb,0xde,0xff,0xff,0xff,0xff,0x15,0xff,0xff,0xff,0x83,0x7d,0xef,0xff,
    0xba,0xd6,0xff,0x79,0xce,0xff,0x1c,0x79,0xce,0xff,0x83,0xba,0xd6,0xff,0xdf,0xff,
    0xff,0xff,0xff,0xff,0x2f,0xff,0xff,0xff,0x83,0xdf,0xff,0xff,0xba,0xd6,0xff,0x79,
    0xce,0xff,0x1a,0x79,0xce,0xff,0xa2,0xba,0xd6,0xff,0x5d,0xef,0xff,0xff,0xff,0xff,
    0xff,0xff,0xff,0xff,0xff,0xff,0xff,0xff,0xff,0xff,0xff,0xff,0xff,0xff,0xff,0xff,
    0xff,0xff,0xff,0xff,0xff,0xff,0xff,0xff,0xff,0xff,0xff,0xff,0xff,0xff,0xff,0xff,
    0xff,0x7d,0xef,0xff,0x9a,0xd6,0xff,0x38,0xc6,0xff,0x9a,0xd6,0xff,0x7d,0xef,0xff,
    0xff,0xff,0xff,0xff,0xff,0xff,0xff,0xff,0xff,0xff,0xff,0xff,0xff,0xff,0xff,0xdf,
    0xff,0xff,0x59,0xce,0xff,0x9a,0xd6,0xff,0xdf,0xff,0xff,0xff,0xff,0xff,0xff,0xff,
    0xff,0xdb,0xde,0xff,0x38,0xc6,0xff,0x5d,0xef,0xff,0xff,0xff,0xff,0x40,0xff,0xff,
    0xff,0x8c,0xbe,0xf7,0xff,0x38,0xc6,0xff,0xba,0xd6,0xff,0xff,0xff,0xff,0xff,0xff,
    0xff,0xff,0xff,0xff,0xff,0xff,0xff,0xff,0xff,0xff,0x79,0xce,0xff,0x38,0xc6,0xff,
    0xbe,0xf7,0xff,0xff,0xff,0xff,0x11,0xff,0xff,0xff,0x84,0xdf,0xff,0xff,0x3c,0xe7,
    0xff,0x9a,0xd6,0xff,0x79,0xce,0xff,0x17,0x79,0xce,0xff,0x88,0xba,0xd6,0xff,0xfb,
    0xde,0xff,0x3c,0xe7,0xff,0x5d,0xef,0xff,0x5d,0xef,0xff,0x7d,0xef,0xff,0x9e,0xf7,
    0xff,0xff,0xff,0xff,0x33,0xff,0xff,0xff,0x87,0x9e,0xf7,0xff,0x7d,0xef,0xff,0x5d,
    0xef,0xff,0x1c,0xe7,0xff,0xfb,0xde,0xff,0xba,0xd6,0xff,0x79,0xce,0xff,0x17,0x79,
    0xce,0xff,0xa4,0x1c,0xe7,0xff,0xdf,0xff,0xff,0xff,0xff,0xff,0xff,0xff,0xff,0xff,
    0xff,0xff,0xff,0xff,0xff,0xff,0xff,0xff,0xff,0xff,0xff,0xff,0xff,0xff,0xff,0xff,
    0xff,0xff,0xff,0xff,0xff,0xff,0xff,0xff,0xff,0xff,0x3c,0xe7,0xff,0x79,0xce,0xff,
    0x38,0xc6,0xff,0xba,0xd6,0xff,0xbe,0xf7,0xff,0xff,0xff,0xff,0xff,0xff,0xff,0xff,
    0xff,0xff,0xff,0xff,0xff,0x3c,0xe7,0xff,0x38,0xc6,0xff,0x79,0xce,0xff,0xfb,0xde,
    0xff,0x9a,0xd6,0xff,0x38,0xc6,0xff,0xba,0xd6,0xff,0xff,0xff,0xff,0xff,0xff,0xff,
    0xff,0xff,0xff,0x3c,0xe7,0xff,0x1c,0xe7,0xff,0x3c,0xe7,0xff,0xff,0xff,0xff,0x3c,
    0xff,0xff,0xff,0x9d,0xba,0xd6,0xff,0x38,0xc6,0xff,0x5d,0xef,0xff,0xff,0xff,0xff,
    0xff,0xff,0xff,0xff,0xff,0xff,0xff,0xff,0xff,0xfb,0xde,0xff,0x38,0xc6,0xff,0x7d,
    0xef,0xff,0xff,0xff,0xff,0xff,0xff,0xff,0xff,0xff,0xff,0xff,0xff,0xff,0xff,0xff,
    0xff,0xff,0xff,0xff,0xff,0xff,0xff,0xff,0xff,0xff,0xff,0xff,0xff,0xff,0xff,0xff,
    0xff,0xff,0xff,0xff,0xff,0xff,0xff,0xff,0xff,0xff,0xff,0xff,0xff,0xff,0xff,0xff,
    0xff,0xff,0xdf,0xff,0xff,0x1c,0xe7,0xff,0x79,0xce,0xff,0x15,0x79,0xce,0xff,0x85,
    0xba,0xd6,0xff,0x1c,0xe7,0xff,0x7d,0xef,0xff,0xbe,0xf7,0xff,0xff,0xff,0xff,0x1e,
    0xff,0xff,0xff,0x84,0x1c,0xff,0xff,0x79,0xfe,0xff,0x1c,0xff,0xff,0xff,0xff,0xff,
    0x20,0xff,0xff,0xff,0x85,0x9e,0xf7,0xff,0x5d,0xef,0xff,0xfb,0xde,0xff,0x9a,0xd6,
    0xff,0x79,0xce,0xff,0x14,0x79,0xce,0xff,0xa3,0xfb,0xde,0xff,0xbe,0xf7,0xff,0xff,
    0xff,0xff,0xff,0xff,0xff,0xff,0xff,0xff,0xff,0xff,0xff,0xff,0xff,0xff,0xff,0xff,
    0xff,0xff,0xff,0xff,0xff,0xff,0xff,0xff,0xff,0xff,0xff,0xff,0xff,0xff,0xff,0xff,
    0x3c,0xe7,0xff,0x9a,0xd6,0xff,0xdf,0xff,0xff,0xff,0xff,0xff,0xff,0xff,0xff,0xff,
    0xff,0xff,0xff,0xff,0xff,0xff,0xff,0xff,0xbe,0xf7,0xff,0x9a,0xd6,0xff,0x38,0xc6,
    0xff,0x38,0xc6,0xff,0x9a,0xd6,0xff,0xdf,0xff,0xff,0xff,0xff,0xff,0xff,0xff,0xff,
    0xba,0xd6,0xff,0x59,0xce,0xff,0x9a,0xd6,0xff,0x59,0xce,0xff,0xfb,0xde,0xff,0xff,
    0xff,0xff,0x3b,0xff,0xff,0xff,0x9b,0x9e,0xf7,0xff,0x38,0xc6,0xff,0x79,0xce,0xff,
    0xdf,0xff,0xff,0xff,0xff,0xff,0xff,0xff,0xff,0xff,0xff,0xff,0x7d,0xef,0xff,0x38,
    0xc6,0xff,0x3c,0xe7,0xff,0xff,0xff,0xff,0xff,0xff,0xff,0xff,0xff,0xff,0xff,0xff,
    0xff,0xff,0xff,0xff,0xff,0xff,0xff,0xff,0xff,0xff,0xff,0xff,0xff,0xff,0xff,0xff,
    0xff,0xff,0xff,0xff,0xff,0xff,0xff,0xff,0xff,0xff,0xff,0xff,0xff,0xff,0xff,0xdf,
    0xff,0xff,0xfb,0xde,0xff,0x79,0xce,0xff,0x13,0x79,0xce,0xff,0x84,0xba,0xd6,0xff,
    0x1c,0xe7,0xff,0x9e,0xf7,0xff,0xff,0xff,0xff,0x20,0xff,0xff,0xff,0x8a,0xbe,0xff,
    0xff,0x0f,0xfc,0xff,0x03,0xf9,0xff,0x20,0xf8,0xff,0x20,0xf8,0xff,0x20,0xf8,0xff,
    0x03,0xf9,0xff,0x0f,0xfc,0xff,0xbe,0xff,0xff,0xff,0xff,0xff,0x21,0xff,0xff,0xff,
    0x85,0xdf,0xff,0xff,0x5d,0xef,0xff,0xfb,0xde,0xff,0x9a,0xd6,0xff,0x79,0xce,0xff,
    0x12,0x79,0xce,0xff,0xa2,0xfb,0xde,0xff,0xbe,0xf7,0xff,0xff,0xff,0xff,0xff,0xff,
    0xff,0xff,0xff,0xff,0xff,0xff,0xff,0xff,0xff,0xff,0xff,0xff,0xff,0xff,0xff,0xff,
    0xff,0xff,0xff,0xff,0xff,0xff,0xff,0xff,0xff,0xff,0xff,0xff,0xff,0xff,0xff,0xff,
    0xff,0xff,0xff,0xff,0xff,0xdf,0xff,0xff,0x5d,0xef,0xff,0xdb,0xde,0xff,0x79,0xce,
    0xff,0x38,0xc6,0xff,0x59,0xce,0xff,0x1c,0xe7,0xff,0xff,0xff,0xff,0xff,0xff,0xff,
    0xff,0xff,0xff,0x5d,0xef,0xff,0x38,0xc6,0xff,0x9e,0xf7,0xff,0xff,0xff,0xff,0x9e,
    0xf7,0xff,0x38,0xc6,0xff,0xbe,0xf7,0xff,0xff,0xff,0xff,0x3b,0xff,0xff,0xff,0x98,
    0xfb,0xde,0xff,0x38,0xc6,0xff,0xdb,0xde,0xff,0xff,0xff,0xff,0xff,0xff,0xff,0xff,
    0xff,0xff,0x1c,0xe7,0xff,0x38,0xc6,0xff,0x9e,0xf7,0xff,0xff,0xff,0xff,0xff,0xff,
    0xff,0xff,0xff,0xff,0xff,0xff,0xff,0xff,0xff,0xff,0xff,0xff,0xff,0xff,0xff,0xff,
    0xff,0xff,0xff,0xff,0xff,0xff,0xff,0xff,0xff,0xff,0xff,0xff,0xff,0xff,0xff,0xdf,
    0xff,0xff,0xfb,0xde,0xff,0x79,0xce,0xff,0x12,0x79,0xce,0xff,0x84,0xfb,0xde,0xff,
    0x7d,0xef,0xff,0xdf,0xff,0xff,0xff,0xff,0xff,0x22,0xff,0xff,0xff,0x8c,0xda,0xfe,
    0xff,0x44,0xf9,0xff,0x20,0xf8,0xff,0x20,0xf8,0xff,0x20,0xf8,0xff,0x20,0xf8,0xff,
    0x20,0xf8,0xff,0x20,0xf8,0xff,0x20,0xf8,0xff,0x44,0xf9,0xff,0xda,0xfe,0xff,0xff,
    0xff,0xff,0x24,0xff,0xff,0xff,0x83,0x9e,0xf7,0xff,0x1c,0xe7,0xff,0x79,0xce,0xff,
    0x12,0x79,0xce,0xff,0xa0,0xfb,0xde,0xff,0xbe,0xf7,0xff,0xff,0xff,0xff,0xff,0xff,
    0xff,0xff,0xff,0xff,0xff,0xff,0xff,0xff,0xff,0xff,0xff,0xff,0xff,0xff,0xff,0xff,
    0xff,0xff,0xff,0xff,0xff,0xff,0xff,0xff,0xff,0xff,0xff,0xff,0xfb,0xde,0xff,0x38,
    0xc6,0xff,0x38,0xc6,0xff,0x38,0xc6,0xff,0xba,0xd6,0xff,0x3c,0xe7,0xff,0xdf,0xff,
    0xff,0xff,0xff,0xff,0xff,0xff,0xff,0xff,0xff,0xff,0xff,0xff,0xff,0x1c,0xe7,0xff,
    0x9a,0xd6,0xff,0xff,0xff,0xff,0xff,0xff,0xff,0xbe,0xf7,0xff,0x38,0xc6,0xff,0x7d,
    0xef,0xff,0xff,0xff,0xff,0x3c,0xff,0xff,0xff,0x95,0xba,0xd6,0xff,0x38,0xc6,0xff,
    0x9a,0xd6,0xff,0x3c,0xe7,0xff,0xfb,0xde,0xff,0x38,0xc6,0xff,0xba,0xd6,0xff,0xff,
    0xff,0xff,0xff,0xff,0xff,0xff,0xff,0xff,0xff,0xff,0xff,0xff,0xff,0xff,0xff,0xff,
    0xff,0xff,0xff,0xff,0xff,0xff,0xff,0xff,0xff,0xff,0xff,0xff,0xff,0xff,0xff,0xff,
    0xdf,0xff,0xff,0x1c,0xe7,0xff,0x79,0xce,0xff,0x11,0x79,0xce,0xff,0x83,0xdb,0xde,
    0xff,0x7d,0xef,0xff,0xff,0xff,0xff,0x25,0xff,0xff,0xff,0x8e,0x7d,0xff,0xff,0x03,
    0xf9,0xff,0x20,0xf8,0xff,0x20,0xf8,0xff,0x20,0xf8,0xff,0x20,0xf8,0xff,0x20,0xf8,
    0xff,0x20,0xf8,0xff,0x20,0xf8,0xff,0x20,0xf8,0xff,0x20,0xf8,0xff,0x03,0xf9,0xff,
    0x7d,0xff,0xff,0xff,0xff,0xff,0x26,0xff,0xff,0xff,0x83,0x7d,0xef,0xff,0xfb,0xde,
    0xff,0x79,0xce,0xff,0x11,0x79,0xce,0xff,0x9d,0xfb,0xde,0xff,0xbe,0xf7,0xff,0xff,
    0xff,0xff,0xff,0xff,0xff,0xff,0xff,0xff,0xff,0xff,0xff,0xff,0xff,0xff,0xff,0xff,
    0xff,0xff,0xff,0xff,0xff,0xff,0xff,0xff,0xff,0xff,0xff,0xff,0xff,0x1c,0xe7,0xff,
    0x3c,0xe7,0xff,0xbe,0xf7,0xff,0xff,0xff,0xff,0xff,0xff,0xff,0xff,0xff,0xff,0xff,
    0xff,0xff,0xff,0xff,0xff,0xff,0xff,0xff,0xff,0xff,0xff,0xbe,0xf7,0xff,0x38,0xc6,
    0xff,0x3c,0xe7,0xff,0x7d,0xef,0xff,0xfb,0xde,0xff,0x59,0xce,0xff,0xff,0xff,0xff,
    0x3e,0xff,0xff,0xff,0xa6,0xfb,0xde,0xff,0x38,0xc6,0xff,0x38,0xc6,0xff,0x38,0xc6,
    0xff,0xdb,0xde,0xff,0xdf,0xff,0xff,0xff,0xff,0xff,0xff,0xff,0xff,0xff,0xff,0xff,
    0xff,0xff,0xff,0xff,0xff,0xff,0xff,0xff,0xff,0xff,0xff,0xff,0xff,0xff,0xff,0xff,
    0xff,0xff,0xff,0xff,0xff,0x3c,0xe7,0xff,0x79,0xce,0xff,0x79,0xce,0xff,0x79,0xce,
    0xff,0x79,0xce,0xff,0x79,0xce,0xff,0x79,0xce,0xff,0x79,0xce,0xff,0x79,0xce,0xff,
    0x79,0xce,0xff,0x79,0xce,0xff,0x79,0xce,0xff,0x79,0xce,0xff,0x79,0xce,0xff,0x79,
    0xce,0xff,0x79,0xce,0xff,0x79,0xce,0xff,0x79,0xce,0xff,0x9a,0xd6,0xff,0x3c,0xe7,
    0xff,0xdf,0xff,0xff,0xff,0xff,0xff,0x27,0xff,0xff,0xff,0x8e,0x6d,0xfb,0xff,0x20,
    0xf8,0xff,0x20,0xf8,0xff,0x20,0xf8,0xff,0x20,0xf8,0xff,0x20,0xf8,0xff,0x20,0xf8,
    0xff,0x20,0xf8,0xff,0x20,0xf8,0xff,0x20,0xf8,0xff,0x20,0xf8,0xff,0x20,0xf8,0xff,
    0x6d,0xfb,0xff,0xff,0xff,0xff,0x28,0xff,0xff,0xff,0x97,0xdf,0xff,0xff,0x5d,0xef,
    0xff,0xba,0xd6,0xff,0x79,0xce,0xff,0x79,0xce,0xff,0x79,0xce,0xff,0x79,0xce,0xff,
    0x79,0xce,0xff,0x79,0xce,0xff,0x79,0xce,0xff,0x79,0xce,0xff,0x79,0xce,0xff,0x79,
    0xce,0xff,0x79,0xce,0xff,0x79,0xce,0xff,0x79,0xce,0xff,0x79,0xce,0xff,0x79,0xce,
    0xff,0x79,0xce,0xff,0x79,0xce,0xff,0x1c,0xe7,0xff,0xdf,0xff,0xff,0xff,0xff,0xff,
    0x12,0xff,0xff,0xff,0x86,0x3c,0xe7,0xff,0x59,0xce,0xff,0x38,0xc6,0xff,0x79,0xce,
    0xff,0xbe,0xf7,0xff,0xff,0xff,0xff,0x3f,0xff,0xff,0xff,0xa2,0xbe,0xf7,0xff,0x7d,
    0xef,0xff,0xbe,0xf7,0xff,0xff,0xff,0xff,0xff,0xff,0xff,0xff,0xff,0xff,0xff,0xff,
    0xff,0xff,0xff,0xff,0xff,0xff,0xff,0xff,0xff,0xff,0xff,0xff,0xff,0xff,0xff,0xff,
    0xff,0xff,0xff,0x5d,0xef,0xff,0x9a,0xd6,0xff,0x79,0xce,0xff,0x79,0xce,0xff,0x79,
    0xce,0xff,0x79,0xce,0xff,0x79,0xce,0xff,0x79,0xce,0xff,0x79,0xce,0xff,0x79,0xce,
    0xff,0x79,0xce,0xff,0x79,0xce,0xff,0x79,0xce,0xff,0x79,0xce,0xff,0x79,0xce,0xff,
    0x79,0xce,0xff,0x79,0xce,0xff,0x79,0xce,0xff,0xdb,0xde,0xff,0x9e,0xf7,0xff,0xff,
    0xff,0xff,0x29,0xff,0xff,0xff,0x90,0x7d,0xff,0xff,0x20,0xf8,0xff,0x20,0xf8,0xff,
    0x20,0xf8,0xff,0x20,0xf8,0xff,0x20,0xf8,0xff,0x20,0xf8,0xff,0x20,0xf8,0xff,0x20,
    0xf8,0xff,0x20,0xf8,0xff,0x20,0xf8,0xff,0x20,0xf8,0xff,0x20,0xf8,0xff,0x20,0xf8,
    0xff,0x7d,0xff,0xff,0xff,0xff,0xff,0x2a,0xff,0xff,0xff,0x95,0x9e,0xf7,0xff,0xfb,
    0xde,0xff,0x79,0xce,0xff,0x79,0xce,0xff,0x79,0xce,0xff,0x79,0xce,0xff,0x79,0xce,
    0xff,0x79,0xce,0xff,0x79,0xce,0xff,0x79,0xce,0xff,0x79,0xce,0xff,0x79,0xce,0xff,
    0x79,0xce,0xff,0x79,0xce,0xff,0x79,0xce,0xff,0x79,0xce,0xff,0x79,0xce,0xff,0x79,
    0xce,0xff,0x79,0xce,0xff,0x5d,0xef,0xff,0xff,0xff,0xff,0x13,0xff,0xff,0xff,0x82,
    0xdf,0xff,0xff,0xff,0xff,0xff,0x4c,0xff,0xff,0xff,0x95,0x9e,0xf7,0xff,0xba,0xd6,
    0xff,0x79,0xce,0xff,0x79,0xce,0xff,0x79,0xce,0xff,0x79,0xce,0xff,0x79,0xce,0xff,
    0x79,0xce,0xff,0x79,0xce,0xff,0x79,0xce,0xff,0x79,0xce,0xff,0x79,0xce,0xff,0x79,
    0xce,0xff,0x79,0xce,0xff,0x79,0xce,0xff,0x79,0xce,0xff,0x79,0xce,0xff,0x79,0xce,
    0xff,0x1c,0xe7,0xff,0xbe,0xf7,0xff,0xff,0xff,0xff,0x2b,0xff,0xff,0xff,0x90,0x75,
    0xfd,0xff,0x20,0xf8,0xff,0x20,0xf8,0xff,0x20,0xf8,0xff,0x20,0xf8,0xff,0x20,0xf8,
    0xff,0x20,0xf8,0xff,0x20,0xf8,0xff,0x20,0xf8,0xff,0x20,0xf8,0xff,0x20,0xf8,0xff,
    0x20,0xf8,0xff,0x20,0xf8,0xff,0x20,0xf8,0xff,0x75,0xfd,0xff,0xff,0xff,0xff,0x2c,
    0xff,0xff,0xff,0x92,0xdf,0xff,0xff,0x3c,0xe7,0xff,0x9a,0xd6,0xff,0x79,0xce,0xff,
    0x79,0xce,0xff,0x79,0xce,0xff,0x79,0xce,0xff,0x79,0xce,0xff,0x79,0xce,0xff,0x79,
    0xce,0xff,0x79,0xce,0xff,0x79,0xce,0xff,0x79,0xce,0xff,0x79,0xce,0xff,0x79,0xce,
    0xff,0x79,0xce,0xff,0x3c,0xe7,0xff,0xff,0xff,0xff,0x60,0xff,0xff,0xff,0x94,0xdf,
    0xff,0xff,0xfb,0xde,0xff,0x79,0xce,0xff,0x79,0xce,0xff,0x79,0xce,0xff,0x79,0xce,
    0xff,0x79,0xce,0xff,0x79,0xce,0xff,0x79,0xce,0xff,0x79,0xce,0xff,0x79,0xce,0xff,
    0x79,0xce,0xff,0x79,0xce,0xff,0x79,0xce,0xff,0x79,0xce,0xff,0x79,0xce,0xff,0x79,
    0xce,0xff,0x9a,0xd6,0xff,0x3c,0xe7,0xff,0xff,0xff,0xff,0x2e,0xff,0xff,0xff,0x90,
    0xb2,0xfc,0xff,0x20,0xf8,0xff,0x20,0xf8,0xff,0x20,0xf8,0xff,0x20,0xf8,0xff,0x20,
    0xf8,0xff,0x20,0xf8,0xff,0x20,0xf8,0xff,0x20,0xf8,0xff,0x20,0xf8,0xff,0x20,0xf8,
    0xff,0x20,0xf8,0xff,0x20,0xf8,0xff,0x20,0xf8,0xff,0x92,0xfc,0xff,0xff,0xff,0xff,
    0x2f,0xff,0xff,0xff,0x94,0x5d,0xef,0xff,0x9a,0xd6,0xff,0x79,0xce,0xff,0x79,0xce,
    0xff,0x79,0xce,0xff,0x79,0xce,0xff,0x79,0xce,0xff,0x79,0xce,0xff,0x79,0xce,0xff,
    0x79,0xce,0xff,0x79,0xce,0xff,0x79,0xce,0xff,0x5d,0xef,0xff,0xff,0xff,0xff,0xff,
    0xff,0xff,0xff,0xff,0xff,0xbe,0xf7,0xff,0x7d,0xef,0xff,0x9e,0xf7,0xff,0xff,0xff,
    0xff,0x5a,0xff,0xff,0xff,0x93,0x5d,0xef,0xff,0x79,0xce,0xff,0x79,0xce,0xff,0x79,
    0xce,0xff,0x79,0xce,0xff,0x79,0xce,0xff,0x79,0xce,0xff,0x79,0xce,0xff,0x79,0xce,
    0xff,0x79,0xce,0xff,0x79,0xce,0xff,0x79,0xce,0xff,0x79,0xce,0xff,0x79,0xce,0xff,
    0x79,0xce,0xff,0x79,0xce,0xff,0x9a,0xd6,0xff,0x5d,0xef,0xff,0xff,0xff,0xff,0x30,
    0xff,0xff,0xff,0x90,0x92,0xfc,0xff,0x20,0xf8,0xff,0x20,0xf8,0xff,0x20,0xf8,0xff,
    0x20,0xf8,0xff,0x20,0xf8,0xff,0x20,0xf8,0xff,0x20,0xf8,0xff,0x20,0xf8,0xff,0x20,
    0xf8,0xff,0x20,0xf8,0xff,0x20,0xf8,0xff,0x20,0xf8,0xff,0x20,0xf8,0xff,0x10,0xfc,
    0xff,0xff,0xff,0xff,0x31,0xff,0xff,0xff,0x94,0x7d,0xef,0xff,0xba,0xd6,0xff,0x79,
    0xce,0xff,0x79,0xce,0xff,0x79,0xce,0xff,0x79,0xce,0xff,0x79,0xce,0xff,0x79,0xce,
    0xff,0x79,0xce,0xff,0xfb,0xde,0xff,0xff,0xff,0xff,0xff,0xff,0xff,0xbe,0xf7,0xff,
    0x9a,0xd6,0xff,0x38,0xc6,0xff,0x38,0xc6,0xff,0x38,0xc6,0xff,0x79,0xce,0xff,0x9e,
    0xf7,0xff,0xff,0xff,0xff,0x56,0xff,0xff,0xff,0x93,0xbe,0xf7,0xff,0xba,0xd6,0xff,
    0x79,0xce,0xff,0x79,0xce,0xff,0x79,0xce,0xff,0x79,0xce,0xff,0x79,0xce,0xff,0x79,
    0xce,0xff,0x79,0xce,0xff,0x79,0xce,0xff,0x79,0xce,0xff,0x79,0xce,0xff,0x79,0xce,
    0xff,0x79,0xce,0xff,0x79,0xce,0xff,0x79,0xce,0xff,0x9a,0xd6,0xff,0x5d,0xef,0xff,
    0xff,0xff,0xff,0x32,0xff,0xff,0xff,0x90,0x92,0xfc,0xff,0x20,0xf8,0xff,0x20,0xf8,
    0xff,0x20,0xf8,0xff,0x20,0xf8,0xff,0x20,0xf8,0xff,0x20,0xf8,0xff,0x20,0xf8,0xff,
    0x20,0xf8,0xff,0x20,0xf8,0xff,0x20,0xf8,0xff,0x20,0xf8,0xff,0x20,0xf8,0xff,0x20,
    0xf8,0xff,0x10,0xfc,0xff,0xff,0xff,0xff,0x33,0xff,0xff,0xff,0x93,0x7d,0xef,0xff,
    0xba,0xd6,0xff,0x79,0xce,0xff,0x79,0xce,0xff,0x79,0xce,0xff,0x79,0xce,0xff,0x79,
    0xce,0xff,0xbe,0xf7,0xff,0xff,0xff,0xff,0xdf,0xff,0xff,0x79,0xce,0xff,0x38,0xc6,
    0xff,0x38,0xc6,0xff,0x38,0xc6,0xff,0x38,0xc6,0xff,0x38,0xc6,0xff,0x59,0xce,0xff,
    0xbe,0xf7,0xff,0xff,0xff,0xff,0x54,0xff,0xff,0xff,0x92,0x3c,0xe7,0xff,0x79,0xce,
    0xff,0x79,0xce,0xff,0x79,0xce,0xff,0x79,0xce,0xff,0x79,0xce,0xff,0x79,0xce,0xff,
    0x79,0xce,0xff,0x79,0xce,0xff,0x79,0xce,0xff,0x79,0xce,0xff,0x79,0xce,0xff,0x79,
    0xce,0xff,0x79,0xce,0xff,0x79,0xce,0xff,0x9a,0xd6,0xff,0x5d,0xef,0xff,0xff,0xff,
    0xff,0x34,0xff,0xff,0xff,0x90,0x92,0xfc,0xff,0x20,0xf8,0xff,0x20,0xf8,0xff,0x20,
    0xf8,0xff,0x20,0xf8,0xff,0x20,0xf8,0xff,0x20,0xf8,0xff,0x20,0xf8,0xff,0x20,0xf8,
    0xff,0x20,0xf8,0xff,0x20,0xf8,0xff,0x20,0xf8,0xff,0x20,0xf8,0xff,0x20,0xf8,0xff,
    0x10,0xfc,0xff,0xff,0xff,0xff,0x35,0xff,0xff,0xff,0x91,0x7d,0xef,0xff,0x9a,0xd6,
    0xff,0x79,0xce,0xff,0x79,0xce,0xff,0x9a,0xd6,0xff,0xff,0xff,0xff,0xff,0xff,0xff,
    0x1c,0xe7,0xff,0x38,0xc6,0xff,0x38,0xc6,0xff,0x38,0xc6,0xff,0x38,0xc6,0xff,0x38,
    0xc6,0xff,0x38,0xc6,0xff,0x38,0xc6,0xff,0xdb,0xde,0xff,0xff,0xff,0xff,0x52,0xff,
    0xff,0xff,0x92,0xbe,0xf7,0xff,0xba,0xd6,0xff,0x79,0xce,0xff,0x79,0xce,0xff,0x79,
    0xce,0xff,0x79,0xce,0xff,0x79,0xce,0xff,0x79,0xce,0xff,0x79,0xce,0xff,0x79,0xce,
    0xff,0x79,0xce,0xff,0x79,0xce,0xff,0x79,0xce,0xff,0x79,0xce,0xff,0x79,0xce,0xff,
    0x79,0xce,0xff,0x3c,0xe7,0xff,0xff,0xff,0xff,0x36,0xff,0xff,0xff,0x90,0x92,0xfc,
    0xff,0x20,0xf8,0xff,0x20,0xf8,0xff,0x20,0xf8,0xff,0x20,0xf8,0xff,0x20,0xf8,0xff,
    0x20,0xf8,0xff,0x20,0xf8,0xff,0x20,0xf8,0xff,0x20,0xf8,0xff,0x20,0xf8,0xff,0x20,
    0xf8,0xff,0x20,0xf8,0xff,0x20,0xf8,0xff,0x10,0xfc,0xff,0xff,0xff,0xff,0x37,0xff,
    0xff,0xff,0x92,0x5d,0xef,0xff,0x9a,0xd6,0xff,0xdb,0xde,0xff,0xff,0xff,0xff,0xff,
    0xff,0xff,0x9a,0xd6,0xff,0x38,0xc6,0xff,0x38,0xc6,0xff,0x38,0xc6,0xff,0x38,0xc6,
    0xff,0x38,0xc6,0xff,0x38,0xc6,0xff,0x38,0xc6,0xff,0x79,0xce,0xff,0xff,0xff,0xff,
    0xff,0xff,0xff,0xbe,0xf7,0xff,0xff,0xff,0xff,0x4e,0xff,0xff,0xff,0x92,0x3c,0xe7,
    0xff,0x79,0xce,0xff,0x79,0xce,0xff,0x79,0xce,0xff,0x79,0xce,0xff,0x79,0xce,0xff,
    0x79,0xce,0xff,0x79,0xce,0xff,0x79,0xce,0xff,0x79,0xce,0xff,0x79,0xce,0xff,0x79,
    0xce,0xff,0x79,0xce,0xff,0x79,0xce,0xff,0x79,0xce,0xff,0xfb,0xde,0xff,0xdf,0xff,
    0xff,0xff,0xff,0xff,0x37,0xff,0xff,0xff,0x90,0x92,0xfc,0xff,0x20,0xf8,0xff,0x20,
    0xf8,0xff,0x20,0xf8,0xff,0x20,0xf8,0xff,0x20,0xf8,0xff,0x20,0xf8,0xff,0x20,0xf8,
    0xff,0x20,0xf8,0xff,0x20,0xf8,0xff,0x20,0xf8,0xff,0x20,0xf8,0xff,0x20,0xf8,0xff,
    0x20,0xf8,0xff,0x10,0xfc,0xff,0xff,0xff,0xff,0x39,0xff,0xff,0xff,0x91,0x7d,0xef,
    0xff,0xff,0xff,0xff,0xff,0xff,0xff,0x9a,0xd6,0xff,0x38,0xc6,0xff,0x38,0xc6,0xff,
    0x38,0xc6,0xff,0x38,0xc6,0xff,0x38,0xc6,0xff,0x38,0xc6,0xff,0x38,0xc6,0xff,0x79,
    0xce,0xff,0xff,0xff,0xff,0xff,0xff,0xff,0x1c,0xe7,0xff,0x1c,0xe7,0xff,0xff,0xff,
    0xff,0x4b,0xff,0xff,0xff,0x92,0xdf,0xff,0xff,0xdb,0xde,0xff,0x79,0xce,0xff,0x79,
    0xce,0xff,0x79,0xce,0xff,0x79,0xce,0xff,0x79,0xce,0xff,0x79,0xce,0xff,0x79,0xce,
    0xff,0x79,0xce,0xff,0x79,0xce,0xff,0x79,0xce,0xff,0x79,0xce,0xff,0x79,0xce,0xff,
    0x79,0xce,0xff,0xba,0xd6,0xff,0xbe,0xf7,0xff,0xff,0xff,0xff,0x39,0xff,0xff,0xff,
    0x90,0x92,0xfc,0xff,0x20,0xf8,0xff,0x20,0xf8,0xff,0x20,0xf8,0xff,0x20,0xf8,0xff,
    0x20,0xf8,0xff,0x20,0xf8,0xff,0x20,0xf8,0xff,0x20,0xf8,0xff,0x20,0xf8,0xff,0x20,
    0xf8,0xff,0x20,0xf8,0xff,0x20,0xf8,0xff,0x20,0xf8,0xff,0x10,0xfc,0xff,0xff,0xff,
    0xff,0x3c,0xff,0xff,0xff,0x90,0xfb,0xde,0xff,0x38,0xc6,0xff,0x38,0xc6,0xff,0x38,
    0xc6,0xff,0x38,0xc6,0xff,0x38,0xc6,0xff,0x38,0xc6,0xff,0x38,0xc6,0xff,0xba,0xd6,
    0xff,0xff,0xff,0xff,0xff,0xff,0xff,0xdb,0xde,0xff,0x79,0xce,0xff,0xba,0xd6,0xff,
    0xbe,0xf7,0xff,0xff,0xff,0xff,0x48,0xff,0xff,0xff,0x91,0x7d,0xef,0xff,0x79,0xce,
    0xff,0x79,0xce,0xff,0x79,0xce,0xff,0x79,0xce,0xff,0x79,0xce,0xff,0x79,0xce,0xff,
    0x79,0xce,0xff,0x79,0xce,0xff,0x79,0xce,0xff,0x79,0xce,0xff,0x79,0xce,0xff,0x79,
    0xce,0xff,0x79,0xce,0xff,0x9a,0xd6,0xff,0x5d,0xef,0xff,0xff,0xff,0xff,0x3b,0xff,
    0xff,0xff,0x90,0x92,0xfc,0xff,0x20,0xf8,0xff,0x20,0xf8,0xff,0x20,0xf8,0xff,0x20,
    0xf8,0xff,0x20,0xf8,0xff,0x20,0xf8,0xff,0x20,0xf8,0xff,0x20,0xf8,0xff,0x20,0xf8,
    0xff,0x20,0xf8,0xff,0x20,0xf8,0xff,0x20,0xf8,0xff,0x20,0xf8,0xff,0x10,0xfc,0xff,
    0xff,0xff,0xff,0x3c,0xff,0xff,0xff,0x91,0xdf,0xff,0xff,0x59,0xce,0xff,0x38,0xc6,
    0xff,0x38,0xc6,0xff,0x38,0xc6,0xff,0x38,0xc6,0xff,0x38,0xc6,0xff,0x38,0xc6,0xff,
    0x9e,0xf7,0xff,0xff,0xff,0xff,0xff,0xff,0xff,0x79,0xce,0xff,0x79,0xce,0xff,0x79,
    0xce,0xff,0x79,0xce,0xff,0x5d,0xef,0xff,0xff,0xff,0xff,0x46,0xff,0xff,0xff,0x90,
    0x1c,0xe7,0xff,0x79,0xce,0xff,0x79,0xce,0xff,0x79,0xce,0xff,0x79,0xce,0xff,0x79,
    0xce,0xff,0x79,0xce,0xff,0x79,0xce,0xff,0x79,0xce,0xff,0x79,0xce,0xff,0x79,0xce,
    0xff,0x79,0xce,0xff,0x79,0xce,0xff,0x79,0xce,0xff,0x1c,0xe7,0xff,0xff,0xff,0xff,
    0x3d,0xff,0xff,0xff,0x90,0x92,0xfc,0xff,0x20,0xf8,0xff,0x20,0xf8,0xff,0x20,0xf8,
    0xff,0x20,0xf8,0xff,0x20,0xf8,0xff,0x20,0xf8,0xff,0x20,0xf8,0xff,0x20,0xf8,0xff,
    0x20,0xf8,0xff,0x20,0xf8,0xff,0x20,0xf8,0xff,0x20,0xf8,0xff,0x20,0xf8,0xff,0x10,
    0xfc,0xff,0xff,0xff,0xff,0x3d,0xff,0xff,0xff,0x91,0x9e,0xf7,0xff,0x79,0xce,0xff,
    0x38,0xc6,0xff,0x38,0xc6,0xff,0x38,0xc6,0xff,0x59,0xce,0xff,0x7d,0xef,0xff,0xff,
    0xff,0xff,0xff,0xff,0xff,0x3c,0xe7,0xff,0x79,0xce,0xff,0x79,0xce,0xff,0x79,0xce,
    0xff,0x79,0xce,0xff,0x79,0xce,0xff,0xfb,0xde,0xff,0xff,0xff,0xff,0x43,0xff,0xff,
    0xff,0x9c,0xdf,0xff,0xff,0xba,0xd6,0xff,0x79,0xce,0xff,0x79,0xce,0xff,0x79,0xce,
    0xff,0x79,0xce,0xff,0x79,0xce,0xff,0x79,0xce,0xff,0x79,0xce,0xff,0x79,0xce,0xff,
    0x79,0xce,0xff,0x79,0xce,0xff,0x79,0xce,0xff,0x79,0xce,0xff,0x9a,0xd6,0xff,0x9e,
    0xf7,0xff,0xff,0xff,0xff,0xff,0xff,0xff,0xff,0xff,0xff,0xff,0xff,0xff,0xff,0xff,
    0xff,0xff,0xff,0xff,0xff,0xff,0xff,0xff,0xff,0xff,0xff,0xff,0xff,0xdf,0xff,0xff,
    0xbe,0xf7,0xff,0xff,0xff,0xff,0x33,0xff,0xff,0xff,0x90,0x92,0xfc,0xff,0x20,0xf8,
    0xff,0x20,0xf8,0xff,0x20,0xf8,0xff,0x20,0xf8,0xff,0x20,0xf8,0xff,0x20,0xf8,0xff,
    0x20,0xf8,0xff,0x20,0xf8,0xff,0x20,0xf8,0xff,0x20,0xf8,0xff,0x20,0xf8,0xff,0x20,
    0xf8,0xff,0x20,0xf8,0xff,0x10,0xfc,0xff,0xff,0xff,0xff,0x3f,0xff,0xff,0xff,0x91,
    0x7d,0xef,0xff,0x3c,0xe7,0xff,0x5d,0xef,0xff,0xff,0xff,0xff,0xff,0xff,0xff,0xff,
    0xff,0xff,0x9e,0xf7,0xff,0x79,0xce,0xff,0x79,0xce,0xff,0x79,0xce,0xff,0x79,0xce,
    0xff,0x79,0xce,0xff,0x79,0xce,0xff,0x79,0xce,0xff,0x9a,0xd6,0xff,0xbe,0xf7,0xff,
    0xff,0xff,0xff,0x40,0xff,0xff,0xff,0xa0,0x9e,0xf7,0xff,0x9a,0xd6,0xff,0x79,0xce,
    0xff,0x79,0xce,0xff,0x79,0xce,0xff,0x79,0xce,0xff,0x79,0xce,0xff,0x79,0xce,0xff,
    0x79,0xce,0xff,0x79,0xce,0xff,0x79,0xce,0xff,0x79,0xce,0xff,0x79,0xce,0xff,0x79,
    0xce,0xff,0x1c,0xe7,0xff,0xff,0xff,0xff,0xff,0xff,0xff,0xff,0xff,0xff,0xff,0xff,
    0xff,0xff,0xff,0xff,0xff,0xff,0xff,0xff,0xff,0xff,0xff,0xff,0xff,0xdf,0xff,0xff,
    0x9a,0xd6,0xff,0xb6,0xb5,0xff,0x55,0xad,0xff,0x55,0xad,0xff,0x75,0xad,0xff,0x18,
    0xc6,0xff,0x5d,0xef,0xff,0xff,0xff,0xff,0x30,0xff,0xff,0xff,0x90,0x92,0xfc,0xff,
    0x20,0xf8,0xff,0x20,0xf8,0xff,0x20,0xf8,0xff,0x20,0xf8,0xff,0x20,0xf8,0xff,0x20,
    0xf8,0xff,0x20,0xf8,0xff,0x20,0xf8,0xff,0x20,0xf8,0xff,0x20,0xf8,0xff,0x20,0xf8,
    0xff,0x20,0xf8,0xff,0x20,0xf8,0xff,0x10,0xfc,0xff,0xff,0xff,0xff,0x30,0xff,0xff,
    0xff,0xa1,0xda,0xfe,0xff,0x4b,0xfc,0xff,0x83,0xfa,0xff,0xe0,0xf9,0xff,0x00,0xfa,
    0xff,0x47,0xfb,0xff,0x72,0xfd,0xff,0xdf,0xff,0xff,0xff,0xff,0xff,0xff,0xff,0xff,
    0xff,0xff,0xff,0xff,0xff,0xff,0xff,0xff,0xff,0xff,0xff,0xff,0xff,0xff,0xff,0xff,
    0xff,0xff,0xff,0xff,0xff,0xff,0xff,0xff,0xff,0xff,0xff,0xff,0xff,0xff,0x7d,0xef,
    0xff,0x79,0xce,0xff,0x79,0xce,0xff,0x79,0xce,0xff,0x79,0xce,0xff,0x79,0xce,0xff,
    0x79,0xce,0xff,0x79,0xce,0xff,0x79,0xce,0xff,0x79,0xce,0xff,0x79,0xce,0xff,0x5d,
    0xef,0xff,0xff,0xff,0xff,0x3e,0xff,0xff,0xff,0xa2,0x3c,0xe7,0xff,0x79,0xce,0xff,
    0x79,0xce,0xff,0x79,0xce,0xff,0x79,0xce,0xff,0x79,0xce,0xff,0x79,0xce,0xff,0x79,
    0xce,0xff,0x79,0xce,0xff,0x79,0xce,0xff,0x79,0xce,0xff,0x79,0xce,0xff,0x79,0xce,
    0xff,0x9a,0xd6,0xff,0x9e,0xf7,0xff,0xff,0xff,0xff,0xff,0xff,0xff,0xff,0xff,0xff,
    0xff,0xff,0xff,0xff,0xff,0xff,0xff,0xff,0xff,0xff,0xff,0xff,0xff,0xff,0xff,0x5d,
    0xef,0xff,0x96,0xb5,0xff,0x55,0xad,0xff,0x55,0xad,0xff,0x55,0xad,0xff,0x55,0xad,
    0xff,0x55,0xad,0xff,0x55,0xad,0xff,0x55,0xad,0xff,0x59,0xce,0xff,0xff,0xff,0xff,
    0x2f,0xff,0xff,0xff,0x90,0x92,0xfc,0xff,0x20,0xf8,0xff,0x20,0xf8,0xff,0x20,0xf8,
    0xff,0x20,0xf8,0xff,0x20,0xf8,0xff,0x20,0xf8,0xff,0x20,0xf8,0xff,0x20,0xf8,0xff,
    0x20,0xf8,0xff,0x20,0xf8,0xff,0x20,0xf8,0xff,0x20,0xf8,0xff,0x20,0xf8,0xff,0x10,
    0xfc,0xff,0xff,0xff,0xff,0x2f,0xff,0xff,0xff,0xa3,0xae,0xfc,0xff,0xe0,0xf9,0xff,
    0xe0,0xf9,0xff,0xe0,0xf9,0xff,0xe0,0xf9,0xff,0xe0,0xf9,0xff,0xe0,0xf9,0xff,0xe0,
    0xf9,0xff,0xc5,0xfa,0xff,0xfa,0xfe,0xff,0xff,0xff,0xff,0xff,0xff,0xff,0xff,0xff,
    0xff,0xff,0xff,0xff,0xff,0xff,0xff,0xff,0xff,0xff,0xff,0xff,0xff,0xff,0xff,0xff,
    0xff,0xff,0xff,0xff,0xff,0xff,0x1c,0xe7,0xff,0x79,0xce,0xff,0x79,0xce,0xff,0x79,
    0xce,0xff,0x79,0xce,0xff,0x79,0xce,0xff,0x79,0xce,0xff,0x79,0xce,0xff,0x79,0xce,
    0xff,0x79,0xce,0xff,0x79,0xce,0xff,0x79,0xce,0xff,0x79,0xce,0xff,0x1c,0xe7,0xff,
    0xff,0xff,0xff,0x3c,0xff,0xff,0xff,0xa4,0xfb,0xde,0xff,0x79,0xce,0xff,0x79,0xce,
    0xff,0x79,0xce,0xff,0x79,0xce,0xff,0x79,0xce,0xff,0x79,0xce,0xff,0x79,0xce,0xff,
    0x79,0xce,0xff,0x79,0xce,0xff,0x79,0xce,0xff,0x79,0xce,0xff,0x79,0xce,0xff,0x1c,
    0xe7,0xff,0xff,0xff,0xff,0xff,0xff,0xff,0xff,0xff,0xff,0xff,0xff,0xff,0xff,0xff,
    0xff,0xff,0xff,0xff,0xff,0xff,0xff,0xff,0xff,0xff,0xff,0xff,0xff,0x7d,0xef,0xff,
    0x75,0xad,0xff,0x55,0xad,0xff,0x55,0xad,0xff,0x55,0xad,0xff,0x55,0xad,0xff,0x55,
    0xad,0xff,0x55,0xad,0xff,0x55,0xad,0xff,0x55,0xad,0xff,0x55,0xad,0xff,0x59,0xce,
    0xff,0xff,0xff,0xff,0x2e,0xff,0xff,0xff,0x90,0x92,0xfc,0xff,0x20,0xf8,0xff,0x20,
    0xf8,0xff,0x20,0xf8,0xff,0x20,0xf8,0xff,0x20,0xf8,0xff,0x20,0xf8,0xff,0x20,0xf8,
    0xff,0x20,0xf8,0xff,0x20,0xf8,0xff,0x20,0xf8,0xff,0x20,0xf8,0xff,0x20,0xf8,0xff,
    0x20,0xf8,0xff,0x10,0xfc,0xff,0xff,0xff,0xff,0x2e,0xff,0xff,0xff,0xa6,0x6d,0xfc,
    0xff,0xe0,0xf9,0xff,0xe0,0xf9,0xff,0xe0,0xf9,0xff,0xe0,0xf9,0xff,0xe0,0xf9,0xff,
    0xe0,0xf9,0xff,0xe0,0xf9,0xff,0xe0,0xf9,0xff,0xe0,0xf9,0xff,0x62,0xfa,0xff,0x3b,
    0xff,0xff,0xff,0xff,0xff,0xff,0xff,0xff,0xff,0xff,0xff,0xff,0xff,0xff,0xff,0xff,
    0xff,0xff,0xff,0xff,0xff,0xff,0xff,0xff,0xff,0xff,0xff,0xff,0xff,0xff,0xff,0xff,
    0x3c,0xe7,0xff,0x79,0xce,0xff,0x79,0xce,0xff,0x79,0xce,0xff,0x79,0xce,0xff,0x79,
    0xce,0xff,0x79,0xce,0xff,0x79,0xce,0xff,0x79,0xce,0xff,0x79,0xce,0xff,0x79,0xce,
    0xff,0x79,0xce,0xff,0x79,0xce,0xff,0xdb,0xde,0xff,0xdf,0xff,0xff,0xff,0xff,0xff,
    0x38,0xff,0xff,0xff,0xa7,0xdf,0xff,0xff,0xba,0xd6,0xff,0x79,0xce,0xff,0x79,0xce,
    0xff,0x79,0xce,0xff,0x79,0xce,0xff,0x79,0xce,0xff,0x79,0xce,0xff,0x79,0xce,0xff,
    0x79,0xce,0xff,0x79,0xce,0xff,0x79,0xce,0xff,0x79,0xce,0xff,0x79,0xce,0xff,0x7d,
    0xef,0xff,0xff,0xff,0xff,0xff,0xff,0xff,0xff,0xff,0xff,0xff,0xff,0xff,0xff,0xff,
    0xff,0xff,0xff,0xff,0xff,0xff,0xff,0xff,0xff,0xff,0xff,0xff,0xff,0xff,0xff,0xff,
    0xf7,0xbd,0xff,0x55,0xad,0xff,0x55,0xad,0xff,0x55,0xad,0xff,0x55,0xad,0xff,0x55,
    0xad,0xff,0x55,0xad,0xff,0x55,0xad,0xff,0x55,0xad,0xff,0x55,0xad,0xff,0x55,0xad,
    0xff,0x55,0xad,0xff,0x1c,0xe7,0xff,0xff,0xff,0xff,0x2d,0xff,0xff,0xff,0x90,0x92,
    0xfc,0xff,0x20,0xf8,0xff,0x20,0xf8,0xff,0x20,0xf8,0xff,0x20,0xf8,0xff,0x20,0xf8,
    0xff,0x20,0xf8,0xff,0x20,0xf8,0xff,0x20,0xf8,0xff,0x20,0xf8,0xff,0x20,0xf8,0xff,
    0x20,0xf8,0xff,0x20,0xf8,0xff,0x20,0xf8,0xff,0x10,0xfc,0xff,0xff,0xff,0xff,0x2d,
    0xff,0xff,0xff,0xa8,0x56,0xfe,0xff,0xe0,0xf9,0xff,0xe0,0xf9,0xff,0xe0,0xf9,0xff,
    0xe0,0xf9,0xff,0xe0,0xf9,0xff,0xe0,0xf9,0xff,0xe0,0xf9,0xff,0xe0,0xf9,0xff,0xe0,
    0xf9,0xff,0xe0,0xf9,0xff,0xe0,0xf9,0xff,0x47,0xfb,0xff,0xff,0xff,0xff,0xff,0xff,
    0xff,0xff,0xff,0xff,0xff,0xff,0xff,0xff,0xff,0xff,0xff,0xff,0xff,0xff,0xff,0xff,
    0xff,0xff,0xff,0xff,0xff,0xff,0xff,0xff,0xff,0xff,0xff,0xff,0x9e,0xf7,0xff,0x9a,
    0xd6,0xff,0x79,0xce,0xff,0x79,0xce,0xff,0x79,0xce,0xff,0x79,0xce,0xff,0x79,0xce,
    0xff,0x79,0xce,0xff,0x79,0xce,0xff,0x79,0xce,0xff,0x79,0xce,0xff,0x79,0xce,0xff,
    0x79,0xce,0xff,0x9a,0xd6,0xff,0xbe,0xf7,0xff,0xff,0xff,0xff,0x36,0xff,0xff,0xff,
    0xa8,0xbe,0xf7,0xff,0x9a,0xd6,0xff,0x79,0xce,0xff,0x79,0xce,0xff,0x79,0xce,0xff,
    0x79,0xce,0xff,0x79,0xce,0xff,0x79,0xce,0xff,0x79,0xce,0xff,0x79,0xce,0xff,0x79,
    0xce,0xff,0x79,0xce,0xff,0x79,0xce,0xff,0xdb,0xde,0xff,0xdf,0xff,0xff,0xff,0xff,
    0xff,0xff,0xff,0xff,0xff,0xff,0xff,0xff,0xff,0xff,0xff,0xff,0xff,0xff,0xff,0xff,
    0xff,0xff,0xff,0xff,0xff,0xff,0xff,0xff,0xff,0xff,0xff,0xff,0x3c,0xe7,0xff,0x55,
    0xad,0xff,0x55,0xad,0xff,0x55,0xad,0xff,0x55,0xad,0xff,0x55,0xad,0xff,0x55,0xad,
    0xff,0x55,0xad,0xff,0x55,0xad,0xff,0x55,0xad,0xff,0x55,0xad,0xff,0x55,0xad,0xff,
    0x55,0xad,0xff,0xb6,0xb5,0xff,0xff,0xff,0xff,0x2d,0xff,0xff,0xff,0x90,0x92,0xfc,
    0xff,0x20,0xf8,0xff,0x20,0xf8,0xff,0x20,0xf8,0xff,0x20,0xf8,0xff,0x20,0xf8,0xff,
    0x20,0xf8,0xff,0x20,0xf8,0xff,0x20,0xf8,0xff,0x20,0xf8,0xff,0x20,0xf8,0xff,0x20,
    0xf8,0xff,0x20,0xf8,0xff,0x20,0xf8,0xff,0x10,0xfc,0xff,0xff,0xff,0xff,0x2c,0xff,
    0xff,0xff,0xaa,0xdf,0xff,0xff,0xc5,0xfa,0xff,0xe0,0xf9,0xff,0xe0,0xf9,0xff,0xe0,
    0xf9,0xff,0xe0,0xf9,0xff,0xe0,0xf9,0xff,0xe0,0xf9,0xff,0xe0,0xf9,0xff,0xe0,0xf9,
    0xff,0xe0,0xf9,0xff,0xe0,0xf9,0xff,0xe0,0xf9,0xff,0xe0,0xf9,0xff,0xb9,0xfe,0xff,
    0xff,0xff,0xff,0xff,0xff,0xff,0xff,0xff,0xff,0xff,0xff,0xff,0xff,0xff,0xff,0xff,
    0xff,0xff,0xff,0xff,0xff,0xff,0xff,0xff,0xff,0xff,0xff,0xff,0xff,0xff,0xff,0xff,
    0xff,0xff,0xff,0xff,0xfb,0xde,0xff,0x79,0xce,0xff,0x79,0xce,0xff,0x79,0xce,0xff,
    0x79,0xce,0xff,0x79,0xce,0xff,0x79,0xce,0xff,0x79,0xce,0xff,0x79,0xce,0xff,0x79,
    0xce,0xff,0x79,0xce,0xff,0x79,0xce,0xff,0x79,0xce,0xff,0x9e,0xf7,0xff,0xff,0xff,
    0xff,0x34,0xff,0xff,0xff,0xaa,0xbe,0xf7,0xff,0x9a,0xd6,0xff,0x79,0xce,0xff,0x79,
    0xce,0xff,0x79,0xce,0xff,0x79,0xce,0xff,0x79,0xce,0xff,0x79,0xce,0xff,0x79,0xce,
    0xff,0x79,0xce,0xff,0x79,0xce,0xff,0x79,0xce,0xff,0x79,0xce,0xff,0x1c,0xe7,0xff,
    0xff,0xff,0xff,0xff,0xff,0xff,0xff,0xff,0xff,0xff,0xff,0xff,0xff,0xff,0xff,0xff,
    0xff,0xff,0xff,0xff,0xff,0xff,0xff,0xff,0xff,0xff,0xff,0xff,0xff,0xff,0xff,0xff,
    0xff,0xff,0xff,0xff,0x79,0xce,0xff,0x55,0xad,0xff,0x55,0xad,0xff,0x55,0xad,0xff,
    0x55,0xad,0xff,0x55,0xad,0xff,0x55,0xad,0xff,0x55,0xad,0xff,0x55,0xad,0xff,0x55,
    0xad,0xff,0x55,0xad,0xff,0x55,0xad,0xff,0x55,0xad,0xff,0x55,0xad,0xff,0xba,0xd6,
    0xff,0xff,0xff,0xff,0x2c,0xff,0xff,0xff,0x90,0x92,0xfc,0xff,0x20,0xf8,0xff,0x20,
    0xf8,0xff,0x20,0xf8,0xff,0x20,0xf8,0xff,0x20,0xf8,0xff,0x20,0xf8,0xff,0x20,0xf8,
    0xff,0x20,0xf8,0xff,0x20,0xf8,0xff,0x20,0xf8,0xff,0x20,0xf8,0xff,0x20,0xf8,0xff,
    0x20,0xf8,0xff,0x10,0xfc,0xff,0xff,0xff,0xff,0x2c,0xff,0xff,0xff,0xab,0x30,0xfd,
    0xff,0xe0,0xf9,0xff,0xe0,0xf9,0xff,0xe0,0xf9,0xff,0xe0,0xf9,0xff,0xe0,0xf9,0xff,
    0xe0,0xf9,0xff,0xe0,0xf9,0xff,0xe0,0xf9,0xff,0xe0,0xf9,0xff,0xe0,0xf9,0xff,0xe0,
    0xf9,0xff,0xe0,0xf9,0xff,0xe0,0xf9,0xff,0xae,0xfc,0xff,0xff,0xff,0xff,0xff,0xff,
    0xff,0xff,0xff,0xff,0xff,0xff,0xff,0xff,0xff,0xff,0xff,0xff,0xff,0xff,0xff,0xff,
    0xff,0xff,0xff,0xff,0xff,0xff,0xff,0xff,0xff,0xff,0xff,0xff,0xff,0xff,0xff,0xff,
    0xff,0xff,0x5d,0xef,0xff,0x79,0xce,0xff,0x79,0xce,0xff,0x79,0xce,0xff,0x79,0xce,
    0xff,0x79,0xce,0xff,0x79,0xce,0xff,0x79,0xce,0xff,0x79,0xce,0xff,0x79,0xce,0xff,
    0x79,0xce,0xff,0x79,0xce,0xff,0x79,0xce,0xff,0x7d,0xef,0xff,0xff,0xff,0xff,0x34,
    0xff,0xff,0xff,0xaa,0xdf,0xff,0xff,0xfb,0xde,0xff,0x79,0xce,0xff,0x79,0xce,0xff,
    0x79,0xce,0xff,0x79,0xce,0xff,0x79,0xce,0xff,0x79,0xce,0xff,0x79,0xce,0xff,0x79,
    0xce,0xff,0x79,0xce,0xff,0x7d,0xef,0xff,0xff,0xff,0xff,0xff,0xff,0xff,0xff,0xff,
    0xff,0xff,0xff,0xff,0xff,0xff,0xff,0xff,0xff,0xff,0xff,0xff,0xff,0xff,0xff,0xff,
    0xff,0xff,0xff,0xff,0xff,0xff,0xff,0xff,0xff,0xff,0xff,0xff,0xff,0xff,0xff,0x38,
    0xc6,0xff,0x55,0xad,0xff,0x55,0xad,0xff,0x55,0xad,0xff,0x55,0xad,0xff,0x55,0xad,
    0xff,0x55,0xad,0xff,0x55,0xad,0xff,0x55,0xad,0xff,0x55,0xad,0xff,0x55,0xad,0xff,
    0x55,0xad,0xff,0x55,0xad,0xff,0x55,0xad,0xff,0x75,0xad,0xff,0xbe,0xf7,0xff,0xff,
    0xff,0xff,0x2b,0xff,0xff,0xff,0x90,0x92,0xfc,0xff,0x20,0xf8,0xff,0x20,0xf8,0xff,
    0x20,0xf8,0xff,0x20,0xf8,0xff,0x20,0xf8,0xff,0x20,0xf8,0xff,0x20,0xf8,0xff,0x20,
    0xf8,0xff,0x20,0xf8,0xff,0x20,0xf8,0xff,0x20,0xf8,0xff,0x20,0xf8,0xff,0x20,0xf8,
    0xff,0x10,0xfc,0xff,0xff,0xff,0xff,0x2b,0xff,0xff,0xff,0xad,0x7d,0xff,0xff,0x21,
    0xfa,0xff,0xe0,0xf9,0xff,0xe0,0xf9,0xff,0xe0,0xf9,0xff,0xe0,0xf9,0xff,0xe0,0xf9,
    0xff,0xe0,0xf9,0xff,0xe0,0xf9,0xff,0xe0,0xf9,0xff,0xe0,0xf9,0xff,0xe0,0xf9,0xff,
    0xe0,0xf9,0xff,0xe0,0xf9,0xff,0xe0,0xf9,0xff,0xea,0xfb,0xff,0xff,0xff,0xff,0xff,
    0xff,0xff,0xff,0xff,0xff,0xff,0xff,0xff,0xff,0xff,0xff,0xff,0xff,0xff,0xff,0xff,
    0xff,0xff,0xff,0xff,0xff,0xff,0xff,0xff,0xff,0xff,0xff,0xff,0xff,0xff,0xff,0xff,
    0xff,0xff,0xff,0xff,0xff,0xff,0x9e,0xf7,0xff,0x9a,0xd6,0xff,0x79,0xce,0xff,0x79,
    0xce,0xff,0x79,0xce,0xff,0x79,0xce,0xff,0x79,0xce,0xff,0x79,0xce,0xff,0x79,0xce,
    0xff,0x79,0xce,0xff,0x79,0xce,0xff,0x79,0xce,0xff,0x79,0xce,0xff,0x3c,0xe7,0xff,
    0xff,0xff,0xff,0x30,0xff,0xff,0xff,0xad,0xdf,0xff,0xff,0xff,0xff,0xff,0xff,0xff,
    0xff,0xff,0xff,0xff,0xff,0xff,0xff,0x1c,0xe7,0xff,0x79,0xce,0xff,0x79,0xce,0xff,
    0x79,0xce,0xff,0x79,0xce,0xff,0x79,0xce,0xff,0x79,0xce,0xff,0xba,0xd6,0xff,0xbe,
    0xf7,0xff,0xff,0xff,0xff,0xff,0xff,0xff,0xff,0xff,0xff,0xff,0xff,0xff,0xff,0xff,
    0xff,0xff,0xff,0xff,0xff,0xff,0xff,0xff,0xff,0xff,0xff,0xff,0xff,0xff,0xff,0xff,
    0xff,0xff,0xff,0xff,0xff,0xff,0xff,0xff,0xff,0xff,0xff,0xff,0x38,0xc6,0xff,0x55,
    0xad,0xff,0x55,0xad,0xff,0x55,0xad,0xff,0x55,0xad,0xff,0x55,0xad,0xff,0x55,0xad,
    0xff,0x55,0xad,0xff,0x55,0xad,0xff,0x55,0xad,0xff,0x55,0xad,0xff,0x55,0xad,0xff,
    0x55,0xad,0xff,0x55,0xad,0xff,0x55,0xad,0xff,0x59,0xce,0xff,0xff,0xff,0xff,0x2b,
    0xff,0xff,0xff,0x90,0x92,0xfc,0xff,0x20,0xf8,0xff,0x20,0xf8,0xff,0x20,0xf8,0xff,
    0x20,0xf8,0xff,0x20,0xf8,0xff,0x20,0xf8,0xff,0x20,0xf8,0xff,0x20,0xf8,0xff,0x20,
    0xf8,0xff,0x20,0xf8,0xff,0x20,0xf8,0xff,0x20,0xf8,0xff,0x20,0xf8,0xff,0x10,0xfc,
    0xff,0xff,0xff,0xff,0x2b,0xff,0xff,0xff,0xae,0x4c,0xfc,0xff,0xe0,0xf9,0xff,0xe0,
    0xf9,0xff,0xe0,0xf9,0xff,0xe0,0xf9,0xff,0xe0,0xf9,0xff,0xe0,0xf9,0xff,0xe0,0xf9,
    0xff,0xe0,0xf9,0xff,0xe0,0xf9,0xff,0xe0,0xf9,0xff,0xe0,0xf9,0xff,0xe0,0xf9,0xff,
    0xe0,0xf9,0xff,0xe0,0xf9,0xff,0xea,0xfb,0xff,0xff,0xff,0xff,0xff,0xff,0xff,0xff,
    0xff,0xff,0xff,0xff,0xff,0xff,0xff,0xff,0xff,0xff,0xff,0xff,0xff,0xff,0xff,0xff,
    0xff,0xff,0xff,0xff,0xff,0xff,0xff,0xff,0xff,0xff,0xff,0xff,0xff,0xff,0xff,0xff,
    0xff,0xff,0xff,0xff,0xff,0xff,0xdf,0xff,0xff,0xdb,0xde,0xff,0x79,0xce,0xff,0x79,
    0xce,0xff,0x79,0xce,0xff,0x79,0xce,0xff,0x79,0xce,0xff,0x79,0xce,0xff,0x79,0xce,
    0xff,0x79,0xce,0xff,0x79,0xce,0xff,0x79,0xce,0xff,0x79,0xce,0xff,0x1c,0xe7,0xff,
    0xff,0xff,0xff,0x2d,0xff,0xff,0xff,0xb0,0xfb,0xde,0xff,0x59,0xce,0xff,0x38,0xc6,
    0xff,0x59,0xce,0xff,0xfb,0xde,0xff,0xdf,0xff,0xff,0xff,0xff,0xff,0xff,0xff,0xff,
    0xdb,0xde,0xff,0x79,0xce,0xff,0x79,0xce,0xff,0x79,0xce,0xff,0x79,0xce,0xff,0xdb,
    0xde,0xff,0xff,0xff,0xff,0xff,0xff,0xff,0xff,0xff,0xff,0xff,0xff,0xff,0xff,0xff,
    0xff,0xff,0xff,0xff,0xff,0xff,0xff,0xff,0xff,0xff,0xff,0xff,0xff,0xff,0xff,0xff,
    0xff,0xff,0xff,0xff,0xff,0xff,0xff,0xff,0xff,0xff,0xff,0xff,0xff,0xff,0xff,0xff,
    0xff,0xff,0xba,0xd6,0xff,0x55,0xad,0xff,0x55,0xad,0xff,0x55,0xad,0xff,0x55,0xad,
    0xff,0x55,0xad,0xff,0x55,0xad,0xff,0x55,0xad,0xff,0x55,0xad,0xff,0x55,0xad,0xff,
    0x55,0xad,0xff,0x55,0xad,0xff,0x55,0xad,0xff,0x55,0xad,0xff,0x55,0xad,0xff,0x55,
    0xad,0xff,0x7d,0xef,0xff,0xff,0xff,0xff,0x2a,0xff,0xff,0xff,0x90,0x92,0xfc,0xff,
    0x20,0xf8,0xff,0x20,0xf8,0xff,0x20,0xf8,0xff,0x20,0xf8,0xff,0x20,0xf8,0xff,0x20,
    0xf8,0xff,0x20,0xf8,0xff,0x20,0xf8,0xff,0x20,0xf8,0xff,0x20,0xf8,0xff,0x20,0xf8,
    0xff,0x20,0xf8,0xff,0x20,0xf8,0xff,0x10,0xfc,0xff,0xff,0xff,0xff,0x2a,0xff,0xff,
    0xff,0xb0,0xda,0xfe,0xff,0xe0,0xf9,0xff,0xe0,0xf9,0xff,0xe0,0xf9,0xff,0xe0,0xf9,
    0xff,0xe0,0xf9,0xff,0xe0,0xf9,0xff,0xe0,0xf9,0xff,0xe0,0xf9,0xff,0xe0,0xf9,0xff,
    0xe0,0xf9,0xff,0xe0,0xf9,0xff,0xe0,0xf9,0xff,0xe0,0xf9,0xff,0xe0,0xf9,0xff,0xe0,
    0xf9,0xff,0xcf,0xfc,0xff,0xff,0xff,0xff,0xff,0xff,0xff,0xff,0xff,0xff,0xff,0xff,
    0xff,0xff,0xff,0xff,0xff,0xff,0xff,0xff,0xff,0xff,0xff,0xff,0xff,0xff,0xff,0xff,
    0xff,0xff,0xff,0xff,0xff,0xff,0xff,0xff,0xff,0xff,0xff,0xff,0xff,0xff,0xff,0xff,
    0xff,0xff,0xff,0xff,0xff,0xff,0xff,0xff,0x1c,0xe7,0xff,0x79,0xce,0xff,0x79,0xce,
    0xff,0x79,0xce,0xff,0x79,0xce,0xff,0x79,0xce,0xff,0x79,0xce,0xff,0x79,0xce,0xff,
    0x79,0xce,0xff,0x79,0xce,0xff,0x79,0xce,0xff,0x79,0xce,0xff,0x1c,0xe7,0xff,0xff,
    0xff,0xff,0x2b,0xff,0xff,0xff,0xb1,0x9a,0xd6,0xff,0x38,0xc6,0xff,0x38,0xc6,0xff,
    0x38,0xc6,0xff,0x38,0xc6,0xff,0x38,0xc6,0xff,0x79,0xce,0xff,0xff,0xff,0xff,0xff,
    0xff,0xff,0xbe,0xf7,0xff,0x79,0xce,0xff,0x79,0xce,0xff,0x79,0xce,0xff,0x1c,0xe7,
    0xff,0xff,0xff,0xff,0xff,0xff,0xff,0xff,0xff,0xff,0xff,0xff,0xff,0xff,0xff,0xff,
    0xff,0xff,0xff,0xff,0xff,0xff,0xff,0xff,0xff,0xff,0xff,0xff,0xff,0xff,0xff,0xff,
    0xff,0xff,0xff,0xff,0xff,0xff,0xff,0xff,0xff,0xff,0xff,0xff,0xff,0xff,0xff,0xff,
    0xff,0xff,0xff,0xff,0x9e,0xf7,0xff,0x55,0xad,0xff,0x55,0xad,0xff,0x55,0xad,0xff,
    0x55,0xad,0xff,0x55,0xad,0xff,0x55,0xad,0xff,0x55,0xad,0xff,0x55,0xad,0xff,0x55,
    0xad,0xff,0x55,0xad,0xff,0x55,0xad,0xff,0x55,0xad,0xff,0x55,0xad,0xff,0x55,0xad,
    0xff,0x55,0xad,0xff,0xf7,0xbd,0xff,0xff,0xff,0xff,0x2a,0xff,0xff,0xff,0x90,0x92,
    0xfc,0xff,0x20,0xf8,0xff,0x20,0xf8,0xff,0x20,0xf8,0xff,0x20,0xf8,0xff,0x20,0xf8,
    0xff,0x20,0xf8,0xff,0x20,0xf8,0xff,0x20,0xf8,0xff,0x20,0xf8,0xff,0x20,0xf8,0xff,
    0x20,0xf8,0xff,0x20,0xf8,0xff,0x20,0xf8,0xff,0x10,0xfc,0xff,0xff,0xff,0xff,0x2a,
    0xff,0xff,0xff,0x92,0x47,0xfb,0xff,0xe0,0xf9,0xff,0xe0,0xf9,0xff,0xe0,0xf9,0xff,
    0xe0,0xf9,0xff,0xe0,0xf9,0xff,0xe0,0xf9,0xff,0xe0,0xf9,0xff,0xe0,0xf9,0xff,0xe0,
    0xf9,0xff,0xe0,0xf9,0xff,0xe0,0xf9,0xff,0xe0,0xf9,0xff,0xe0,0xf9,0xff,0xe0,0xf9,
    0xff,0xe0,0xf9,0xff,0xb9,0xfe,0xff,0xff,0xff,0xff,0x11,0xff,0xff,0xff,0x8e,0x5d,
    0xef,0xff,0x79,0xce,0xff,0x79,0xce,0xff,0x79,0xce,0xff,0x79,0xce,0xff,0x79,0xce,
    0xff,0x79,0xce,0xff,0x79,0xce,0xff,0x79,0xce,0xff,0x79,0xce,0xff,0x79,0xce,0xff,
    0x79,0xce,0xff,0xfb,0xde,0xff,0xff,0xff,0xff,0x29,0xff,0xff,0xff,0x8f,0x3c,0xe7,
    0xff,0x38,0xc6,0xff,0x38,0xc6,0xff,0x38,0xc6,0xff,0x38,0xc6,0xff,0x38,0xc6,0xff,
    0x38,0xc6,0xff,0x38,0xc6,0xff,0x1c,0xe7,0xff,0xff,0xff,0xff,0xff,0xff,0xff,0xba,
    0xd6,0xff,0x79,0xce,0xff,0x5d,0xef,0xff,0xff,0xff,0xff,0x12,0xff,0xff,0xff,0x92,
    0x38,0xc6,0xff,0x55,0xad,0xff,0x55,0xad,0xff,0x55,0xad,0xff,0x55,0xad,0xff,0x55,
    0xad,0xff,0x55,0xad,0xff,0x55,0xad,0xff,0x55,0xad,0xff,0x55,0xad,0xff,0x55,0xad,
    0xff,0x55,0xad,0xff,0x55,0xad,0xff,0x55,0xad,0xff,0x55,0xad,0xff,0x55,0xad,0xff,
    0xfb,0xde,0xff,0xff,0xff,0xff,0x29,0xff,0xff,0xff,0x90,0x92,0xfc,0xff,0x20,0xf8,
    0xff,0x20,0xf8,0xff,0x20,0xf8,0xff,0x20,0xf8,0xff,0x20,0xf8,0xff,0x20,0xf8,0xff,
    0x20,0xf8,0xff,0x20,0xf8,0xff,0x20,0xf8,0xff,0x20,0xf8,0xff,0x20,0xf8,0xff,0x20,
    0xf8,0xff,0x20,0xf8,0xff,0x10,0xfc,0xff,0xff,0xff,0xff,0x29,0xff,0xff,0xff,0x92,
    0xd4,0xfd,0xff,0xe0,0xf9,0xff,0xe0,0xf9,0xff,0xe0,0xf9,0xff,0xe0,0xf9,0xff,0xe0,
    0xf9,0xff,0xe0,0xf9,0xff,0xe0,0xf9,0xff,0xe0,0xf9,0xff,0xe0,0xf9,0xff,0xe0,0xf9,
    0xff,0xe0,0xf9,0xff,0xe0,0xf9,0xff,0xe0,0xf9,0xff,0xe0,0xf9,0xff,0xe0,0xf9,0xff,
    0xa9,0xfb,0xff,0xff,0xff,0xff,0x13,0xff,0xff,0xff,0x8e,0x9e,0xf7,0xff,0x79,0xce,
    0xff,0x79,0xce,0xff,0x79,0xce,0xff,0x79,0xce,0xff,0x79,0xce,0xff,0x79,0xce,0xff,
    0x79,0xce,0xff,0x79,0xce,0xff,0x79,0xce,0xff,0x79,0xce,0xff,0x79,0xce,0xff,0xdb,
    0xde,0xff,0xff,0xff,0xff,0x28,0xff,0xff,0xff,0x8e,0x9a,0xd6,0xff,0x38,0xc6,0xff,
    0x38,0xc6,0xff,0x38,0xc6,0xff,0x38,0xc6,0xff,0x38,0xc6,0xff,0x38,0xc6,0xff,0x38,
    0xc6,0xff,0x79,0xce,0xff,0xff,0xff,0xff,0xff,0xff,0xff,0xfb,0xde,0xff,0x9e,0xf7,
    0xff,0xff,0xff,0xff,0x13,0xff,0xff,0xff,0x93,0x9e,0xf7,0xff,0x55,0xad,0xff,0x55,
    0xad,0xff,0x55,0xad,0xff,0x55,0xad,0xff,0x55,0xad,0xff,0x55,0xad,0xff,0x55,0xad,
    0xff,0x55,0xad,0xff,0x55,0xad,0xff,0x55,0xad,0xff,0x55,0xad,0xff,0x55,0xad,0xff,
    0x55,0xad,0xff,0x55,0xad,0xff,0x55,0xad,0xff,0xb6,0xb5,0xff,0xdf,0xff,0xff,0xff,
    0xff,0xff,0x28,0xff,0xff,0xff,0x90,0x92,0xfc,0xff,0x20,0xf8,0xff,0x20,0xf8,0xff,
    0x20,0xf8,0xff,0x20,0xf8,0xff,0x20,0xf8,0xff,0x20,0xf8,0xff,0x20,0xf8,0xff,0x20,
    0xf8,0xff,0x20,0xf8,0xff,0x20,0xf8,0xff,0x20,0xf8,0xff,0x20,0xf8,0xff,0x20,0xf8,
    0xff,0x10,0xfc,0xff,0xff,0xff,0xff,0x28,0xff,0xff,0xff,0x93,0xdf,0xff,0xff,0x83,
    0xfa,0xff,0xe0,0xf9,0xff,0xe0,0xf9,0xff,0xe0,0xf9,0xff,0xe0,0xf9,0xff,0xe0,0xf9,
    0xff,0xe0,0xf9,0xff,0xe0,0xf9,0xff,0xe0,0xf9,0xff,0xe0,0xf9,0xff,0xe0,0xf9,0xff,
    0xe0,0xf9,0xff,0xe0,0xf9,0xff,0xe0,0xf9,0xff,0xe0,0xf9,0xff,0xe0,0xf9,0xff,0xfa,
    0xfe,0xff,0xff,0xff,0xff,0x14,0xff,0xff,0xff,0x8e,0xbe,0xf7,0xff,0x9a,0xd6,0xff,
    0x79,0xce,0xff,0x79,0xce,0xff,0x79,0xce,0xff,0x79,0xce,0xff,0x79,0xce,0xff,0x79,
    0xce,0xff,0x79,0xce,0xff,0x79,0xce,0xff,0x79,0xce,0xff,0x79,0xce,0xff,0xdb,0xde,
    0xff,0xff,0xff,0xff,0x27,0xff,0xff,0xff,0x8d,0x79,0xce,0xff,0x38,0xc6,0xff,0x38,
    0xc6,0xff,0x38,0xc6,0xff,0x38,0xc6,0xff,0x38,0xc6,0xff,0x38,0xc6,0xff,0x38,0xc6,
    0xff,0x59,0xce,0xff,0xff,0xff,0xff,0xff,0xff,0xff,0xdf,0xff,0xff,0xff,0xff,0xff,
    0x15,0xff,0xff,0xff,0x92,0x9a,0xd6,0xff,0x55,0xad,0xff,0x55,0xad,0xff,0x55,0xad,
    0xff,0x55,0xad,0xff,0x55,0xad,0xff,0x55,0xad,0xff,0x55,0xad,0xff,0x55,0xad,0xff,
    0x55,0xad,0xff,0x55,0xad,0xff,0x55,0xad,0xff,0x55,0xad,0xff,0x55,0xad,0xff,0x55,
    0xad,0xff,0x55,0xad,0xff,0x9a,0xd6,0xff,0xff,0xff,0xff,0x28,0xff,0xff,0xff,0x90,
    0x92,0xfc,0xff,0x20,0xf8,0xff,0x20,0xf8,0xff,0x20,0xf8,0xff,0x20,0xf8,0xff,0x20,
    0xf8,0xff,0x20,0xf8,0xff,0x20,0xf8,0xff,0x20,0xf8,0xff,0x20,0xf8,0xff,0x20,0xf8,
    0xff,0x20,0xf8,0xff,0x20,0xf8,0xff,0x20,0xf8,0xff,0x10,0xfc,0xff,0xff,0xff,0xff,
    0x28,0xff,0xff,0xff,0x92,0x10,0xfd,0xff,0xe0,0xf9,0xff,0xe0,0xf9,0xff,0xe0,0xf9,
    0xff,0xe0,0xf9,0xff,0xe0,0xf9,0xff,0xe0,0xf9,0xff,0xe0,0xf9,0xff,0xe0,0xf9,0xff,
    0xe0,0xf9,0xff,0xe0,0xf9,0xff,0xe0,0xf9,0xff,0xe0,0xf9,0xff,0xe0,0xf9,0xff,0xe0,
    0xf9,0xff,0xe0,0xf9,0xff,0x8d,0xfc,0xff,0xff,0xff,0xff,0x16,0xff,0xff,0xff,0x8e,
    0xdf,0xff,0xff,0xba,0xd6,0xff,0x79,0xce,0xff,0x79,0xce,0xff,0x79,0xce,0xff,0x79,
    0xce,0xff,0x79,0xce,0xff,0x79,0xce,0xff,0x79,0xce,0xff,0x79,0xce,0xff,0x79,0xce,
    0xff,0x79,0xce,0xff,0xdb,0xde,0xff,0xff,0xff,0xff,0x26,0xff,0xff,0xff,0x8a,0xdb,
    0xde,0xff,0x38,0xc6,0xff,0x38,0xc6,0xff,0x38,0xc6,0xff,0x38,0xc6,0xff,0x38,0xc6,
    0xff,0x38,0xc6,0xff,0x38,0xc6,0xff,0xba,0xd6,0xff,0xff,0xff,0xff,0x18,0xff,0xff,
    0xff,0x93,0xdf,0xff,0xff,0x96,0xb5,0xff,0x55,0xad,0xff,0x55,0xad,0xff,0x55,0xad,
    0xff,0x55,0xad,0xff,0x55,0xad,0xff,0x55,0xad,0xff,0x55,0xad,0xff,0x55,0xad,0xff,
    0x55,0xad,0xff,0x55,0xad,0xff,0x55,0xad,0xff,0x55,0xad,0xff,0x55,0xad,0xff,0x55,
    0xad,0xff,0x75,0xad,0xff,0xbe,0xf7,0xff,0xff,0xff,0xff,0x27,0xff,0xff,0xff,0x90,
    0x92,0xfc,0xff,0x20,0xf8,0xff,0x20,0xf8,0xff,0x20,0xf8,0xff,0x20,0xf8,0xff,0x20,
    0xf8,0xff,0x20,0xf8,0xff,0x20,0xf8,0xff,0x20,0xf8,0xff,0x20,0xf8,0xff,0x20,0xf8,
    0xff,0x20,0xf8,0xff,0x20,0xf8,0xff,0x20,0xf8,0xff,0x10,0xfc,0xff,0xff,0xff,0xff,
    0x27,0xff,0xff,0xff,0x93,0x5c,0xff,0xff,0x21,0xfa,0xff,0xe0,0xf9,0xff,0xe0,0xf9,
    0xff,0xe0,0xf9,0xff,0xe0,0xf9,0xff,0xe0,0xf9,0xff,0xe0,0xf9,0xff,0xe0,0xf9,0xff,
    0xe0,0xf9,0xff,0xe0,0xf9,0xff,0xe0,0xf9,0xff,0xe0,0xf9,0xff,0xe0,0xf9,0xff,0xe0,
    0xf9,0xff,0xe0,0xf9,0xff,0x62,0xfa,0xff,0x9d,0xff,0xff,0xff,0xff,0xff,0x17,0xff,
    0xff,0xff,0x8e,0xdf,0xff,0xff,0xba,0xd6,0xff,0x79,0xce,0xff,0x79,0xce,0xff,0x79,
    0xce,0xff,0x79,0xce,0xff,0x79,0xce,0xff,0x79,0xce,0xff,0x79,0xce,0xff,0x79,0xce,
    0xff,0x79,0xce,0xff,0x79,0xce,0xff,0xfb,0xde,0xff,0xff,0xff,0xff,0x22,0xff,0xff,
    0xff,0x8d,0x3c,0xe7,0xff,0xff,0xff,0xff,0xff,0xff,0xff,0x9e,0xf7,0xff,0x38,0xc6,
    0xff,0x38,0xc6,0xff,0x38,0xc6,0xff,0x38,0xc6,0xff,0x38,0xc6,0xff,0x38,0xc6,0xff,
    0x38,0xc6,0xff,0x7d,0xef,0xff,0xff,0xff,0xff,0x19,0xff,0xff,0xff,0x92,0xfb,0xde,
    0xff,0x55,0xad,0xff,0x55,0xad,0xff,0x55,0xad,0xff,0x55,0xad,0xff,0x55,0xad,0xff,
    0x55,0xad,0xff,0x55,0xad,0xff,0x55,0xad,0xff,0x55,0xad,0xff,0x55,0xad,0xff,0x55,
    0xad,0xff,0x55,0xad,0xff,0x55,0xad,0xff,0x55,0xad,0xff,0x55,0xad,0xff,0x38,0xc6,
    0xff,0xff,0xff,0xff,0x27,0xff,0xff,0xff,0x90,0x92,0xfc,0xff,0x20,0xf8,0xff,0x20,
    0xf8,0xff,0x20,0xf8,0xff,0x20,0xf8,0xff,0x20,0xf8,0xff,0x20,0xf8,0xff,0x20,0xf8,
    0xff,0x20,0xf8,0xff,0x20,0xf8,0xff,0x20,0xf8,0xff,0x20,0xf8,0xff,0x20,0xf8,0xff,
    0x20,0xf8,0xff,0x10,0xfc,0xff,0xff,0xff,0xff,0x27,0xff,0xff,0xff,0x92,0xea,0xfb,
    0xff,0xe0,0xf9,0xff,0xe0,0xf9,0xff,0xe0,0xf9,0xff,0xe0,0xf9,0xff,0xe0,0xf9,0xff,
    0xe0,0xf9,0xff,0xe0,0xf9,0xff,0xe0,0xf9,0xff,0xe0,0xf9,0xff,0xe0,0xf9,0xff,0xe0,
    0xf9,0xff,0xe0,0xf9,0xff,0xe0,0xf9,0xff,0xe0,0xf9,0xff,0xe0,0xf9,0xff,0x92,0xfd,
    0xff,0xff,0xff,0xff,0x1a,0xff,0xff,0xff,0x8d,0xdb,0xde,0xff,0x79,0xce,0xff,0x79,
    0xce,0xff,0x79,0xce,0xff,0x79,0xce,0xff,0x79,0xce,0xff,0x79,0xce,0xff,0x79,0xce,
    0xff,0x79,0xce,0xff,0x79,0xce,0xff,0x79,0xce,0xff,0xfb,0xde,0xff,0xff,0xff,0xff,
    0x20,0xff,0xff,0xff,0x8d,0x5d,0xef,0xff,0x79,0xce,0xff,0x3c,0xe7,0xff,0xff,0xff,
    0xff,0xff,0xff,0xff,0x3c,0xe7,0xff,0x38,0xc6,0xff,0x38,0xc6,0xff,0x38,0xc6,0xff,
    0x38,0xc6,0xff,0x38,0xc6,0xff,0x1c,0xe7,0xff,0xff,0xff,0xff,0x1b,0xff,0xff,0xff,
    0x92,0xf7,0xbd,0xff,0x55,0xad,0xff,0x55,0xad,0xff,0x55,0xad,0xff,0x55,0xad,0xff,
    0x55,0xad,0xff,0x55,0xad,0xff,0x55,0xad,0xff,0x55,0xad,0xff,0x55,0xad,0xff,0x55,
    0xad,0xff,0x55,0xad,0xff,0x55,0xad,0xff,0x55,0xad,0xff,0x55,0xad,0xff,0x55,0xad,
    0xff,0x5d,0xef,0xff,0xff,0xff,0xff,0x26,0xff,0xff,0xff,0x90,0x92,0xfc,0xff,0x20,
    0xf8,0xff,0x20,0xf8,0xff,0x20,0xf8,0xff,0x20,0xf8,0xff,0x20,0xf8,0xff,0x20,0xf8,
    0xff,0x20,0xf8,0xff,0x20,0xf8,0xff,0x20,0xf8,0xff,0x20,0xf8,0xff,0x20,0xf8,0xff,
    0x20,0xf8,0xff,0x20,0xf8,0xff,0x10,0xfc,0xff,0xff,0xff,0xff,0x26,0xff,0xff,0xff,
    0x92,0xb9,0xfe,0xff,0xe0,0xf9,0xff,0xe0,0xf9,0xff,0xe0,0xf9,0xff,0xe0,0xf9,0xff,
    0xe0,0xf9,0xff,0xe0,0xf9,0xff,0xe0,0xf9,0xff,0xe0,0xf9,0xff,0xe0,0xf9,0xff,0xe0,
    0xf9,0xff,0xe0,0xf9,0xff,0xe0,0xf9,0xff,0xe0,0xf9,0xff,0xe0,0xf9,0xff,0xe0,0xf9,
    0xff,0xc5,0xfa,0xff,0xff,0xff,0xff,0x1c,0xff,0xff,0xff,0x8d,0xdb,0xde,0xff,0x79,
    0xce,0xff,0x79,0xce,0xff,0x79,0xce,0xff,0x79,0xce,0xff,0x79,0xce,0xff,0x79,0xce,
    0xff,0x79,0xce,0xff,0x79,0xce,0xff,0x79,0xce,0xff,0x79,0xce,0xff,0x1c,0xe7,0xff,
    0xff,0xff,0xff,0x1e,0xff,0xff,0xff,0x8d,0x7d,0xef,0xff,0x79,0xce,0xff,0x79,0xce,
    0xff,0x79,0xce,0xff,0xbe,0xf7,0xff,0xff,0xff,0xff,0xff,0xff,0xff,0xbe,0xf7,0xff,
    0xfb,0xde,0xff,0xdb,0xde,0xff,0xfb,0xde,0xff,0x9e,0xf7,0xff,0xff,0xff,0xff,0x1c,
    0xff,0xff,0xff,0x92,0x5d,0xef,0xff,0x55,0xad,0xff,0x55,0xad,0xff,0x55,0xad,0xff,
    0x55,0xad,0xff,0x55,0xad,0xff,0x55,0xad,0xff,0x55,0xad,0xff,0x55,0xad,0xff,0x55,
    0xad,0xff,0x55,0xad,0xff,0x55,0xad,0xff,0x55,0xad,0xff,0x55,0xad,0xff,0x55,0xad,
    0xff,0x55,0xad,0xff,0xf7,0xbd,0xff,0xff,0xff,0xff,0x26,0xff,0xff,0xff,0x90,0x92,
    0xfc,0xff,0x20,0xf8,0xff,0x20,0xf8,0xff,0x20,0xf8,0xff,0x20,0xf8,0xff,0x20,0xf8,
    0xff,0x20,0xf8,0xff,0x20,0xf8,0xff,0x20,0xf8,0xff,0x20,0xf8,0xff,0x20,0xf8,0xff,
    0x20,0xf8,0xff,0x20,0xf8,0xff,0x20,0xf8,0xff,0x10,0xfc,0xff,0xff,0xff,0xff,0x26,
    0xff,0xff,0xff,0x92,0x47,0xfb,0xff,0xe0,0xf9,0xff,0xe0,0xf9,0xff,0xe0,0xf9,0xff,
    0xe0,0xf9,0xff,0xe0,0xf9,0xff,0xe0,0xf9,0xff,0xe0,0xf9,0xff,0xe0,0xf9,0xff,0xe0,
    0xf9,0xff,0xe0,0xf9,0xff,0xe0,0xf9,0xff,0xe0,0xf9,0xff,0xe0,0xf9,0xff,0xe0,0xf9,
    0xff,0xe0,0xf9,0xff,0x56,0xfe,0xff,0xff,0xff,0xff,0x1d,0xff,0xff,0xff,0x8d,0xdb,
    0xde,0xff,0x79,0xce,0xff,0x79,0xce,0xff,0x79,0xce,0xff,0x79,0xce,0xff,0x79,0xce,
    0xff,0x79,0xce,0xff,0x79,0xce,0xff,0x79,0xce,0xff,0x79,0xce,0xff,0x79,0xce,0xff,
    0x3c,0xe7,0xff,0xff,0xff,0xff,0x1d,0xff,0xff,0xff,0x87,0x9a,0xd6,0xff,0x79,0xce,
    0xff,0x79,0xce,0xff,0x79,0xce,0xff,0x9a,0xd6,0xff,0xbe,0xf7,0xff,0xff,0xff,0xff,
    0x23,0xff,0xff,0xff,0x92,0x38,0xc6,0xff,0x55,0xad,0xff,0x55,0xad,0xff,0x55,0xad,
    0xff,0x55,0xad,0xff,0x55,0xad,0xff,0x55,0xad,0xff,0x55,0xad,0xff,0x55,0xad,0xff,
    0x55,0xad,0xff,0x55,0xad,0xff,0x55,0xad,0xff,0x55,0xad,0xff,0x55,0xad,0xff,0x55,
    0xad,0xff,0x55,0xad,0xff,0xfb,0xde,0xff,0xff,0xff,0xff,0x25,0xff,0xff,0xff,0x90,
    0x92,0xfc,0xff,0x20,0xf8,0xff,0x20,0xf8,0xff,0x20,0xf8,0xff,0x20,0xf8,0xff,0x20,
    0xf8,0xff,0x20,0xf8,0xff,0x20,0xf8,0xff,0x20,0xf8,0xff,0x20,0xf8,0xff,0x20,0xf8,
    0xff,0x20,0xf8,0xff,0x20,0xf8,0xff,0x20,0xf8,0xff,0x10,0xfc,0xff,0xff,0xff,0xff,
    0x25,0xff,0xff,0xff,0x92,0xd4,0xfd,0xff,0xe0,0xf9,0xff,0xe0,0xf9,0xff,0xe0,0xf9,
    0xff,0xe0,0xf9,0xff,0xe0,0xf9,0xff,0xe0,0xf9,0xff,0xe0,0xf9,0xff,0xe0,0xf9,0xff,
    0xe0,0xf9,0xff,0xe0,0xf9,0xff,0xe0,0xf9,0xff,0xe0,0xf9,0xff,0xe0,0xf9,0xff,0xe0,
    0xf9,0xff,0xe0,0xf9,0xff,0xa9,0xfb,0xff,0xff,0xff,0xff,0x1f,0xff,0xff,0xff,0x8c,
    0xdb,0xde,0xff,0x79,0xce,0xff,0x79,0xce,0xff,0x79,0xce,0xff,0x79,0xce,0xff,0x79,
    0xce,0xff,0x79,0xce,0xff,0x79,0xce,0xff,0x79,0xce,0xff,0x79,0xce,0xff,0x79,0xce,
    0xff,0xff,0xff,0xff,0x1d,0xff,0xff,0xff,0x89,0x79,0xce,0xff,0x79,0xce,0xff,0x79,
    0xce,0xff,0x79,0xce,0xff,0x79,0xce,0xff,0x79,0xce,0xff,0x1c,0xe7,0xff,0xbe,0xf7,
    0xff,0xff,0xff,0xff,0x21,0xff,0xff,0xff,0x93,0xbe,0xf7,0xff,0x75,0xad,0xff,0x55,
    0xad,0xff,0x55,0xad,0xff,0x55,0xad,0xff,0x55,0xad,0xff,0x55,0xad,0xff,0x55,0xad,
    0xff,0x55,0xad,0xff,0x55,0xad,0xff,0x55,0xad,0xff,0x55,0xad,0xff,0x55,0xad,0xff,
    0x55,0xad,0xff,0x55,0xad,0xff,0x55,0xad,0xff,0x96,0xb5,0xff,0xdf,0xff,0xff,0xff,
    0xff,0xff,0x24,0xff,0xff,0xff,0x90,0x92,0xfc,0xff,0x20,0xf8,0xff,0x20,0xf8,0xff,
    0x20,0xf8,0xff,0x20,0xf8,0xff,0x20,0xf8,0xff,0x20,0xf8,0xff,0x20,0xf8,0xff,0x20,
    0xf8,0xff,0x20,0xf8,0xff,0x20,0xf8,0xff,0x20,0xf8,0xff,0x20,0xf8,0xff,0x20,0xf8,
    0xff,0x10,0xfc,0xff,0xff,0xff,0xff,0x24,0xff,0xff,0xff,0x93,0xbe,0xff,0xff,0x62,
    0xfa,0xff,0xe0,0xf9,0xff,0xe0,0xf9,0xff,0xe0,0xf9,0xff,0xe0,0xf9,0xff,0xe0,0xf9,
    0xff,0xe0,0xf9,0xff,0xe0,0xf9,0xff,0xe0,0xf9,0xff,0xe0,0xf9,0xff,0xe0,0xf9,0xff,
    0xe0,0xf9,0xff,0xe0,0xf9,0xff,0xe0,0xf9,0xff,0xe0,0xf9,0xff,0x00,0xfa,0xff,0x3b,
    0xff,0xff,0xff,0xff,0xff,0x20,0xff,0xff,0xff,0x8c,0xdb,0xde,0xff,0x79,0xce,0xff,
    0x79,0xce,0xff,0x79,0xce,0xff,0x79,0xce,0xff,0x79,0xce,0xff,0x79,0xce,0xff,0x79,
    0xce,0xff,0x79,0xce,0xff,0x79,0xce,0xff,0xdf,0xff,0xff,0xff,0xff,0xff,0x1c,0xff,
    0xff,0xff,0x8a,0x79,0xce,0xff,0x79,0xce,0xff,0x79,0xce,0xff,0x79,0xce,0xff,0x79,
    0xce,0xff,0x79,0xce,0xff,0x79,0xce,0xff,0x79,0xce,0xff,0xba,0xd6,0xff,0xff,0xff,
    0xff,0x21,0xff,0xff,0xff,0x92,0xba,0xd6,0xff,0x55,0xad,0xff,0x55,0xad,0xff,0x55,
    0xad,0xff,0x55,0xad,0xff,0x55,0xad,0xff,0x55,0xad,0xff,0x55,0xad,0xff,0x55,0xad,
    0xff,0x55,0xad,0xff,0x55,0xad,0xff,0x55,0xad,0xff,0x55,0xad,0xff,0x55,0xad,0xff,
    0x55,0xad,0xff,0x55,0xad,0xff,0x79,0xce,0xff,0xff,0xff,0xff,0x24,0xff,0xff,0xff,
    0x90,0x92,0xfc,0xff,0x20,0xf8,0xff,0x20,0xf8,0xff,0x20,0xf8,0xff,0x20,0xf8,0xff,
    0x20,0xf8,0xff,0x20,0xf8,0xff,0x20,0xf8,0xff,0x20,0xf8,0xff,0x20,0xf8,0xff,0x20,
    0xf8,0xff,0x20,0xf8,0xff,0x20,0xf8,0xff,0x20,0xf8,0xff,0x10,0xfc,0xff,0xff,0xff,
    0xff,0x24,0xff,0xff,0xff,0x92,0xae,0xfc,0xff,0xe0,0xf9,0xff,0xe0,0xf9,0xff,0xe0,
    0xf9,0xff,0xe0,0xf9,0xff,0xe0,0xf9,0xff,0xe0,0xf9,0xff,0xe0,0xf9,0xff,0xe0,0xf9,
    0xff,0xe0,0xf9,0xff,0xe0,0xf9,0xff,0xe0,0xf9,0xff,0xe0,0xf9,0xff,0xe0,0xf9,0xff,
    0xe0,0xf9,0xff,0xe0,0xf9,0xff,0xae,0xfc,0xff,0xff,0xff,0xff,0x22,0xff,0xff,0xff,
    0x8b,0xdb,0xde,0xff,0x79,0xce,0xff,0x79,0xce,0xff,0x79,0xce,0xff,0x79,0xce,0xff,
    0x79,0xce,0xff,0x79,0xce,0xff,0x79,0xce,0xff,0x79,0xce,0xff,0xdf,0xff,0xff,0xff,
    0xff,0xff,0x1c,0xff,0xff,0xff,0x8a,0x79,0xce,0xff,0x79,0xce,0xff,0x79,0xce,0xff,
    0x79,0xce,0xff,0x79,0xce,0xff,0x79,0xce,0xff,0x79,0xce,0xff,0x9a,0xd6,0xff,0xdf,
    0xff,0xff,0xff,0xff,0xff,0x22,0xff,0xff,0xff,0x92,0xb6,0xb5,0xff,0x55,0xad,0xff,
    0x55,0xad,0xff,0x55,0xad,0xff,0x55,0xad,0xff,0x55,0xad,0xff,0x55,0xad,0xff,0x55,
    0xad,0xff,0x55,0xad,0xff,0x55,0xad,0xff,0x55,0xad,0xff,0x55,0xad,0xff,0x55,0xad,
    0xff,0x55,0xad,0xff,0x55,0xad,0xff,0x55,0xad,0xff,0x9e,0xf7,0xff,0xff,0xff,0xff,
    0x23,0xff,0xff,0xff,0x90,0x92,0xfc,0xff,0x20,0xf8,0xff,0x20,0xf8,0xff,0x20,0xf8,
    0xff,0x20,0xf8,0xff,0x20,0xf8,0xff,0x20,0xf8,0xff,0x20,0xf8,0xff,0x20,0xf8,0xff,
    0x20,0xf8,0xff,0x20,0xf8,0xff,0x20,0xf8,0xff,0x20,0xf8,0xff,0x20,0xf8,0xff,0x10,
    0xfc,0xff,0xff,0xff,0xff,0x23,0xff,0xff,0xff,0x93,0x3b,0xff,0xff,0x00,0xfa,0xff,
    0xe0,0xf9,0xff,0xe0,0xf9,0xff,0xe0,0xf9,0xff,0xe0,0xf9,0xff,0xe0,0xf9,0xff,0xe0,
    0xf9,0xff,0xe0,0xf9,0xff,0xe0,0xf9,0xff,0xe0,0xf9,0xff,0xe0,0xf9,0xff,0xe0,0xf9,
    0xff,0xe0,0xf9,0xff,0xe0,0xf9,0xff,0xe0,0xf9,0xff,0x62,0xfa,0xff,0xbe,0xff,0xff,
    0xff,0xff,0xff,0x23,0xff,0xff,0xff,0x89,0xba,0xd6,0xff,0x79,0xce,0xff,0x79,0xce,
    0xff,0x79,0xce,0xff,0x79,0xce,0xff,0x79,0xce,0xff,0x79,0xce,0xff,0x79,0xce,0xff,
    0xff,0xff,0xff,0x1d,0xff,0xff,0xff,0x89,0x1c,0xe7,0xff,0x79,0xce,0xff,0x79,0xce,
    0xff,0x79,0xce,0xff,0x79,0xce,0xff,0x79,0xce,0xff,0x9a,0xd6,0xff,0xdf,0xff,0xff,
    0xff,0xff,0xff,0x23,0xff,0xff,0xff,0x92,0x1c,0xe7,0xff,0x55,0xad,0xff,0x55,0xad,
    0xff,0x55,0xad,0xff,0x55,0xad,0xff,0x55,0xad,0xff,0x55,0xad,0xff,0x55,0xad,0xff,
    0x55,0xad,0xff,0x55,0xad,0xff,0x55,0xad,0xff,0x55,0xad,0xff,0x55,0xad,0xff,0x55,
    0xad,0xff,0x55,0xad,0xff,0x55,0xad,0xff,0x18,0xc6,0xff,0xff,0xff,0xff,0x23,0xff,
    0xff,0xff,0x90,0x92,0xfc,0xff,0x20,0xf8,0xff,0x20,0xf8,0xff,0x20,0xf8,0xff,0x20,
    0xf8,0xff,0x20,0xf8,0xff,0x20,0xf8,0xff,0x20,0xf8,0xff,0x20,0xf8,0xff,0x20,0xf8,
    0xff,0x20,0xf8,0xff,0x20,0xf8,0xff,0x20,0xf8,0xff,0x20,0xf8,0xff,0x10,0xfc,0xff,
    0xff,0xff,0xff,0x23,0xff,0xff,0xff,0x92,0xa9,0xfb,0xff,0xe0,0xf9,0xff,0xe0,0xf9,
    0xff,0xe0,0xf9,0xff,0xe0,0xf9,0xff,0xe0,0xf9,0xff,0xe0,0xf9,0xff,0xe0,0xf9,0xff,
    0xe0,0xf9,0xff,0xe0,0xf9,0xff,0xe0,0xf9,0xff,0xe0,0xf9,0xff,0xe0,0xf9,0xff,0xe0,
    0xf9,0xff,0xe0,0xf9,0xff,0xe0,0xf9,0xff,0xd4,0xfd,0xff,0xff,0xff,0xff,0x24,0xff,
    0xff,0xff,0x89,0xdf,0xff,0xff,0xba,0xd6,0xff,0x79,0xce,0xff,0x79,0xce,0xff,0x79,
    0xce,0xff,0x79,0xce,0xff,0x79,0xce,0xff,0x1c,0xe7,0xff,0xff,0xff,0xff,0x1e,0xff,
    0xff,0xff,0x87,0x3c,0xe7,0xff,0x79,0xce,0xff,0x79,0xce,0xff,0x79,0xce,0xff,0xdb,
    0xde,0xff,0xdf,0xff,0xff,0xff,0xff,0xff,0x25,0xff,0xff,0xff,0x92,0xf7,0xbd,0xff,
    0x55,0xad,0xff,0x55,0xad,0xff,0x55,0xad,0xff,0x55,0xad,0xff,0x55,0xad,0xff,0x55,
    0xad,0xff,0x55,0xad,0xff,0x55,0xad,0xff,0x55,0xad,0xff,0x55,0xad,0xff,0x55,0xad,
    0xff,0x55,0xad,0xff,0x55,0xad,0xff,0x55,0xad,0xff,0x55,0xad,0xff,0x3c,0xe7,0xff,
    0xff,0xff,0xff,0x22,0xff,0xff,0xff,0x90,0x92,0xfc,0xff,0x20,0xf8,0xff,0x20,0xf8,
    0xff,0x20,0xf8,0xff,0x20,0xf8,0xff,0x20,0xf8,0xff,0x20,0xf8,0xff,0x20,0xf8,0xff,
    0x20,0xf8,0xff,0x20,0xf8,0xff,0x20,0xf8,0xff,0x20,0xf8,0xff,0x20,0xf8,0xff,0x20,
    0xf8,0xff,0x30,0xfc,0xff,0xff,0xff,0xff,0x22,0xff,0xff,0xff,0x92,0x56,0xfe,0xff,
    0xe0,0xf9,0xff,0xe0,0xf9,0xff,0xe0,0xf9,0xff,0xe0,0xf9,0xff,0xe0,0xf9,0xff,0xe0,
    0xf9,0xff,0xe0,0xf9,0xff,0xe0,0xf9,0xff,0xe0,0xf9,0xff,0xe0,0xf9,0xff,0xe0,0xf9,
    0xff,0xe0,0xf9,0xff,0xe0,0xf9,0xff,0xe0,0xf9,0xff,0xe0,0xf9,0xff,0x47,0xfb,0xff,
    0xff,0xff,0xff,0x27,0xff,0xff,0xff,0x86,0xfb,0xde,0xff,0x79,0xce,0xff,0x79,0xce,
    0xff,0x79,0xce,0xff,0x3c,0xe7,0xff,0xff,0xff,0xff,0x4b,0xff,0xff,0xff,0x92,0x7d,
    0xef,0xff,0x55,0xad,0xff,0x55,0xad,0xff,0x55,0xad,0xff,0x55,0xad,0xff,0x55,0xad,
    0xff,0x55,0xad,0xff,0x55,0xad,0xff,0x55,0xad,0xff,0x55,0xad,0xff,0x55,0xad,0xff,
    0x55,0xad,0xff,0x55,0xad,0xff,0x55,0xad,0xff,0x55,0xad,0xff,0x55,0xad,0xff,0xb6,
    0xb5,0xff,0xff,0xff,0xff,0x22,0xff,0xff,0xff,0x90,0xf3,0xfc,0xff,0x20,0xf8,0xff,
    0x20,0xf8,0xff,0x20,0xf8,0xff,0x20,0xf8,0xff,0x20,0xf8,0xff,0x20,0xf8,0xff,0x20,
    0xf8,0xff,0x20,0xf8,0xff,0x20,0xf8,0xff,0x20,0xf8,0xff,0x20,0xf8,0xff,0x20,0xf8,
    0xff,0x20,0xf8,0xff,0xf3,0xfc,0xff,0xff,0xff,0xff,0x22,0xff,0xff,0xff,0x92,0xc5,
    0xfa,0xff,0xe0,0xf9,0xff,0xe0,0xf9,0xff,0xe0,0xf9,0xff,0xe0,0xf9,0xff,0xe0,0xf9,
    0xff,0xe0,0xf9,0xff,0xe0,0xf9,0xff,0xe0,0xf9,0xff,0xe0,0xf9,0xff,0xe0,0xf9,0xff,
    0xe0,0xf9,0xff,0xe0,0xf9,0xff,0xe0,0xf9,0xff,0xe0,0xf9,0xff,0xe0,0xf9,0xff,0xb9,
    0xfe,0xff,0xff,0xff,0xff,0x79,0xff,0xff,0xff,0x92,0x79,0xce,0xff,0x55,0xad,0xff,
    0x55,0xad,0xff,0x55,0xad,0xff,0x55,0xad,0xff,0x55,0xad,0xff,0x55,0xad,0xff,0x55,
    0xad,0xff,0x55,0xad,0xff,0x55,0xad,0xff,0x55,0xad,0xff,0x55,0xad,0xff,0x55,0xad,
    0xff,0x55,0xad,0xff,0x55,0xad,0xff,0x55,0xad,0xff,0xdb,0xde,0xff,0xff,0xff,0xff,
    0x21,0xff,0xff,0xff,0x90,0x79,0xfe,0xff,0x20,0xf8,0xff,0x20,0xf8,0xff,0x20,0xf8,
    0xff,0x20,0xf8,0xff,0x20,0xf8,0xff,0x20,0xf8,0xff,0x20,0xf8,0xff,0x20,0xf8,0xff,
    0x20,0xf8,0xff,0x20,0xf8,0xff,0x20,0xf8,0xff,0x20,0xf8,0xff,0x20,0xf8,0xff,0x79,
    0xfe,0xff,0xff,0xff,0xff,0x21,0xff,0xff,0xff,0x92,0x92,0xfd,0xff,0xe0,0xf9,0xff,
    0xe0,0xf9,0xff,0xe0,0xf9,0xff,0xe0,0xf9,0xff,0xe0,0xf9,0xff,0xe0,0xf9,0xff,0xe0,
    0xf9,0xff,0xe0,0xf9,0xff,0xe0,0xf9,0xff,0xe0,0xf9,0xff,0xe0,0xf9,0xff,0xe0,0xf9,
    0xff,0xe0,0xf9,0xff,0xe0,0xf9,0xff,0xe0,0xf9,0xff,0xea,0xfb,0xff,0xff,0xff,0xff,
    0x7a,0xff,0xff,0xff,0x93,0xbe,0xf7,0xff,0x75,0xad,0xff,0x55,0xad,0xff,0x55,0xad,
    0xff,0x55,0xad,0xff,0x55,0xad,0xff,0x55,0xad,0xff,0x55,0xad,0xff,0x55,0xad,0xff,
    0x55,0xad,0xff,0x55,0xad,0xff,0x55,0xad,0xff,0x55,0xad,0xff,0x55,0xad,0xff,0x55,
    0xad,0xff,0x55,0xad,0xff,0x75,0xad,0xff,0xdf,0xff,0xff,0xff,0xff,0xff,0x21,0xff,
    0xff,0xff,0x8e,0x44,0xf9,0xff,0x20,0xf8,0xff,0x20,0xf8,0xff,0x20,0xf8,0xff,0x20,
    0xf8,0xff,0x20,0xf8,0xff,0x20,0xf8,0xff,0x20,0xf8,0xff,0x20,0xf8,0xff,0x20,0xf8,
    0xff,0x20,0xf8,0xff,0x20,0xf8,0xff,0x44,0xf9,0xff,0xff,0xff,0xff,0x21,0xff,0xff,
    0xff,0x93,0x9d,0xff,0xff,0x62,0xfa,0xff,0xe0,0xf9,0xff,0xe0,0xf9,0xff,0xe0,0xf9,
    0xff,0xe0,0xf9,0xff,0xe0,0xf9,0xff,0xe0,0xf9,0xff,0xe0,0xf9,0xff,0xe0,0xf9,0xff,
    0xe0,0xf9,0xff,0xe0,0xf9,0xff,0xe0,0xf9,0xff,0xe0,0xf9,0xff,0xe0,0xf9,0xff,0xe0,
    0xf9,0xff,0x21,0xfa,0xff,0x5c,0xff,0xff,0xff,0xff,0xff,0x7b,0xff,0xff,0xff,0x92,
    0xdb,0xde,0xff,0x55,0xad,0xff,0x55,0xad,0xff,0x55,0xad,0xff,0x55,0xad,0xff,0x55,
    0xad,0xff,0x55,0xad,0xff,0x55,0xad,0xff,0x55,0xad,0xff,0x55,0xad,0xff,0x55,0xad,
    0xff,0x55,0xad,0xff,0x55,0xad,0xff,0x55,0xad,0xff,0x55,0xad,0xff,0x55,0xad,0xff,
    0x79,0xce,0xff,0xff,0xff,0xff,0x21,0xff,0xff,0xff,0x8e,0x75,0xfd,0xff,0x20,0xf8,
    0xff,0x20,0xf8,0xff,0x20,0xf8,0xff,0x20,0xf8,0xff,0x20,0xf8,0xff,0x20,0xf8,0xff,
    0x20,0xf8,0xff,0x20,0xf8,0xff,0x20,0xf8,0xff,0x20,0xf8,0xff,0x20,0xf8,0xff,0x75,
    0xfd,0xff,0xff,0xff,0xff,0x21,0xff,0xff,0xff,0x92,0x8d,0xfc,0xff,0xe0,0xf9,0xff,
    0xe0,0xf9,0xff,0xe0,0xf9,0xff,0xe0,0xf9,0xff,0xe0,0xf9,0xff,0xe0,0xf9,0xff,0xe0,
    0xf9,0xff,0xe0,0xf9,0xff,0xe0,0xf9,0xff,0xe0,0xf9,0xff,0xe0,0xf9,0xff,0xe0,0xf9,
    0xff,0xe0,0xf9,0xff,0xe0,0xf9,0xff,0xe0,0xf9,0xff,0x10,0xfd,0xff,0xff,0xff,0xff,
    0x7d,0xff,0xff,0xff,0x92,0xb6,0xb5,0xff,0x55,0xad,0xff,0x55,0xad,0xff,0x55,0xad,
    0xff,0x55,0xad,0xff,0x55,0xad,0xff,0x55,0xad,0xff,0x55,0xad,0xff,0x55,0xad,0xff,
    0x55,0xad,0xff,0x55,0xad,0xff,0x55,0xad,0xff,0x55,0xad,0xff,0x55,0xad,0xff,0x55,
    0xad,0xff,0x55,0xad,0xff,0x7d,0xef,0xff,0xff,0xff,0xff,0x21,0xff,0xff,0xff,0x8c,
    0x6d,0xfb,0xff,0x20,0xf8,0xff,0x20,0xf8,0xff,0x20,0xf8,0xff,0x20,0xf8,0xff,0x20,
    0xf8,0xff,0x20,0xf8,0xff,0x20,0xf8,0xff,0x20,0xf8,0xff,0x20,0xf8,0xff,0x6d,0xfb,
    0xff,0xff,0xff,0xff,0x21,0xff,0xff,0xff,0x93,0xfa,0xfe,0xff,0xe0,0xf9,0xff,0xe0,
    0xf9,0xff,0xe0,0xf9,0xff,0xe0,0xf9,0xff,0xe0,0xf9,0xff,0xe0,0xf9,0xff,0xe0,0xf9,
    0xff,0xe0,0xf9,0xff,0xe0,0xf9,0xff,0xe0,0xf9,0xff,0xe0,0xf9,0xff,0xe0,0xf9,0xff,
    0xe0,0xf9,0xff,0xe0,0xf9,0xff,0xe0,0xf9,0xff,0x83,0xfa,0xff,0xdf,0xff,0xff,0xff,
    0xff,0xff,0x7d,0xff,0xff,0xff,0x92,0x3c,0xe7,0xff,0x55,0xad,0xff,0x55,0xad,0xff,
    0x55,0xad,0xff,0x55,0xad,0xff,0x55,0xad,0xff,0x55,0xad,0xff,0x55,0xad,0xff,0x55,
    0xad,0xff,0x55,0xad,0xff,0x55,0xad,0xff,0x55,0xad,0xff,0x55,0xad,0xff,0x55,0xad,
    0xff,0x55,0xad,0xff,0x55,0xad,0xff,0x18,0xc6,0xff,0xff,0xff,0xff,0x22,0xff,0xff,
    0xff,0x8a,0x92,0xfc,0xff,0xa1,0xf8,0xff,0x20,0xf8,0xff,0x20,0xf8,0xff,0x20,0xf8,
    0xff,0x20,0xf8,0xff,0x20,0xf8,0xff,0xa1,0xf8,0xff,0x92,0xfc,0xff,0xff,0xff,0xff,
    0x22,0xff,0xff,0xff,0x92,0xa9,0xfb,0xff,0xe0,0xf9,0xff,0xe0,0xf9,0xff,0xe0,0xf9,
    0xff,0xe0,0xf9,0xff,0xe0,0xf9,0xff,0xe0,0xf9,0xff,0xe0,0xf9,0xff,0xe0,0xf9,0xff,
    0xe0,0xf9,0xff,0xe0,0xf9,0xff,0xe0,0xf9,0xff,0xe0,0xf9,0xff,0xe0,0xf9,0xff,0xe0,
    0xf9,0xff,0xe0,0xf9,0xff,0xd4,0xfd,0xff,0xff,0xff,0xff,0x7f,0xff,0xff,0xff,0x92,
    0x18,0xc6,0xff,0x55,0xad,0xff,0x55,0xad,0xff,0x55,0xad,0xff,0x55,0xad,0xff,0x55,
    0xad,0xff,0x55,0xad,0xff,0x55,0xad,0xff,0x55,0xad,0xff,0x55,0xad,0xff,0x55,0xad,
    0xff,0x55,0xad,0xff,0x55,0xad,0xff,0x55,0xad,0xff,0x55,0xad,0xff,0x55,0xad,0xff,
    0x1c,0xe7,0xff,0xff,0xff,0xff,0x22,0xff,0xff,0xff,0x88,0x7d,0xff,0xff,0xd2,0xfc,
    0xff,0xca,0xfa,0xff,0xca,0xfa,0xff,0xca,0xfa,0xff,0xd2,0xfc,0xff,0x7d,0xff,0xff,
    0xff,0xff,0xff,0x22,0xff,0xff,0xff,0x92,0x56,0xfe,0xff,0xe0,0xf9,0xff,0xe0,0xf9,
    0xff,0xe0,0xf9,0xff,0xe0,0xf9,0xff,0xe0,0xf9,0xff,0xe0,0xf9,0xff,0xe0,0xf9,0xff,
    0xe0,0xf9,0xff,0xe0,0xf9,0xff,0xe0,0xf9,0xff,0xe0,0xf9,0xff,0xe0,0xf9,0xff,0xe0,
    0xf9,0xff,0xe0,0xf9,0xff,0xe0,0xf9,0xff,0x47,0xfb,0xff,0xff,0xff,0xff,0x7f,0xff,
    0xff,0xff,0x93,0xff,0xff,0xff,0x9e,0xf7,0xff,0x55,0xad,0xff,0x55,0xad,0xff,0x55,
    0xad,0xff,0x55,0xad,0xff,0x55,0xad,0xff,0x55,0xad,0xff,0x55,0xad,0xff,0x55,0xad,
    0xff,0x55,0xad,0xff,0x55,0xad,0xff,0x55,0xad,0xff,0x55,0xad,0xff,0x55,0xad,0xff,
    0x55,0xad,0xff,0x55,0xad,0xff,0xb6,0xb5,0xff,0xff,0xff,0xff,0x4b,0xff,0xff,0xff,
    0x93,0xdf,0xff,0xff,0xc5,0xfa,0xff,0xe0,0xf9,0xff,0xe0,0xf9,0xff,0xe0,0xf9,0xff,
    0xe0,0xf9,0xff,0xe0,0xf9,0xff,0xe0,0xf9,0xff,0xe0,0xf9,0xff,0xe0,0xf9,0xff,0xe0,
    0xf9,0xff,0xe0,0xf9,0xff,0xe0,0xf9,0xff,0xe0,0xf9,0xff,0xe0,0xf9,0xff,0xe0,0xf9,
    0xff,0xe0,0xf9,0xff,0xda,0xfe,0xff,0xff,0xff,0xff,0x7f,0xff,0xff,0xff,0x94,0xff,
    0xff,0xff,0xff,0xff,0xff,0x79,0xce,0xff,0x55,0xad,0xff,0x55,0xad,0xff,0x55,0xad,
    0xff,0x55,0xad,0xff,0x55,0xad,0xff,0x55,0xad,0xff,0x55,0xad,0xff,0x55,0xad,0xff,
    0x55,0xad,0xff,0x55,0xad,0xff,0x55,0xad,0xff,0x55,0xad,0xff,0x55,0xad,0xff,0x55,
    0xad,0xff,0x55,0xad,0xff,0xdb,0xde,0xff,0xff,0xff,0xff,0x4a,0xff,0xff,0xff,0x92,
    0x51,0xfd,0xff,0xe0,0xf9,0xff,0xe0,0xf9,0xff,0xe0,0xf9,0xff,0xe0,0xf9,0xff,0xe0,
    0xf9,0xff,0xe0,0xf9,0xff,0xe0,0xf9,0xff,0xe0,0xf9,0xff,0xe0,0xf9,0xff,0xe0,0xf9,
    0xff,0xe0,0xf9,0xff,0xe0,0xf9,0xff,0xe0,0xf9,0xff,0xe0,0xf9,0xff,0xe0,0xf9,0xff,
    0x4c,0xfc,0xff,0xff,0xff,0xff,0x7f,0xff,0xff,0xff,0x95,0xff,0xff,0xff,0xff,0xff,
    0xff,0xff,0xff,0xff,0xdf,0xff,0xff,0x96,0xb5,0xff,0x55,0xad,0xff,0x55,0xad,0xff,
    0x55,0xad,0xff,0x55,0xad,0xff,0x55,0xad,0xff,0x55,0xad,0xff,0x55,0xad,0xff,0x55,
    0xad,0xff,0x55,0xad,0xff,0x55,0xad,0xff,0x55,0xad,0xff,0x55,0xad,0xff,0x55,0xad,
    0xff,0x55,0xad,0xff,0xb6,0xb5,0xff,0xff,0xff,0xff,0x4a,0xff,0xff,0xff,0x92,0xc5,
    0xfa,0xff,0xe0,0xf9,0xff,0xe0,0xf9,0xff,0xe0,0xf9,0xff,0xe0,0xf9,0xff,0xe0,0xf9,
    0xff,0xe0,0xf9,0xff,0xe0,0xf9,0xff,0xe0,0xf9,0xff,0xe0,0xf9,0xff,0xe0,0xf9,0xff,
    0xe0,0xf9,0xff,0xe0,0xf9,0xff,0xe0,0xf9,0xff,0xe0,0xf9,0xff,0x21,0xfa,0xff,0x7d,
    0xff,0xff,0xff,0xff,0xff,0x7f,0xff,0xff,0xff,0x96,0xff,0xff,0xff,0xff,0xff,0xff,
    0xff,0xff,0xff,0xff,0xff,0xff,0xdb,0xde,0xff,0x55,0xad,0xff,0x55,0xad,0xff,0x55,
    0xad,0xff,0x55,0xad,0xff,0x55,0xad,0xff,0x55,0xad,0xff,0x55,0xad,0xff,0x55,0xad,
    0xff,0x55,0xad,0xff,0x55,0xad,0xff,0x55,0xad,0xff,0x55,0xad,0xff,0x55,0xad,0xff,
    0x55,0xad,0xff,0x55,0xad,0xff,0xbe,0xf7,0xff,0xff,0xff,0xff,0x48,0xff,0xff,0xff,
    0x92,0x5c,0xff,0xff,0xe0,0xf9,0xff,0xe0,0xf9,0xff,0xe0,0xf9,0xff,0xe0,0xf9,0xff,
    0xe0,0xf9,0xff,0xe0,0xf9,0xff,0xe0,0xf9,0xff,0xe0,0xf9,0xff,0xe0,0xf9,0xff,0xe0,
    0xf9,0xff,0xe0,0xf9,0xff,0xe0,0xf9,0xff,0xe0,0xf9,0xff,0xe0,0xf9,0xff,0xe0,0xf9,
    0xff,0x30,0xfd,0xff,0xff,0xff,0xff,0x7f,0xff,0xff,0xff,0x97,0xff,0xff,0xff,0xff,
    0xff,0xff,0xff,0xff,0xff,0xff,0xff,0xff,0xff,0xff,0xff,0xff,0xff,0xff,0xb6,0xb5,
    0xff,0x55,0xad,0xff,0x55,0xad,0xff,0x55,0xad,0xff,0x55,0xad,0xff,0x55,0xad,0xff,
    0x55,0xad,0xff,0x55,0xad,0xff,0x55,0xad,0xff,0x55,0xad,0xff,0x55,0xad,0xff,0x55,
    0xad,0xff,0x55,0xad,0xff,0x55,0xad,0xff,0x55,0xad,0xff,0x7d,0xef,0xff,0xff,0xff,
    0xff,0x48,0xff,0xff,0xff,0x92,0xb9,0xfe,0xff,0xe0,0xf9,0xff,0xe0,0xf9,0xff,0xe0,
    0xf9,0xff,0xe0,0xf9,0xff,0xe0,0xf9,0xff,0xe0,0xf9,0xff,0xe0,0xf9,0xff,0xe0,0xf9,
    0xff,0xe0,0xf9,0xff,0xe0,0xf9,0xff,0xe0,0xf9,0xff,0xe0,0xf9,0xff,0xe0,0xf9,0xff,
    0xe0,0xf9,0xff,0xc5,0xfa,0xff,0xdf,0xff,0xff,0xff,0xff,0xff,0x7f,0xff,0xff,0xff,
    0x97,0xff,0xff,0xff,0xff,0xff,0xff,0xff,0xff,0xff,0xff,0xff,0xff,0xff,0xff,0xff,
    0xff,0xff,0xff,0x5d,0xef,0xff,0x55,0xad,0xff,0x55,0xad,0xff,0x55,0xad,0xff,0x55,
    0xad,0xff,0x55,0xad,0xff,0x55,0xad,0xff,0x55,0xad,0xff,0x55,0xad,0xff,0x55,0xad,
    0xff,0x55,0xad,0xff,0x55,0xad,0xff,0x55,0xad,0xff,0x55,0xad,0xff,0x55,0xad,0xff,
    0xbe,0xf7,0xff,0xff,0xff,0xff,0x48,0xff,0xff,0xff,0x91,0xfa,0xfe,0xff,0xe0,0xf9,
    0xff,0xe0,0xf9,0xff,0xe0,0xf9,0xff,0xe0,0xf9,0xff,0xe0,0xf9,0xff,0xe0,0xf9,0xff,
    0xe0,0xf9,0xff,0xe0,0xf9,0xff,0xe0,0xf9,0xff,0xe0,0xf9,0xff,0xe0,0xf9,0xff,0xe0,
    0xf9,0xff,0xe0,0xf9,0xff,0xe0,0xf9,0xff,0x56,0xfe,0xff,0xff,0xff,0xff,0x7f,0xff,
    0xff,0xff,0x97,0xff,0xff,0xff,0xff,0xff,0xff,0xff,0xff,0xff,0xff,0xff,0xff,0xff,
    0xff,0xff,0xff,0xff,0xff,0xff,0xff,0xff,0xff,0xff,0xff,0x38,0xc6,0xff,0x55,0xad,
    0xff,0x55,0xad,0xff,0x55,0xad,0xff,0x55,0xad,0xff,0x55,0xad,0xff,0x55,0xad,0xff,
    0x55,0xad,0xff,0x55,0xad,0xff,0x55,0xad,0xff,0x55,0xad,0xff,0x55,0xad,0xff,0x55,
    0xad,0xff,0x96,0xb5,0xff,0xff,0xff,0xff,0x4a,0xff,0xff,0xff,0x8f,0x21,0xfa,0xff,
    0xe0,0xf9,0xff,0xe0,0xf9,0xff,0xe0,0xf9,0xff,0xe0,0xf9,0xff,0xe0,0xf9,0xff,0xe0,
    0xf9,0xff,0xe0,0xf9,0xff,0xe0,0xf9,0xff,0xe0,0xf9,0xff,0xe0,0xf9,0xff,0xe0,0xf9,
    0xff,0xe0,0xf9,0xff,0xa9,0xfb,0xff,0xff,0xff,0xff,0x7f,0xff,0xff,0xff,0x98,0xff,
    0xff,0xff,0xff,0xff,0xff,0xff,0xff,0xff,0xff,0xff,0xff,0xff,0xff,0xff,0xff,0xff,
    0xff,0xff,0xff,0xff,0xff,0xff,0xff,0xff,0xff,0xff,0x9e,0xf7,0xff,0x55,0xad,0xff,
    0x55,0xad,0xff,0x55,0xad,0xff,0x55,0xad,0xff,0x55,0xad,0xff,0x55,0xad,0xff,0x55,
    0xad,0xff,0x55,0xad,0xff,0x55,0xad,0xff,0x55,0xad,0xff,0x55,0xad,0xff,0x55,0xad,
    0xff,0x9a,0xd6,0xff,0xff,0xff,0xff,0x4a,0xff,0xff,0xff,0x8f,0x4c,0xfc,0xff,0xe0,
    0xf9,0xff,0xe0,0xf9,0xff,0xe0,0xf9,0xff,0xe0,0xf9,0xff,0xe0,0xf9,0xff,0xe0,0xf9,
    0xff,0xe0,0xf9,0xff,0xe0,0xf9,0xff,0xe0,0xf9,0xff,0xe0,0xf9,0xff,0xe0,0xf9,0xff,
    0xe0,0xf9,0xff,0xfa,0xfe,0xff,0xff,0xff,0xff,0x7f,0xff,0xff,0xff,0x98,0xff,0xff,
    0xff,0xff,0xff,0xff,0xff,0xff,0xff,0xff,0xff,0xff,0xff,0xff,0xff,0xff,0xff,0xff,
    0xff,0xff,0xff,0xff,0xff,0xff,0xff,0xff,0xff,0xff,0xff,0xff,0xba,0xd6,0xff,0x55,
    0xad,0xff,0x55,0xad,0xff,0x55,0xad,0xff,0x55,0xad,0xff,0x55,0xad,0xff,0x55,0xad,
    0xff,0x55,0xad,0xff,0x55,0xad,0xff,0x55,0xad,0xff,0x55,0xad,0xff,0x96,0xb5,0xff,
    0xdf,0xff,0xff,0xff,0xff,0xff,0x4a,0xff,0xff,0xff,0x8e,0x5c,0xff,0xff,0x21,0xfa,
    0xff,0xe0,0xf9,0xff,0xe0,0xf9,0xff,0xe0,0xf9,0xff,0xe0,0xf9,0xff,0xe0,0xf9,0xff,
    0xe0,0xf9,0xff,0xe0,0xf9,0xff,0xe0,0xf9,0xff,0xe0,0xf9,0xff,0xe0,0xf9,0xff,0xae,
    0xfc,0xff,0xff,0xff,0xff,0x7f,0xff,0xff,0xff,0x98,0xff,0xff,0xff,0xff,0xff,0xff,
    0xff,0xff,0xff,0xff,0xff,0xff,0xff,0xff,0xff,0xff,0xff,0xff,0xff,0xff,0xff,0xff,
    0xff,0xff,0xff,0xff,0xff,0xff,0xff,0xff,0xff,0xff,0xff,0xff,0xff,0xff,0x38,0xc6,
    0xff,0x55,0xad,0xff,0x55,0xad,0xff,0x55,0xad,0xff,0x55,0xad,0xff,0x55,0xad,0xff,
    0x55,0xad,0xff,0x55,0xad,0xff,0x55,0xad,0xff,0x96,0xb5,0xff,0x7d,0xef,0xff,0xff,
    0xff,0xff,0x4c,0xff,0xff,0xff,0x8d,0x56,0xfe,0xff,0x00,0xfa,0xff,0xe0,0xf9,0xff,
    0xe0,0xf9,0xff,0xe0,0xf9,0xff,0xe0,0xf9,0xff,0xe0,0xf9,0xff,0xe0,0xf9,0xff,0xe0,
    0xf9,0xff,0xe0,0xf9,0xff,0xa9,0xfb,0xff,0xdf,0xff,0xff,0xff,0xff,0xff,0x7f,0xff,
    0xff,0xff,0x97,0xff,0xff,0xff,0xff,0xff,0xff,0xff,0xff,0xff,0xff,0xff,0xff,0xff,
    0xff,0xff,0xff,0xff,0xff,0xff,0xff,0xff,0xff,0xff,0xff,0xff,0xff,0xff,0xff,0xff,
    0xff,0xff,0xff,0xff,0xff,0xff,0xff,0xff,0xff,0xff,0xdb,0xde,0xff,0x75,0xad,0xff,
    0x55,0xad,0xff,0x55,0xad,0xff,0x55,0xad,0xff,0x55,0xad,0xff,0x55,0xad,0xff,0x18,
    0xc6,0xff,0x9e,0xf7,0xff,0xff,0xff,0xff,0x4e,0xff,0xff,0xff,0x8b,0xb9,0xfe,0xff,
    0xc5,0xfa,0xff,0xe0,0xf9,0xff,0xe0,0xf9,0xff,0xe0,0xf9,0xff,0xe0,0xf9,0xff,0xe0,
    0xf9,0xff,0x00,0xfa,0xff,0xae,0xfc,0xff,0xdf,0xff,0xff,0xff,0xff,0xff,0x7f,0xff,
    0xff,0xff,0x96,0xff,0xff,0xff,0xff,0xff,0xff,0xff,0xff,0xff,0xff,0xff,0xff,0xff,
    0xff,0xff,0xff,0xff,0xff,0xff,0xff,0xff,0xff,0xff,0xff,0xff,0xff,0xff,0xff,0xff,
    0xff,0xff,0xff,0xff,0xff,0xff,0xff,0xff,0xff,0xff,0xff,0xff,0xff,0xff,0xff,0xff,
    0xdf,0xff,0xff,0x1c,0xe7,0xff,0xba,0xd6,0xff,0x9a,0xd6,0xff,0xdb,0xde,0xff,0x9e,
    0xf7,0xff,0xff,0xff,0xff,0x52,0xff,0xff,0xff,0x87,0x56,0xfe,0xff,0xae,0xfc,0xff,
    0xea,0xfb,0xff,0x4c,0xfc,0xff,0x92,0xfd,0xff,0x7d,0xff,0xff,0xff,0xff,0xff,0x7f,
    0xff,0xff,0xff,0x7f,0xff,0xff,0xff,0x7f,0xff,0xff,0xff,0x7f,0xff,0xff,0xff,0x38,
    0xff,0xff,0xff,0x88,0x3c,0xe7,0xff,0xba,0xd6,0xff,0x79,0xce,0xff,0x79,0xce,0xff,
    0xba,0xd6,0xff,0x1c,0xe7,0xff,0xdf,0xff,0xff,0xff,0xff,0xff,0x7f,0xff,0xff,0xff,
    0x49,0xff,0xff,0xff,0x88,0xfe,0xff,0xff,0x74,0xff,0xff,0x0d,0xff,0xff,0xea,0xfe,
    0xff,0xea,0xfe,0xff,0x2f,0xff,0xff,0xb8,0xff,0xff,0xff,0xff,0xff,0x16,0xff,0xff,
    0xff,0x8b,0x9e,0xf7,0xff,0x9a,0xd6,0xff,0x79,0xce,0xff,0x79,0xce,0xff,0x79,0xce,
    0xff,0x79,0xce,0xff,0x79,0xce,0xff,0x79,0xce,0xff,0x79,0xce,0xff,0x3c,0xe7,0xff,
    0xff,0xff,0xff,0x7f,0xff,0xff,0xff,0x47,0xff,0xff,0xff,0x8b,0x74,0xff,0xff,0xc7,
    0xfe,0xff,0xa5,0xfe,0xff,0xa5,0xfe,0xff,0xa5,0xfe,0xff,0xa5,0xfe,0xff,0xa5,0xfe,
    0xff,0xa5,0xfe,0xff,0x0c,0xff,0xff,0xdd,0xff,0xff,0xff,0xff,0xff,0x13,0xff,0xff,
    0xff,0x8e,0x9e,0xf7,0xff,0x79,0xce,0xff,0x79,0xce,0xff,0x79,0xce,0xff,0x79,0xce,
    0xff,0x79,0xce,0xff,0x79,0xce,0xff,0x79,0xce,0xff,0x79,0xce,0xff,0x79,0xce,0xff,
    0x79,0xce,0xff,0x9a,0xd6,0xff,0x7d,0xef,0xff,0xff,0xff,0xff,0x7f,0xff,0xff,0xff,
    0x43,0xff,0xff,0xff,0x8e,0xb8,0xff,0xff,0xea,0xfe,0xff,0xa5,0xfe,0xff,0xa5,0xfe,
    0xff,0xa5,0xfe,0xff,0xa5,0xfe,0xff,0xa5,0xfe,0xff,0xa5,0xfe,0xff,0xa5,0xfe,0xff,
    0xa5,0xfe,0xff,0xa5,0xfe,0xff,0xe8,0xfe,0xff,0xdd,0xff,0xff,0xff,0xff,0xff,0x12,
    0xff,0xff,0xff,0x90,0x9a,0xd6,0xff,0x79,0xce,0xff,0x79,0xce,0xff,0x79,0xce,0xff,
    0x79,0xce,0xff,0x79,0xce,0xff,0x79,0xce,0xff,0x79,0xce,0xff,0x79,0xce,0xff,0x79,
    0xce,0xff,0x79,0xce,0xff,0x79,0xce,0xff,0x79,0xce,0xff,0xba,0xd6,0xff,0xbe,0xf7,
    0xff,0xff,0xff,0xff,0x7f,0xff,0xff,0xff,0x3f,0xff,0xff,0xff,0x90,0xdc,0xff,0xff,
    0x0d,0xff,0xff,0xa5,0xfe,0xff,0xa5,0xfe,0xff,0xa5,0xfe,0xff,0xa5,0xfe,0xff,0xa5,
    0xfe,0xff,0xa5,0xfe,0xff,0xa5,0xfe,0xff,0xa5,0xfe,0xff,0xa5,0xfe,0xff,0xa5,0xfe,
    0xff,0xa5,0xfe,0xff,0xa5,0xfe,0xff,0x0c,0xff,0xff,0xff,0xff,0xff,0x11,0xff,0xff,
    0xff,0x93,0x5d,0xef,0xff,0x79,0xce,0xff,0x79,0xce,0xff,0x79,0xce,0xff,0x79,0xce,
    0xff,0x79,0xce,0xff,0x79,0xce,0xff,0x79,0xce,0xff,0x79,0xce,0xff,0x79,0xce,0xff,
    0x79,0xce,0xff,0x79,0xce,0xff,0x79,0xce,0xff,0x79,0xce,0xff,0x79,0xce,0xff,0x79,
    0xce,0xff,0xfb,0xde,0xff,0xdf,0xff,0xff,0xff,0xff,0xff,0x7f,0xff,0xff,0xff,0x3b,
    0xff,0xff,0xff,0xb7,0xfe,0xff,0xff,0x51,0xff,0xff,0xc6,0xfe,0xff,0xa5,0xfe,0xff,
    0xa5,0xfe,0xff,0xa5,0xfe,0xff,0xa5,0xfe,0xff,0xa5,0xfe,0xff,0xa5,0xfe,0xff,0xa5,
    0xfe,0xff,0xa5,0xfe,0xff,0xa5,0xfe,0xff,0xa5,0xfe,0xff,0xa5,0xfe,0xff,0xa5,0xfe,
    0xff,0xa5,0xfe,0xff,0xa5,0xfe,0xff,0xba,0xff,0xff,0xff,0xff,0xff,0xff,0xff,0xff,
    0xff,0xff,0xff,0xff,0xff,0xff,0xff,0xff,0xff,0xff,0xff,0xff,0xff,0xff,0xff,0xff,
    0xff,0xff,0xff,0xff,0xff,0xff,0xff,0xff,0xff,0xff,0xff,0xff,0xff,0xff,0xff,0xff,
    0xff,0xff,0xff,0xff,0xff,0xff,0xff,0xff,0xff,0xff,0xff,0xff,0xff,0xdb,0xde,0xff,
    0x79,0xce,0xff,0x79,0xce,0xff,0x79,0xce,0xff,0x79,0xce,0xff,0x79,0xce,0xff,0x79,
    0xce,0xff,0x79,0xce,0xff,0x79,0xce,0xff,0x79,0xce,0xff,0x79,0xce,0xff,0x79,0xce,
    0xff,0x79,0xce,0xff,0x79,0xce,0xff,0x79,0xce,0xff,0x79,0xce,0xff,0x79,0xce,0xff,
    0x79,0xce,0xff,0x3c,0xe7,0xff,0xff,0xff,0xff,0x7f,0xff,0xff,0xff,0x39,0xff,0xff,
    0xff,0xa6,0x96,0xff,0xff,0xc7,0xfe,0xff,0xa5,0xfe,0xff,0xa5,0xfe,0xff,0xa5,0xfe,
    0xff,0xa5,0xfe,0xff,0xa5,0xfe,0xff,0xa5,0xfe,0xff,0xa5,0xfe,0xff,0xa5,0xfe,0xff,
    0xa5,0xfe,0xff,0xa5,0xfe,0xff,0xa5,0xfe,0xff,0xa5,0xfe,0xff,0xa5,0xfe,0xff,0xa5,
    0xfe,0xff,0xa5,0xfe,0xff,0xa5,0xfe,0xff,0x51,0xff,0xff,0xff,0xff,0xff,0xff,0xff,
    0xff,0xff,0xff,0xff,0xff,0xff,0xff,0xff,0xff,0xff,0xff,0xff,0xff,0xff,0xff,0xff,
    0xff,0xff,0xff,0xff,0xff,0xff,0xff,0xff,0xff,0xff,0xff,0xff,0xff,0xff,0xff,0xff,
    0xff,0xff,0xff,0xff,0xff,0xff,0xff,0xff,0xff,0xff,0xff,0xff,0xff,0xff,0xba,0xd6,
    0xff,0x79,0xce,0xff,0x11,0x79,0xce,0xff,0x83,0x9a,0xd6,0xff,0x7d,0xef,0xff,0xff,
    0xff,0xff,0x7f,0xff,0xff,0xff,0x35,0xff,0xff,0xff,0x83,0xba,0xff,0xff,0xea,0xfe,
    0xff,0xa5,0xfe,0xff,0x11,0xa5,0xfe,0xff,0x94,0x0c,0xff,0xff,0xff,0xff,0xff,0xff,
    0xff,0xff,0xff,0xff,0xff,0xff,0xff,0xff,0xff,0xff,0xff,0xff,0xff,0xff,0xff,0xff,
    0xff,0xff,0xff,0xff,0xff,0xff,0xff,0xff,0xff,0xff,0xff,0xff,0xff,0xff,0xff,0xff,
    0xff,0xff,0xff,0xff,0xff,0xff,0xff,0xff,0xff,0xff,0xff,0xff,0xff,0xff,0xff,0xba,
    0xd6,0xff,0x79,0xce,0xff,0x13,0x79,0xce,0xff,0x83,0xdb,0xde,0xff,0xbe,0xf7,0xff,
    0xff,0xff,0xff,0x7f,0xff,0xff,0xff,0x31,0xff,0xff,0xff,0x83,0xdd,0xff,0xff,0x2f,
    0xff,0xff,0xa5,0xfe,0xff,0x13,0xa5,0xfe,0xff,0x94,0x0c,0xff,0xff,0xff,0xff,0xff,
    0xff,0xff,0xff,0xff,0xff,0xff,0xff,0xff,0xff,0xff,0xff,0xff,0xff,0xff,0xff,0xff,
    0xff,0xff,0xff,0xff,0xff,0xff,0xff,0xff,0xff,0xff,0xff,0xff,0xff,0xff,0xff,0xff,
    0xff,0xff,0xff,0xff,0xff,0xff,0xff,0xff,0xff,0xff,0xff,0xff,0xff,0xff,0xff,0xff,
    0xfb,0xde,0xff,0x79,0xce,0xff,0x15,0x79,0xce,0xff,0x83,0x1c,0xe7,0xff,0xdf,0xff,
    0xff,0xff,0xff,0xff,0x7f,0xff,0xff,0xff,0x2e,0xff,0xff,0xff,0x83,0x51,0xff,0xff,
    0xc6,0xfe,0xff,0xa5,0xfe,0xff,0x14,0xa5,0xfe,0xff,0x94,0x2f,0xff,0xff,0xff,0xff,
    0xff,0xff,0xff,0xff,0xff,0xff,0xff,0xff,0xff,0xff,0xff,0xff,0xff,0xff,0xff,0xff,
    0xff,0xff,0xff,0xff,0xff,0xff,0xff,0xff,0xff,0xff,0xff,0xff,0xff,0xff,0xff,0xff,
    0xff,0xff,0xff,0xff,0xff,0xff,0xff,0xff,0xff,0xff,0xff,0xff,0xff,0xff,0xff,0xff,
    0xff,0x7d,0xef,0xff,0x79,0xce,0xff,0x17,0x79,0xce,0xff,0x82,0x5d,0xef,0xff,0xff,
    0xff,0xff,0x7f,0xff,0xff,0xff,0x2b,0xff,0xff,0xff,0x83,0x96,0xff,0xff,0xe8,0xfe,
    0xff,0xa5,0xfe,0xff,0x16,0xa5,0xfe,0xff,0x82,0x96,0xff,0xff,0xff,0xff,0xff,0x11,
    0xff,0xff,0xff,0x82,0x9a,0xd6,0xff,0x79,0xce,0xff,0x17,0x79,0xce,0xff,0x83,0xba,
    0xd6,0xff,0x9e,0xf7,0xff,0xff,0xff,0xff,0x7f,0xff,0xff,0xff,0x27,0xff,0xff,0xff,
    0x83,0xba,0xff,0xff,0x0c,0xff,0xff,0xa5,0xfe,0xff,0x17,0xa5,0xfe,0xff,0x82,0xe8,
    0xfe,0xff,0xff,0xff,0xff,0x12,0xff,0xff,0xff,0x82,0xbe,0xf7,0xff,0x79,0xce,0xff,
    0x19,0x79,0xce,0xff,0x83,0xdb,0xde,0xff,0xdf,0xff,0xff,0xff,0xff,0xff,0x7f,0xff,
    0xff,0xff,0x23,0xff,0xff,0xff,0x83,0xdd,0xff,0xff,0x2f,0xff,0xff,0xa5,0xfe,0xff,
    0x19,0xa5,0xfe,0xff,0x82,0xba,0xff,0xff,0xff,0xff,0xff,0x13,0xff,0xff,0xff,0x83,
    0xbe,0xf7,0xff,0x9a,0xd6,0xff,0x79,0xce,0xff,0x19,0x79,0xce,0xff,0x82,0x1c,0xe7,
    0xff,0xff,0xff,0xff,0x7f,0xff,0xff,0xff,0x21,0xff,0xff,0xff,0x83,0x74,0xff,0xff,
    0xc6,0xfe,0xff,0xa5,0xfe,0xff,0x18,0xa5,0xfe,0xff,0x83,0xc6,0xfe,0xff,0xb8,0xff,
    0xff,0xff,0xff,0xff,0x16,0xff,0xff,0xff,0x82,0x3c,0xe7,0xff,0x79,0xce,0xff,0x19,
    0x79,0xce,0xff,0x83,0x9a,0xd6,0xff,0x5d,0xef,0xff,0xff,0xff,0xff,0x7f,0xff,0xff,
    0xff,0x1d,0xff,0xff,0xff,0x83,0xb8,0xff,0xff,0xe8,0xfe,0xff,0xa5,0xfe,0xff,0x19,
    0xa5,0xfe,0xff,0x83,0x2f,0xff,0xff,0xdd,0xff,0xff,0xff,0xff,0xff,0x18,0xff,0xff,
    0xff,0x83,0xdf,0xff,0xff,0xfb,0xde,0xff,0x79,0xce,0xff,0x19,0x79,0xce,0xff,0x83,
    0xba,0xd6,0xff,0x9e,0xf7,0xff,0xff,0xff,0xff,0x7f,0xff,0xff,0xff,0x19,0xff,0xff,
    0xff,0x83,0xdc,0xff,0xff,0x0d,0xff,0xff,0xa5,0xfe,0xff,0x19,0xa5,0xfe,0xff,0x83,
    0xea,0xfe,0xff,0xba,0xff,0xff,0xff,0xff,0xff,0x1c,0xff,0xff,0xff,0x83,0x9e,0xf7,
    0xff,0xba,0xd6,0xff,0x79,0xce,0xff,0x19,0x79,0xce,0xff,0x83,0xfb,0xde,0xff,0xdf,
    0xff,0xff,0xff,0xff,0xff,0x7f,0xff,0xff,0xff,0x15,0xff,0xff,0xff,0x83,0xfe,0xff,
    0xff,0x51,0xff,0xff,0xa5,0xfe,0xff,0x19,0xa5,0xfe,0xff,0x83,0xc7,0xfe,0xff,0x96,
    0xff,0xff,0xff,0xff,0xff,0x20,0xff,0xff,0xff,0x83,0x5d,0xef,0xff,0x9a,0xd6,0xff,
    0x79,0xce,0xff,0x19,0x79,0xce,0xff,0x82,0x3c,0xe7,0xff,0xff,0xff,0xff,0x7f,0xff,
    0xff,0xff,0x13,0xff,0xff,0xff,0x83,0x74,0xff,0xff,0xc7,0xfe,0xff,0xa5,0xfe,0xff,
    0x18,0xa5,0xfe,0xff,0x83,0xc6,0xfe,0xff,0x51,0xff,0xff,0xff,0xff,0xff,0x24,0xff,
    0xff,0xff,0x82,0x1c,0xe7,0xff,0x79,0xce,0xff,0x19,0x79,0xce,0xff,0x83,0x9a,0xd6,
    0xff,0xbe,0xf7,0xff,0xff,0xff,0xff,0x7f,0xff,0xff,0xff,0x92,0xff,0xff,0xff,0xff,
    0xff,0xff,0xff,0xff,0xff,0xff,0xff,0xff,0xff,0xff,0xff,0xff,0xff,0xff,0xff,0xff,
    0xff,0xff,0xff,0xff,0xff,0xff,0xff,0xff,0xff,0xff,0xff,0xff,0xff,0xff,0xff,0xff,
    0xff,0xff,0xff,0xff,0xff,0xff,0xff,0xff,0xff,0xdc,0xff,0xff,0xea,0xfe,0xff,0xa5,
    0xfe,0xff,0x19,0xa5,0xfe,0xff,0x83,0x0d,0xff,0xff,0xdc,0xff,0xff,0xff,0xff,0xff,
    0x26,0xff,0xff,0xff,0x83,0xbe,0xf7,0xff,0xdb,0xde,0xff,0x79,0xce,0xff,0x19,0x79,
    0xce,0xff,0x82,0xbe,0xf7,0xff,0xff,0xff,0xff,0x7f,0xff,0xff,0xff,0x90,0xff,0xff,
    0xff,0xff,0xff,0xff,0xff,0xff,0xff,0xff,0xff,0xff,0xff,0xff,0xff,0xff,0xff,0xff,
    0xff,0xff,0xff,0xff,0xff,0xff,0xff,0xff,0xff,0xff,0xff,0xff,0xff,0xff,0xff,0xff,
    0xff,0xff,0xff,0xff,0xff,0xdc,0xff,0xff,0xc7,0xfe,0xff,0xa5,0xfe,0xff,0x18,0xa5,
    0xfe,0xff,0x83,0xea,0xfe,0xff,0xb8,0xff,0xff,0xff,0xff,0xff,0x2a,0xff,0xff,0xff,
    0x83,0x9e,0xf7,0xff,0xba,0xd6,0xff,0x79,0xce,0xff,0x17,0x79,0xce,0xff,0x82,0xba,
    0xd6,0xff,0xff,0xff,0xff,0x7f,0xff,0xff,0xff,0x8f,0xff,0xff,0xff,0xff,0xff,0xff,
    0xff,0xff,0xff,0xff,0xff,0xff,0xff,0xff,0xff,0xff,0xff,0xff,0xff,0xff,0xff,0xff,
    0xff,0xff,0xff,0xff,0xff,0xff,0xff,0xff,0xff,0xff,0xff,0xff,0xff,0xff,0xff,0xff,
    0xff,0xea,0xfe,0xff,0xa5,0xfe,0xff,0x17,0xa5,0xfe,0xff,0x83,0xc7,0xfe,0xff,0x74,
    0xff,0xff,0xff,0xff,0xff,0x2e,0xff,0xff,0xff,0x82,0x5d,0xef,0xff,0x79,0xce,0xff,
    0x17,0x79,0xce,0xff,0x82,0x9e,0xf7,0xff,0xff,0xff,0xff,0x7f,0xff,0xff,0xff,0x8d,
    0xff,0xff,0xff,0xff,0xff,0xff,0xff,0xff,0xff,0xff,0xff,0xff,0xff,0xff,0xff,0xff,
    0xff,0xff,0xff,0xff,0xff,0xff,0xff,0xff,0xff,0xff,0xff,0xff,0xff,0xff,0xff,0xff,
    0xff,0x96,0xff,0xff,0xa5,0xfe,0xff,0x17,0xa5,0xfe,0xff,0x83,0x51,0xff,0xff,0xfe,
    0xff,0xff,0xff,0xff,0xff,0x30,0xff,0xff,0xff,0x83,0xdf,0xff,0xff,0x1c,0xe7,0xff,
    0x79,0xce,0xff,0x15,0x79,0xce,0xff,0x82,0x1c,0xe7,0xff,0xff,0xff,0xff,0x7f,0xff,
    0xff,0xff,0x8d,0xff,0xff,0xff,0xff,0xff,0xff,0xff,0xff,0xff,0xff,0xff,0xff,0xff,
    0xff,0xff,0xff,0xff,0xff,0xff,0xff,0xff,0xff,0xff,0xff,0xff,0xff,0xff,0xff,0xff,
    0xff,0xff,0xff,0xff,0x0d,0xff,0xff,0xa5,0xfe,0xff,0x15,0xa5,0xfe,0xff,0x83,0x0c,
    0xff,0xff,0xdc,0xff,0xff,0xff,0xff,0xff,0x34,0xff,0xff,0xff,0x83,0xbe,0xf7,0xff,
    0xdb,0xde,0xff,0x79,0xce,0xff,0x13,0x79,0xce,0xff,0x82,0xdb,0xde,0xff,0xff,0xff,
    0xff,0x7f,0xff,0xff,0xff,0x8d,0xff,0xff,0xff,0xff,0xff,0xff,0xff,0xff,0xff,0xff,
    0xff,0xff,0xff,0xff,0xff,0xff,0xff,0xff,0xff,0xff,0xff,0xff,0xff,0xff,0xff,0xff,
    0xff,0xff,0xff,0xff,0xff,0xff,0xff,0xea,0xfe,0xff,0xa5,0xfe,0xff,0x13,0xa5,0xfe,
    0xff,0x83,0xe8,0xfe,0xff,0xb8,0xff,0xff,0xff,0xff,0xff,0x38,0xff,0xff,0xff,0x83,
    0x7d,0xef,0xff,0x9a,0xd6,0xff,0x79,0xce,0xff,0x11,0x79,0xce,0xff,0x82,0xdb,0xde,
    0xff,0xff,0xff,0xff,0x7f,0xff,0xff,0xff,0x8d,0xff,0xff,0xff,0xff,0xff,0xff,0xff,
    0xff,0xff,0xff,0xff,0xff,0xff,0xff,0xff,0xff,0xff,0xff,0xff,0xff,0xff,0xff,0xff,
    0xff,0xff,0xff,0xff,0xff,0xff,0xff,0xff,0xff,0xff,0xe8,0xfe,0xff,0xa5,0xfe,0xff,
    0x11,0xa5,0xfe,0xff,0x83,0xc6,0xfe,0xff,0x74,0xff,0xff,0xff,0xff,0xff,0x3c,0xff,
    0xff,0xff,0x94,0x3c,0xe7,0xff,0x79,0xce,0xff,0x79,0xce,0xff,0x79,0xce,0xff,0x79,
    0xce,0xff,0x79,0xce,0xff,0x79,0xce,0xff,0x79,0xce,0xff,0x79,0xce,0xff,0x79,0xce,
    0xff,0x79,0xce,0xff,0x79,0xce,0xff,0x79,0xce,0xff,0x79,0xce,0xff,0x79,0xce,0xff,
    0x79,0xce,0xff,0x79,0xce,0xff,0x79,0xce,0xff,0x1c,0xe7,0xff,0xff,0xff,0xff,0x7f,
    0xff,0xff,0xff,0xa0,0xff,0xff,0xff,0xff,0xff,0xff,0xff,0xff,0xff,0xff,0xff,0xff,
    0xff,0xff,0xff,0xff,0xff,0xff,0xff,0xff,0xff,0xff,0xff,0xff,0xff,0xff,0xff,0xff,
    0xff,0xff,0xff,0xff,0xff,0x0c,0xff,0xff,0xa5,0xfe,0xff,0xa5,0xfe,0xff,0xa5,0xfe,
    0xff,0xa5,0xfe,0xff,0xa5,0xfe,0xff,0xa5,0xfe,0xff,0xa5,0xfe,0xff,0xa5,0xfe,0xff,
    0xa5,0xfe,0xff,0xa5,0xfe,0xff,0xa5,0xfe,0xff,0xa5,0xfe,0xff,0xa5,0xfe,0xff,0xa5,
    0xfe,0xff,0xa5,0xfe,0xff,0xa5,0xfe,0xff,0xa5,0xfe,0xff,0x2f,0xff,0xff,0xdd,0xff,
    0xff,0xff,0xff,0xff,0x3e,0xff,0xff,0xff,0x93,0xdf,0xff,0xff,0xfb,0xde,0xff,0x79,
    0xce,0xff,0x79,0xce,0xff,0x79,0xce,0xff,0x79,0xce,0xff,0x79,0xce,0xff,0x79,0xce,
    0xff,0x79,0xce,0xff,0x79,0xce,0xff,0x79,0xce,0xff,0x79,0xce,0xff,0x79,0xce,0xff,
    0x79,0xce,0xff,0x79,0xce,0xff,0x79,0xce,0xff,0x79,0xce,0xff,0x9e,0xf7,0xff,0xff,
    0xff,0xff,0x7f,0xff,0xff,0xff,0x9e,0xff,0xff,0xff,0xff,0xff,0xff,0xff,0xff,0xff,
    0xff,0xff,0xff,0xff,0xff,0xff,0xff,0xff,0xff,0xff,0xff,0xff,0xff,0xff,0xff,0xff,
    0xff,0xff,0xff,0xff,0xff,0xff,0xff,0xff,0x74,0xff,0xff,0xa5,0xfe,0xff,0xa5,0xfe,
    0xff,0xa5,0xfe,0xff,0xa5,0xfe,0xff,0xa5,0xfe,0xff,0xa5,0xfe,0xff,0xa5,0xfe,0xff,
    0xa5,0xfe,0xff,0xa5,0xfe,0xff,0xa5,0xfe,0xff,0xa5,0xfe,0xff,0xa5,0xfe,0xff,0xa5,
    0xfe,0xff,0xa5,0xfe,0xff,0xa5,0xfe,0xff,0x0c,0xff,0xff,0xba,0xff,0xff,0xff,0xff,
    0xff,0x42,0xff,0xff,0xff,0x90,0xbe,0xf7,0xff,0xba,0xd6,0xff,0x79,0xce,0xff,0x79,
    0xce,0xff,0x79,0xce,0xff,0x79,0xce,0xff,0x79,0xce,0xff,0x79,0xce,0xff,0x79,0xce,
    0xff,0x79,0xce,0xff,0x79,0xce,0xff,0x79,0xce,0xff,0x79,0xce,0xff,0x79,0xce,0xff,
    0xba,0xd6,0xff,0xff,0xff,0xff,0x7f,0xff,0xff,0xff,0x9d,0xff,0xff,0xff,0xff,0xff,
    0xff,0xff,0xff,0xff,0xff,0xff,0xff,0xff,0xff,0xff,0xff,0xff,0xff,0xff,0xff,0xff,
    0xff,0xff,0xff,0xff,0xff,0xff,0xff,0xff,0xff,0xff,0xff,0xff,0xff,0xff,0xff,0xfe,
    0xff,0xff,0xc6,0xfe,0xff,0xa5,0xfe,0xff,0xa5,0xfe,0xff,0xa5,0xfe,0xff,0xa5,0xfe,
    0xff,0xa5,0xfe,0xff,0xa5,0xfe,0xff,0xa5,0xfe,0xff,0xa5,0xfe,0xff,0xa5,0xfe,0xff,
    0xa5,0xfe,0xff,0xa5,0xfe,0xff,0xa5,0xfe,0xff,0xe8,0xfe,0xff,0x96,0xff,0xff,0xff,
    0xff,0xff,0x46,0xff,0xff,0xff,0x8e,0x7d,0xef,0xff,0x9a,0xd6,0xff,0x79,0xce,0xff,
    0x79,0xce,0xff,0x79,0xce,0xff,0x79,0xce,0xff,0x79,0xce,0xff,0x79,0xce,0xff,0x79,
    0xce,0xff,0x79,0xce,0xff,0x79,0xce,0xff,0x9a,0xd6,0xff,0xbe,0xf7,0xff,0xff,0xff,
    0xff,0x7f,0xff,0xff,0xff,0x9b,0xff,0xff,0xff,0xff,0xff,0xff,0xff,0xff,0xff,0xff,
    0xff,0xff,0xff,0xff,0xff,0xff,0xff,0xff,0xff,0xff,0xff,0xff,0xff,0xff,0xff,0xff,
    0xff,0xff,0xff,0xff,0xff,0xff,0xff,0xff,0xff,0xff,0xff,0xff,0xff,0x96,0xff,0xff,
    0xa5,0xfe,0xff,0xa5,0xfe,0xff,0xa5,0xfe,0xff,0xa5,0xfe,0xff,0xa5,0xfe,0xff,0xa5,
    0xfe,0xff,0xa5,0xfe,0xff,0xa5,0xfe,0xff,0xa5,0xfe,0xff,0xa5,0xfe,0xff,0xc6,0xfe,
    0xff,0x51,0xff,0xff,0xff,0xff,0xff,0x4a,0xff,0xff,0xff,0x8b,0x3c,0xe7,0xff,0x79,
    0xce,0xff,0x79,0xce,0xff,0x79,0xce,0xff,0x79,0xce,0xff,0x79,0xce,0xff,0x79,0xce,
    0xff,0x79,0xce,0xff,0xba,0xd6,0xff,0xbe,0xf7,0xff,0xff,0xff,0xff,0x7f,0xff,0xff,
    0xff,0x9b,0xff,0xff,0xff,0xff,0xff,0xff,0xff,0xff,0xff,0xff,0xff,0xff,0xff,0xff,
    0xff,0xff,0xff,0xff,0xff,0xff,0xff,0xff,0xff,0xff,0xff,0xff,0xff,0xff,0xff,0xff,
    0xff,0xff,0xff,0xff,0xff,0xff,0xff,0xff,0xff,0xff,0xff,0xff,0xff,0xff,0xff,0x96,
    0xff,0xff,0xc6,0xfe,0xff,0xa5,0xfe,0xff,0xa5,0xfe,0xff,0xa5,0xfe,0xff,0xa5,0xfe,
    0xff,0xa5,0xfe,0xff,0xa5,0xfe,0xff,0xa5,0xfe,0xff,0x0d,0xff,0xff,0xdd,0xff,0xff,
    0xff,0xff,0xff,0x4c,0xff,0xff,0xff,0x88,0xdf,0xff,0xff,0x1c,0xe7,0xff,0xba,0xd6,
    0xff,0x79,0xce,0xff,0x9a,0xd6,0xff,0xdb,0xde,0xff,0x5d,0xef,0xff,0xff,0xff,0xff,
    0x7f,0xff,0xff,0xff,0x12,0xff,0xff,0xff,0x89,0xdc,0xff,0xff,0x2f,0xff,0xff,0xc7,
    0xfe,0xff,0xa5,0xfe,0xff,0xa5,0xfe,0xff,0xc6,0xfe,0xff,0x0d,0xff,0xff,0xba,0xff,
    0xff,0xff,0xff,0xff,0x7f,0xff,0xff,0xff,0x6b,0xff,0xff,0xff,0x83,0xdd,0xff,0xff,
    0xdd,0xff,0xff,0xff,0xff,0xff,0x7f,0xff,0xff,0xff,0x7f,0xff,0xff,0xff,0x7f,0xff,
    0xff,0xff,0x7f,0xff,0xff,0xff,0x7f,0xff,0xff,0xff,0x7f,0xff,0xff,0xff,0x7f,0xff,
    0xff,0xff,0x7f,0xff,0xff,0xff,0x7f,0xff,0xff,0xff,0x7f,0xff,0xff,0xff,0x7f,0xff,
    0xff,0xff,0x7f,0xff,0xff,0xff,0x7f,0xff,0xff,0xff,0x7f,0xff,0xff,0xff,0x7f,0xff,
    0xff,0xff,0x7f,0xff,0xff,0xff,0x7f,0xff,0xff,0xff,0x7f,0xff,0xff,0xff,0x7f,0xff,
    0xff,0xff,0x7f,0xff,0xff,0xff,0x7f,0xff,0xff,0xff,0x7f,0xff,0xff,0xff,0x7f,0xff,
    0xff,0xff,0x7f,0xff,0xff,0xff,0x7f,0xff,0xff,0xff,0x7f,0xff,0xff,0xff,0x7f,0xff,
    0xff,0xff,0x7f,0xff,0xff,0xff,0x7f,0xff,0xff,0xff,0x7f,0xff,0xff,0xff,0x7f,0xff,
    0xff,0xff,0x7f,0xff,0xff,0xff,0x7f,0xff,0xff,0xff,0x7f,0xff,0xff,0xff,0x7f,0xff,
    0xff,0xff,0x7f,0xff,0xff,0xff,0x7f,0xff,0xff,0xff,0x7f,0xff,0xff,0xff,0x7f,0xff,
    0xff,0xff,0x7f,0xff,0xff,0xff,0x7f,0xff,0xff,0xff,0x7f,0xff,0xff,0xff,0x7f,0xff,
    0xff,0xff,0x7f,0xff,0xff,0xff,0x7f,0xff,0xff,0xff,0x7f,0xff,0xff,0xff,0x7f,0xff,
    0xff,0xff,0x7f,0xff,0xff,0xff,0x7f,0xff,0xff,0xff,0x7f,0xff,0xff,0xff,0x7f,0xff,
    0xff,0xff,0x7f,0xff,0xff,0xff,0x7f,0xff,0xff,0xff,0x7f,0xff,0xff,0xff,0x7f,0xff,
    0xff,0xff,0x19,0xff,0xff,0xff,0x84,0x1a,0xff,0xff,0xd4,0xfd,0xff,0x92,0xfd,0xff,
    0x72,0xfd,0xff,0x1f,0x72,0xfd,0xff,0x84,0x92,0xfd,0xff,0x56,0xfe,0xff,0x5c,0xff,
    0xff,0xff,0xff,0xff,0x7f,0xff,0xff,0xff,0x13,0xff,0xff,0xff,0x84,0xfe,0xf7,0xff,
    0xd8,0xbf,0xff,0xd4,0x9f,0xff,0xd4,0x97,0xff,0x1f,0xd4,0x97,0xff,0x95,0xd5,0x9f,
    0xff,0xd8,0xbf,0xff,0xff,0xff,0xff,0xff,0xff,0xff,0xff,0xff,0xff,0xff,0xff,0xff,
    0xff,0xff,0xff,0xff,0xff,0xff,0xff,0xff,0xff,0xff,0xff,0xff,0xff,0xff,0xff,0xff,
    0xff,0xff,0xff,0xff,0xff,0xff,0xff,0xff,0xff,0xff,0xff,0xff,0xff,0xff,0xff,0xff,
    0xff,0xff,0xff,0xff,0x7d,0xff,0xff,0x30,0xfd,0xff,0x4b,0xfc,0xff,0x25,0x4b,0xfc,
    0xff,0x83,0x92,0xfd,0xff,0xbe,0xff,0xff,0xff,0xff,0xff,0x7f,0xff,0xff,0xff,0x92,
    0xff,0xff,0xff,0xff,0xff,0xff,0xff,0xff,0xff,0xff,0xff,0xff,0xff,0xff,0xff,0xff,
    0xff,0xff,0xff,0xff,0xff,0xff,0xff,0xff,0xff,0xff,0xff,0xff,0xff,0xff,0xff,0xff,
    0xff,0xff,0xff,0xff,0xff,0xff,0xff,0xff,0xff,0xff,0xff,0xff,0xff,0xfe,0xf7,0xff,
    0xd2,0x87,0xff,0xa8,0x2f,0xff,0x24,0xa8,0x2f,0xff,0x92,0xaa,0x3f,0xff,0xd4,0x9f,
    0xff,0xff,0xff,0xff,0xff,0xff,0xff,0xff,0xff,0xff,0xff,0xff,0xff,0xff,0xff,0xff,
    0xff,0xff,0xff,0xff,0xff,0xff,0xff,0xff,0xff,0xff,0xff,0xff,0xff,0xff,0xff,0xff,
    0xff,0xff,0xff,0xff,0xff,0xff,0xff,0xff,0x5c,0xff,0xff,0x6d,0xfc,0xff,0x4b,0xfc,
    0xff,0x27,0x4b,0xfc,0xff,0x83,0xae,0xfc,0xff,0xbe,0xff,0xff,0xff,0xff,0xff,0x7f,
    0xff,0xff,0xff,0x90,0xff,0xff,0xff,0xff,0xff,0xff,0xff,0xff,0xff,0xff,0xff,0xff,
    0xff,0xff,0xff,0xff,0xff,0xff,0xff,0xff,0xff,0xff,0xff,0xff,0xff,0xff,0xff,0xff,
    0xff,0xff,0xff,0xff,0xff,0xff,0xff,0xff,0xff,0xff,0xff,0xfe,0xf7,0xff,0xad,0x57,
    0xff,0xa8,0x2f,0xff,0x27,0xa8,0x2f,0xff,0x8f,0xae,0x67,0xff,0xff,0xff,0xff,0xff,
    0xff,0xff,0xff,0xff,0xff,0xff,0xff,0xff,0xff,0xff,0xff,0xff,0xff,0xff,0xff,0xff,
    0xff,0xff,0xff,0xff,0xff,0xff,0xff,0xff,0xff,0xff,0xff,0xff,0xff,0xdf,0xff,0xff,
    0xae,0xfc,0xff,0x4b,0xfc,0xff,0x29,0x4b,0xfc,0xff,0x82,0x51,0xfd,0xff,0xff,0xff,
    0xff,0x7f,0xff,0xff,0xff,0x8f,0xff,0xff,0xff,0xff,0xff,0xff,0xff,0xff,0xff,0xff,
    0xff,0xff,0xff,0xff,0xff,0xff,0xff,0xff,0xff,0xff,0xff,0xff,0xff,0xff,0xff,0xff,
    0xff,0xff,0xff,0xff,0xff,0xff,0xff,0xff,0xff,0xff,0xff,0xff,0xff,0xad,0x57,0xff,
    0xa8,0x2f,0xff,0x29,0xa8,0x2f,0xff,0x8d,0xd2,0x87,0xff,0xff,0xff,0xff,0xff,0xff,
    0xff,0xff,0xff,0xff,0xff,0xff,0xff,0xff,0xff,0xff,0xff,0xff,0xff,0xff,0xff,0xff,
    0xff,0xff,0xff,0xff,0xff,0xff,0xff,0xff,0xff,0x56,0xfe,0xff,0x4b,0xfc,0xff,0x2b,
    0x4b,0xfc,0xff,0x82,0x1a,0xff,0xff,0xff,0xff,0xff,0x7f,0xff,0xff,0xff,0x8d,0xff,
    0xff,0xff,0xff,0xff,0xff,0xff,0xff,0xff,0xff,0xff,0xff,0xff,0xff,0xff,0xff,0xff,
    0xff,0xff,0xff,0xff,0xff,0xff,0xff,0xff,0xff,0xff,0xff,0xff,0xff,0xff,0xff,0xff,
    0xd7,0xb7,0xff,0xa8,0x2f,0xff,0x2b,0xa8,0x2f,0xff,0x8c,0xfc,0xdf,0xff,0xff,0xff,
    0xff,0xff,0xff,0xff,0xff,0xff,0xff,0xff,0xff,0xff,0xff,0xff,0xff,0xff,0xff,0xff,
    0xff,0xff,0xff,0xff,0xff,0xff,0xff,0xff,0xff,0x10,0xfd,0xff,0x4b,0xfc,0xff,0x2b,
    0x4b,0xfc,0xff,0x82,0xd4,0xfd,0xff,0xff,0xff,0xff,0x7f,0xff,0xff,0xff,0x8d,0xff,
    0xff,0xff,0xff,0xff,0xff,0xff,0xff,0xff,0xff,0xff,0xff,0xff,0xff,0xff,0xff,0xff,
    0xff,0xff,0xff,0xff,0xff,0xff,0xff,0xff,0xff,0xff,0xff,0xff,0xff,0xff,0xff,0xff,
    0xae,0x67,0xff,0xa8,0x2f,0xff,0x2b,0xa8,0x2f,0xff,0x8c,0xd2,0x87,0xff,0xff,0xff,
    0xff,0xff,0xff,0xff,0xff,0xff,0xff,0xff,0xff,0xff,0xff,0xff,0xff,0xff,0xff,0xff,
    0xff,0xff,0xff,0xff,0xff,0xff,0xff,0xff,0xff,0x4c,0xfc,0xff,0x4b,0xfc,0xff,0x2b,
    0x4b,0xfc,0xff,0x82,0x10,0xfd,0xff,0xff,0xff,0xff,0x7f,0xff,0xff,0xff,0x8d,0xff,
    0xff,0xff,0xff,0xff,0xff,0xff,0xff,0xff,0xff,0xff,0xff,0xff,0xff,0xff,0xff,0xff,
    0xff,0xff,0xff,0xff,0xff,0xff,0xff,0xff,0xff,0xff,0xff,0xff,0xff,0xff,0xff,0xff,
    0xa9,0x37,0xff,0xa8,0x2f,0xff,0x2b,0xa8,0x2f,0xff,0x8b,0xad,0x57,0xff,0xff,0xff,
    0xff,0xff,0xff,0xff,0xff,0xff,0xff,0xff,0xff,0xff,0xff,0xff,0xff,0xff,0xff,0xff,
    0xff,0xff,0xff,0xff,0xff,0xff,0xdf,0xff,0xff,0x4b,0xfc,0xff,0x2c,0x4b,0xfc,0xff,
    0x82,0xcf,0xfc,0xff,0xff,0xff,0xff,0x7f,0xff,0xff,0xff,0x8c,0xff,0xff,0xff,0xff,
    0xff,0xff,0xff,0xff,0xff,0xff,0xff,0xff,0xff,0xff,0xff,0xff,0xff,0xff,0xff,0xff,
    0xff,0xff,0xff,0xff,0xff,0xff,0xff,0xff,0xff,0xff,0xff,0xff,0xff,0xa8,0x2f,0xff,
    0x2c,0xa8,0x2f,0xff,0x8c,0xad,0x57,0xff,0xff,0xff,0xff,0xff,0xff,0xff,0xff,0xff,
    0xff,0xff,0xff,0xff,0xff,0xff,0xff,0xff,0xff,0xff,0xff,0xff,0xff,0xff,0xff,0xff,
    0xff,0xff,0xff,0x8d,0xfc,0xff,0x4b,0xfc,0xff,0x2b,0x4b,0xfc,0xff,0x82,0x51,0xfd,
    0xff,0xff,0xff,0xff,0x7f,0xff,0xff,0xff,0x8d,0xff,0xff,0xff,0xff,0xff,0xff,0xff,
    0xff,0xff,0xff,0xff,0xff,0xff,0xff,0xff,0xff,0xff,0xff,0xff,0xff,0xff,0xff,0xff,
    0xff,0xff,0xff,0xff,0xff,0xff,0xff,0xff,0xff,0xff,0xa9,0x37,0xff,0xa8,0x2f,0xff,
    0x2b,0xa8,0x2f,0xff,0x8c,0xad,0x57,0xff,0xff,0xff,0xff,0xff,0xff,0xff,0xff,0xff,
    0xff,0xff,0xff,0xff,0xff,0xff,0xff,0xff,0xff,0xff,0xff,0xff,0xff,0xff,0xff,0xff,
    0xff,0xff,0xff,0x92,0xfd,0xff,0x4b,0xfc,0xff,0x2b,0x4b,0xfc,0xff,0x82,0x56,0xfe,
    0xff,0xff,0xff,0xff,0x7f,0xff,0xff,0xff,0x8d,0xff,0xff,0xff,0xff,0xff,0xff,0xff,
    0xff,0xff,0xff,0xff,0xff,0xff,0xff,0xff,0xff,0xff,0xff,0xff,0xff,0xff,0xff,0xff,
    0xff,0xff,0xff,0xff,0xff,0xff,0xff,0xff,0xff,0xff,0xae,0x67,0xff,0xa8,0x2f,0xff,
    0x2b,0xa8,0x2f,0xff,0x8c,0xd4,0x97,0xff,0xff,0xff,0xff,0xff,0xff,0xff,0xff,0xff,
    0xff,0xff,0xff,0xff,0xff,0xff,0xff,0xff,0xff,0xff,0xff,0xff,0xff,0xff,0xff,0xff,
    0xff,0xff,0xff,0x3b,0xff,0xff,0x4b,0xfc,0xff,0x2a,0x4b,0xfc,0xff,0x83,0x6d,0xfc,
    0xff,0xbe,0xff,0xff,0xff,0xff,0xff,0x7f,0xff,0xff,0xff,0x8d,0xff,0xff,0xff,0xff,
    0xff,0xff,0xff,0xff,0xff,0xff,0xff,0xff,0xff,0xff,0xff,0xff,0xff,0xff,0xff,0xff,
    0xff,0xff,0xff,0xff,0xff,0xff,0xff,0xff,0xff,0xff,0xff,0xff,0xff,0xd8,0xbf,0xff,
    0xa8,0x2f,0xff,0x2b,0xa8,0x2f,0xff,0x8d,0xfc,0xdf,0xff,0xff,0xff,0xff,0xff,0xff,
    0xff,0xff,0xff,0xff,0xff,0xff,0xff,0xff,0xff,0xff,0xff,0xff,0xff,0xff,0xff,0xff,
    0xff,0xff,0xff,0xff,0xff,0xff,0xff,0xff,0xff,0xd4,0xfd,0xff,0x4b,0xfc,0xff,0x29,
    0x4b,0xfc,0xff,0x82,0xb9,0xfe,0xff,0xff,0xff,0xff,0x7f,0xff,0xff,0xff,0x8f,0xff,
    0xff,0xff,0xff,0xff,0xff,0xff,0xff,0xff,0xff,0xff,0xff,0xff,0xff,0xff,0xff,0xff,
    0xff,0xff,0xff,0xff,0xff,0xff,0xff,0xff,0xff,0xff,0xff,0xff,0xff,0xff,0xff,0xff,
    0xff,0xff,0xff,0xff,0xff,0xff,0xae,0x67,0xff,0xa8,0x2f,0xff,0x29,0xa8,0x2f,0xff,
    0x8f,0xd4,0x97,0xff,0xff,0xff,0xff,0xff,0xff,0xff,0xff,0xff,0xff,0xff,0xff,0xff,
    0xff,0xff,0xff,0xff,0xff,0xff,0xff,0xff,0xff,0xff,0xff,0xff,0xff,0xff,0xff,0xff,
    0xff,0xff,0xff,0xff,0xff,0xff,0xff,0xff,0xd4,0xfd,0xff,0x4b,0xfc,0xff,0x26,0x4b,
    0xfc,0xff,0x83,0x4c,0xfc,0xff,0x56,0xfe,0xff,0xff,0xff,0xff,0x7f,0xff,0xff,0xff,
    0x91,0xff,0xff,0xff,0xff,0xff,0xff,0xff,0xff,0xff,0xff,0xff,0xff,0xff,0xff,0xff,
    0xff,0xff,0xff,0xff,0xff,0xff,0xff,0xff,0xff,0xff,0xff,0xff,0xff,0xff,0xff,0xff,
    0xff,0xff,0xff,0xff,0xff,0xff,0xff,0xff,0xff,0xff,0xff,0xfe,0xf7,0xff,0xad,0x57,
    0xff,0xa8,0x2f,0xff,0x27,0xa8,0x2f,0xff,0x92,0xd0,0x7f,0xff,0xff,0xff,0xff,0xff,
    0xff,0xff,0xff,0xff,0xff,0xff,0xff,0xff,0xff,0xff,0xff,0xff,0xff,0xff,0xff,0xff,
    0xff,0xff,0xff,0xff,0xff,0xff,0xff,0xff,0xff,0xff,0xff,0xff,0xff,0xff,0xff,0xff,
    0xff,0xff,0xff,0xff,0xff,0xff,0xda,0xfe,0xff,0x30,0xfd,0xff,0x4b,0xfc,0xff,0x22,
    0x4b,0xfc,0xff,0x84,0x4c,0xfc,0xff,0x72,0xfd,0xff,0x5c,0xff,0xff,0xff,0xff,0xff,
    0x7f,0xff,0xff,0xff,0x11,0xff,0xff,0xff,0x83,0xd4,0x97,0xff,0xaa,0x3f,0xff,0xa8,
    0x2f,0xff,0x23,0xa8,0x2f,0xff,0x96,0xaa,0x3f,0xff,0xd6,0xaf,0xff,0xff,0xff,0xff,
    0xff,0xff,0xff,0xff,0xff,0xff,0xff,0xff,0xff,0xff,0xff,0xff,0xff,0xff,0xff,0xff,
    0xff,0xff,0xff,0xff,0xff,0xff,0xff,0xff,0xff,0xff,0xff,0xff,0xff,0xff,0xff,0xff,
    0xff,0xff,0xff,0xff,0xff,0xff,0xff,0xff,0xff,0xff,0xff,0xff,0xff,0xff,0xff,0xff,
    0xbe,0xff,0xff,0x5c,0xff,0xff,0x1a,0xff,0xff,0x1f,0x1a,0xff,0xff,0x83,0x5c,0xff,
    0xff,0xdf,0xff,0xff,0xff,0xff,0xff,0x7f,0xff,0xff,0xff,0x15,0xff,0xff,0xff,0x83,
    0xfa,0xcf,0xff,0xd6,0xaf,0xff,0xd5,0xa7,0xff,0x1f,0xd5,0xa7,0xff,0x83,0xd7,0xb7,
    0xff,0xfa,0xcf,0xff,0xff,0xff,0xff,0x7f,0xff,0xff,0xff,0x7f,0xff,0xff,0xff,0x7f,
    0xff,0xff,0xff,0x7f,0xff,0xff,0xff,0x7f,0xff,0xff,0xff,0x7f,0xff,0xff,0xff,0x7f,
    0xff,0xff,0xff,0x7f,0xff,0xff,0xff,0x7f,0xff,0xff,0xff,0x7f,0xff,0xff,0xff,0x7f,
    0xff,0xff,0xff,0x7f,0xff,0xff,0xff,0x7f,0xff,0xff,0xff,0x7f,0xff,0xff,0xff,0x7f,
    0xff,0xff,0xff,0x7f,0xff,0xff,0xff,0x7f,0xff,0xff,0xff,0x7f,0xff,0xff,0xff,0x7f,
    0xff,0xff,0xff,0x7f,0xff,0xff,0xff,0x7f,0xff,0xff,0xff,0x7f,0xff,0xff,0xff,0x7f,
    0xff,0xff,0xff,0x7f,0xff,0xff,0xff,0x7f,0xff,0xff,0xff,0x7f,0xff,0xff,0xff,0x7f,
    0xff,0xff,0xff,0x7f,0xff,0xff,0xff,0x7f,0xff,0xff,0xff,0x7f,0xff,0xff,0xff,0x7f,
    0xff,0xff,0xff,0x7f,0xff,0xff,0xff,0x7f,0xff,0xff,0xff,0x7f,0xff,0xff,0xff,0x7f,
    0xff,0xff,0xff,0x7f,0xff,0xff,0xff,0x7f,0xff,0xff,0xff,0x7f,0xff,0xff,0xff,0x7f,
    0xff,0xff,0xff,0x7f,0xff,0xff,0xff,0x7f,0xff,0xff,0xff,0x7f,0xff,0xff,0xff,0x7f,
    0xff,0xff,0xff,0x7f,0xff,0xff,0xff,0x7f,0xff,0xff,0xff,0x7f,0xff,0xff,0xff,0x7f,
    0xff,0xff,0xff,0x7f,0xff,0xff,0xff,0x7f,0xff,0xff,0xff,0x7f,0xff,0xff,0xff,0x7f,
    0xff,0xff,0xff,0x7f,0xff,0xff,0xff,0x7f,0xff,0xff,0xff,0x7f,0xff,0xff,0xff,0x7f,
    0xff,0xff,0xff,0x18,0xff,0xff,0xff,0x86,0xff,0xf7,0xff,0xbe,0xd7,0xff,0xbe,0xcf,
    0xff,0xbe,0xcf,0xff,0xdf,0xef,0xff,0xff,0xff,0xff,0x7f,0xff,0xff,0xff,0x15,0xff,
    0xff,0xff,0x85,0xdf,0xf7,0xff,0x5e,0xd7,0xff,0x5e,0xd7,0xff,0xdf,0xf7,0xff,0xff,
    0xff,0xff,0x4f,0xff,0xff,0xff,0x8a,0xff,0xf7,0xff,0x7d,0xaf,0xff,0x1c,0x77,0xff,
    0xfc,0x6e,0xff,0xfc,0x6e,0xff,0xfc,0x6e,0xff,0xfc,0x6e,0xff,0x3c,0x87,0xff,0xbe,
    0xd7,0xff,0xff,0xff,0xff,0x7f,0xff,0xff,0xff,0x11,0xff,0xff,0xff,0x89,0x1d,0xc7,
    0xff,0xf8,0x4c,0xff,0xd6,0x13,0xff,0xd6,0x13,0xff,0xd6,0x13,0xff,0xf6,0x13,0xff,
    0xf8,0x4c,0xff,0x1d,0xc7,0xff,0xff,0xff,0xff,0x4c,0xff,0xff,0xff,0x8c,0x9e,0xbf,
    0xff,0x1c,0x77,0xff,0xfc,0x6e,0xff,0xfc,0x6e,0xff,0xfc,0x6e,0xff,0xfc,0x6e,0xff,
    0xfc,0x6e,0xff,0xfc,0x6e,0xff,0xfc,0x6e,0xff,0xfc,0x6e,0xff,0x9e,0xbf,0xff,0xff,
    0xff,0xff,0x7f,0xff,0xff,0xff,0x9b,0xff,0xff,0xff,0xff,0xff,0xff,0xff,0xff,0xff,
    0xff,0xff,0xff,0xff,0xff,0xff,0xff,0xff,0xff,0xff,0xff,0xff,0xff,0xff,0xff,0xff,
    0xff,0xff,0xff,0xff,0xff,0xff,0xff,0xff,0xff,0xff,0xff,0xff,0xff,0xff,0xff,0xff,
    0xff,0xff,0xff,0xff,0xba,0x7d,0xff,0xd6,0x13,0xff,0xd6,0x13,0xff,0xd6,0x13,0xff,
    0xd6,0x13,0xff,0xd6,0x13,0xff,0xd6,0x13,0xff,0xd6,0x13,0xff,0xd6,0x13,0xff,0x19,
    0x55,0xff,0x9e,0xe7,0xff,0xff,0xff,0xff,0x48,0xff,0xff,0xff,0x8f,0xbe,0xd7,0xff,
    0x1c,0x7f,0xff,0xfc,0x6e,0xff,0xfc,0x6e,0xff,0xfc,0x6e,0xff,0xfc,0x6e,0xff,0xfc,
    0x6e,0xff,0xfc,0x6e,0xff,0xfc,0x6e,0xff,0xfc,0x6e,0xff,0xfc,0x6e,0xff,0xfc,0x6e,
    0xff,0xfc,0x6e,0xff,0xbe,0xcf,0xff,0xff,0xff,0xff,0x7f,0xff,0xff,0xff,0x9c,0xff,
    0xff,0xff,0xff,0xff,0xff,0xff,0xff,0xff,0xff,0xff,0xff,0xff,0xff,0xff,0xff,0xff,
    0xff,0xff,0xff,0xff,0xff,0xff,0xff,0xff,0xff,0xff,0xff,0xff,0xff,0xff,0xff,0xff,
    0xff,0xff,0xff,0xff,0xff,0xff,0xfb,0x8d,0xff,0xd6,0x13,0xff,0xd6,0x13,0xff,0xd6,
    0x13,0xff,0xd6,0x13,0xff,0xd6,0x13,0xff,0xd6,0x13,0xff,0xd6,0x13,0xff,0xd6,0x13,
    0xff,0xd6,0x13,0xff,0xd6,0x13,0xff,0xf6,0x1b,0xff,0xba,0x7d,0xff,0xdf,0xf7,0xff,
    0xff,0xff,0xff,0x44,0xff,0xff,0xff,0x91,0xdf,0xe7,0xff,0x5d,0x97,0xff,0xfc,0x6e,
    0xff,0xfc,0x6e,0xff,0xfc,0x6e,0xff,0xfc,0x6e,0xff,0xfc,0x6e,0xff,0xfc,0x6e,0xff,
    0xfc,0x6e,0xff,0xfc,0x6e,0xff,0xfc,0x6e,0xff,0xfc,0x6e,0xff,0xfc,0x6e,0xff,0xfc,
    0x6e,0xff,0xfc,0x6e,0xff,0x1c,0x7f,0xff,0xff,0xff,0xff,0x7f,0xff,0xff,0xff,0x9d,
    0xff,0xff,0xff,0xff,0xff,0xff,0xff,0xff,0xff,0xff,0xff,0xff,0xff,0xff,0xff,0xff,
    0xff,0xff,0xff,0xff,0xff,0xff,0xff,0xff,0xff,0xff,0xff,0xff,0xff,0xff,0xff,0xff,
    0xff,0xff,0xff,0xff,0x5e,0xd7,0xff,0xf6,0x13,0xff,0xd6,0x13,0xff,0xd6,0x13,0xff,
    0xd6,0x13,0xff,0xd6,0x13,0xff,0xd6,0x13,0xff,0xd6,0x13,0xff,0xd6,0x13,0xff,0xd6,
    0x13,0xff,0xd6,0x13,0xff,0xd6,0x13,0xff,0xd6,0x13,0xff,0xd6,0x13,0xff,0x57,0x2c,
    0xff,0x7c,0xa6,0xff,0xff,0xff,0xff,0x41,0xff,0xff,0xff,0x94,0xff,0xf7,0xff,0x7d,
    0xaf,0xff,0x1c,0x6f,0xff,0xfc,0x6e,0xff,0xfc,0x6e,0xff,0xfc,0x6e,0xff,0xfc,0x6e,
    0xff,0xfc,0x6e,0xff,0xfc,0x6e,0xff,0xfc,0x6e,0xff,0xfc,0x6e,0xff,0xfc,0x6e,0xff,
    0xfc,0x6e,0xff,0xfc,0x6e,0xff,0xfc,0x6e,0xff,0xfc,0x6e,0xff,0xfc,0x6e,0xff,0xfc,
    0x6e,0xff,0xbe,0xcf,0xff,0xff,0xff,0xff,0x7f,0xff,0xff,0xff,0x9e,0xff,0xff,0xff,
    0xff,0xff,0xff,0xff,0xff,0xff,0xff,0xff,0xff,0xff,0xff,0xff,0xff,0xff,0xff,0xff,
    0xff,0xff,0xff,0xff,0xff,0xff,0xff,0xff,0xff,0xff,0xff,0xff,0xff,0xff,0x9a,0x75,
    0xff,0xd6,0x13,0xff,0xd6,0x13,0xff,0xd6,0x13,0xff,0xd6,0x13,0xff,0xd6,0x13,0xff,
    0xd6,0x13,0xff,0xd6,0x13,0xff,0xd6,0x13,0xff,0xd6,0x13,0xff,0xd6,0x13,0xff,0xd6,
    0x13,0xff,0xd6,0x13,0xff,0xd6,0x13,0xff,0xd6,0x13,0xff,0xd6,0x13,0xff,0x98,0x3c,
    0xff,0x1d,0xc7,0xff,0xff,0xff,0xff,0x3e,0xff,0xff,0xff,0x95,0x9e,0xc7,0xff,0x1c,
    0x77,0xff,0xfc,0x6e,0xff,0xfc,0x6e,0xff,0xfc,0x6e,0xff,0xfc,0x6e,0xff,0xfc,0x6e,
    0xff,0xfc,0x6e,0xff,0xfc,0x6e,0xff,0xfc,0x6e,0xff,0xfc,0x6e,0xff,0xfc,0x6e,0xff,
    0xfc,0x6e,0xff,0xfc,0x6e,0xff,0xfc,0x6e,0xff,0xfc,0x6e,0xff,0xfc,0x6e,0xff,0xfc,
    0x6e,0xff,0xfc,0x6e,0xff,0x7d,0xaf,0xff,0xff,0xff,0xff,0x7f,0xff,0xff,0xff,0xa0,
    0xff,0xff,0xff,0xff,0xff,0xff,0xff,0xff,0xff,0xff,0xff,0xff,0xff,0xff,0xff,0xff,
    0xff,0xff,0xff,0xff,0xff,0xff,0xff,0xff,0xff,0xff,0xff,0xff,0xff,0xff,0xff,0xff,
    0xff,0x98,0x3c,0xff,0xd6,0x13,0xff,0xd6,0x13,0xff,0xd6,0x13,0xff,0xd6,0x13,0xff,
    0xd6,0x13,0xff,0xd6,0x13,0xff,0xd6,0x13,0xff,0xd6,0x13,0xff,0xd6,0x13,0xff,0xd6,
    0x13,0xff,0xd6,0x13,0xff,0xd6,0x13,0xff,0xd6,0x13,0xff,0xd6,0x13,0xff,0xd6,0x13,
    0xff,0xd6,0x13,0xff,0xf6,0x13,0xff,0x59,0x65,0xff,0x9e,0xe7,0xff,0xff,0xff,0xff,
    0x3a,0xff,0xff,0xff,0x83,0xbe,0xd7,0xff,0x3c,0x87,0xff,0xfc,0x6e,0xff,0x12,0xfc,
    0x6e,0xff,0x82,0x5d,0xa7,0xff,0xff,0xff,0xff,0x7f,0xff,0xff,0xff,0x8d,0xff,0xff,
    0xff,0xff,0xff,0xff,0xff,0xff,0xff,0xff,0xff,0xff,0xff,0xff,0xff,0xff,0xff,0xff,
    0xff,0xff,0xff,0xff,0xff,0xff,0xff,0xff,0xff,0xff,0xff,0xff,0xff,0xff,0xff,0x17,
    0x1c,0xff,0xd6,0x13,0xff,0x11,0xd6,0x13,0xff,0x84,0xf6,0x1b,0xff,0xfb,0x8d,0xff,
    0xdf,0xff,0xff,0xff,0xff,0xff,0x36,0xff,0xff,0xff,0x83,0xdf,0xef,0xff,0x5d,0x97,
    0xff,0xfc,0x6e,0xff,0x14,0xfc,0x6e,0xff,0x82,0x7d,0xaf,0xff,0xff,0xff,0xff,0x7f,
    0xff,0xff,0xff,0x8d,0xff,0xff,0xff,0xff,0xff,0xff,0xff,0xff,0xff,0xff,0xff,0xff,
    0xff,0xff,0xff,0xff,0xff,0xff,0xff,0xff,0xff,0xff,0xff,0xff,0xff,0xff,0xff,0xff,
    0xff,0xff,0xff,0xff,0xff,0x57,0x2c,0xff,0xd6,0x13,0xff,0x13,0xd6,0x13,0xff,0x83,
    0x57,0x2c,0xff,0xbd,0xb6,0xff,0xff,0xff,0xff,0x34,0xff,0xff,0xff,0x83,0x7e,0xb7,
    0xff,0x1c,0x77,0xff,0xfc,0x6e,0xff,0x15,0xfc,0x6e,0xff,0x82,0xbe,0xcf,0xff,0xff,
    0xff,0xff,0x7f,0xff,0xff,0xff,0x8d,0xff,0xff,0xff,0xff,0xff,0xff,0xff,0xff,0xff,
    0xff,0xff,0xff,0xff,0xff,0xff,0xff,0xff,0xff,0xff,0xff,0xff,0xff,0xff,0xff,0xff,
    0xff,0xff,0xff,0xff,0xff,0xff,0xff,0xff,0x19,0x55,0xff,0xd6,0x13,0xff,0x15,0xd6,
    0x13,0xff,0x83,0xf8,0x4c,0xff,0x5e,0xd7,0xff,0xff,0xff,0xff,0x30,0xff,0xff,0xff,
    0x83,0xbe,0xcf,0xff,0x1c,0x7f,0xff,0xfc,0x6e,0xff,0x16,0xfc,0x6e,0xff,0x83,0x1c,
    0x77,0xff,0xff,0xf7,0xff,0xff,0xff,0xff,0x7f,0xff,0xff,0xff,0x8d,0xff,0xff,0xff,
    0xff,0xff,0xff,0xff,0xff,0xff,0xff,0xff,0xff,0xff,0xff,0xff,0xff,0xff,0xff,0xff,
    0xff,0xff,0xff,0xff,0xff,0xff,0xff,0xff,0xff,0xff,0xff,0xff,0xff,0xff,0x7c,0xa6,
    0xff,0xd6,0x13,0xff,0x17,0xd6,0x13,0xff,0x83,0x9a,0x75,0xff,0xbf,0xef,0xff,0xff,
    0xff,0xff,0x2c,0xff,0xff,0xff,0x83,0xdf,0xe7,0xff,0x3c,0x87,0xff,0xfc,0x6e,0xff,
    0x18,0xfc,0x6e,0xff,0x82,0x9e,0xc7,0xff,0xff,0xff,0xff,0x7f,0xff,0xff,0xff,0x8f,
    0xff,0xff,0xff,0xff,0xff,0xff,0xff,0xff,0xff,0xff,0xff,0xff,0xff,0xff,0xff,0xff,
    0xff,0xff,0xff,0xff,0xff,0xff,0xff,0xff,0xff,0xff,0xff,0xff,0xff,0xff,0xff,0xff,
    0xff,0xff,0xff,0xff,0xff,0xff,0xff,0x98,0x3c,0xff,0xd6,0x13,0xff,0x17,0xd6,0x13,
    0xff,0x83,0x17,0x1c,0xff,0x3b,0x9e,0xff,0xff,0xff,0xff,0x29,0xff,0xff,0xff,0x83,
    0xff,0xf7,0xff,0x5d,0xa7,0xff,0xfc,0x6e,0xff,0x19,0xfc,0x6e,0xff,0x82,0x7d,0xaf,
    0xff,0xff,0xff,0xff,0x7f,0xff,0xff,0xff,0x91,0xff,0xff,0xff,0xff,0xff,0xff,0xff,
    0xff,0xff,0xff,0xff,0xff,0xff,0xff,0xff,0xff,0xff,0xff,0xff,0xff,0xff,0xff,0xff,
    0xff,0xff,0xff,0xff,0xff,0xff,0xff,0xff,0xff,0xff,0xff,0xff,0xff,0xff,0xff,0xff,
    0xff,0xff,0xff,0x5e,0xd7,0xff,0x57,0x2c,0xff,0xd6,0x13,0xff,0x18,0xd6,0x13,0xff,
    0x83,0x98,0x3c,0xff,0xbd,0xb6,0xff,0xff,0xff,0xff,0x26,0xff,0xff,0xff,0x83,0x9e,
    0xbf,0xff,0x1c,0x77,0xff,0xfc,0x6e,0xff,0x18,0xfc,0x6e,0xff,0x83,0x1c,0x77,0xff,
    0x9e,0xc7,0xff,0xff,0xff,0xff,0x7f,0xff,0xff,0xff,0x10,0xff,0xff,0xff,0x83,0x9e,
    0xe7,0xff,0xf8,0x4c,0xff,0xd6,0x13,0xff,0x19,0xd6,0x13,0xff,0x83,0x19,0x55,0xff,
    0x5e,0xd7,0xff,0xff,0xff,0xff,0x22,0xff,0xff,0xff,0x83,0xbe,0xcf,0xff,0x1c,0x7f,
    0xff,0xfc,0x6e,0xff,0x18,0xfc,0x6e,0xff,0x84,0x1c,0x6f,0xff,0x7d,0xaf,0xff,0xff,
    0xf7,0xff,0xff,0xff,0xff,0x7f,0xff,0xff,0xff,0x13,0xff,0xff,0xff,0x83,0xbd,0xb6,
    0xff,0x57,0x2c,0xff,0xd6,0x13,0xff,0x18,0xd6,0x13,0xff,0x84,0xf6,0x1b,0xff,0xba,
    0x7d,0xff,0xdf,0xf7,0xff,0xff,0xff,0xff,0x1e,0xff,0xff,0xff,0x83,0xdf,0xe7,0xff,
    0x5d,0x97,0xff,0xfc,0x6e,0xff,0x19,0xfc,0x6e,0xff,0x83,0x5d,0x97,0xff,0xdf,0xe7,
    0xff,0xff,0xff,0xff,0x7f,0xff,0xff,0xff,0x16,0xff,0xff,0xff,0x84,0xdf,0xff,0xff,
    0xfb,0x8d,0xff,0xf6,0x1b,0xff,0xd6,0x13,0xff,0x18,0xd6,0x13,0xff,0x83,0x57,0x2c,
    0xff,0x3b,0x9e,0xff,0xff,0xff,0xff,0x1b,0xff,0xff,0xff,0x83,0xff,0xf7,0xff,0x7d,
    0xaf,0xff,0xfc,0x6e,0xff,0x19,0xfc,0x6e,0xff,0x83,0x3c,0x87,0xff,0xbe,0xcf,0xff,
    0xff,0xff,0xff,0x7f,0xff,0xff,0xff,0x1a,0xff,0xff,0xff,0x84,0x9e,0xe7,0xff,0x59,
    0x65,0xff,0xf6,0x13,0xff,0xd6,0x13,0xff,0x18,0xd6,0x13,0xff,0x83,0x98,0x3c,0xff,
    0x1d,0xc7,0xff,0xff,0xff,0xff,0x18,0xff,0xff,0xff,0x83,0x9e,0xc7,0xff,0x1c,0x77,
    0xff,0xfc,0x6e,0xff,0x18,0xfc,0x6e,0xff,0x83,0x1c,0x77,0xff,0x9e,0xbf,0xff,0xff,
    0xff,0xff,0x7f,0xff,0xff,0xff,0x1e,0xff,0xff,0xff,0x83,0x1d,0xc7,0xff,0x98,0x3c,
    0xff,0xd6,0x13,0xff,0x19,0xd6,0x13,0xff,0x83,0x59,0x65,0xff,0x9e,0xe7,0xff,0xff,
    0xff,0xff,0x15,0xff,0xff,0xff,0x82,0x5d,0x97,0xff,0xfc,0x6e,0xff,0x19,0xfc,0x6e,
    0xff,0x83,0x5d,0xa7,0xff,0xff,0xf7,0xff,0xff,0xff,0xff,0x7f,0xff,0xff,0xff,0x21,
    0xff,0xff,0xff,0x83,0x7c,0xa6,0xff,0x57,0x2c,0xff,0xd6,0x13,0xff,0x18,0xd6,0x13,
    0xff,0x83,0x17,0x1c,0xff,0xbd,0xb6,0xff,0xff,0xff,0xff,0x13,0xff,0xff,0xff,0x82,
    0x5d,0xa7,0xff,0xfc,0x6e,0xff,0x18,0xfc,0x6e,0xff,0x83,0x3c,0x87,0xff,0xdf,0xe7,
    0xff,0xff,0xff,0xff,0x7f,0xff,0xff,0xff,0x24,0xff,0xff,0xff,0x84,0xdf,0xf7,0xff,
    0xba,0x7d,0xff,0xf6,0x1b,0xff,0xd6,0x13,0xff,0x17,0xd6,0x13,0xff,0x83,0xf6,0x1b,
    0xff,0x1d,0xc7,0xff,0xff,0xff,0xff,0x11,0xff,0xff,0xff,0x82,0xdf,0xe7,0xff,0xfc,
    0x6e,0xff,0x17,0xfc,0x6e,0xff,0x83,0x1c,0x7f,0xff,0xbe,0xcf,0xff,0xff,0xff,0xff,
    0x7f,0xff,0xff,0xff,0x28,0xff,0xff,0xff,0x83,0x5e,0xd7,0xff,0x19,0x55,0xff,0xd6,
    0x13,0xff,0x17,0xd6,0x13,0xff,0x82,0x98,0x3c,0xff,0xff,0xff,0xff,0x11,0xff,0xff,
    0xff,0x82,0x5d,0xa7,0xff,0xfc,0x6e,0xff,0x15,0xfc,0x6e,0xff,0x83,0x1c,0x77,0xff,
    0x7e,0xb7,0xff,0xff,0xff,0xff,0x7f,0xff,0xff,0xff,0x2c,0xff,0xff,0xff,0x83,0xbd,
    0xb6,0xff,0x98,0x3c,0xff,0xd6,0x13,0xff,0x15,0xd6,0x13,0xff,0x95,0xf6,0x13,0xff,
    0xbd,0xb6,0xff,0xff,0xff,0xff,0xff,0xff,0xff,0xff,0xff,0xff,0xff,0xff,0xff,0xff,
    0xff,0xff,0xff,0xff,0xff,0xff,0xff,0xff,0xff,0xff,0xff,0xff,0xff,0xff,0xff,0xff,
    0xff,0xff,0xff,0xff,0xff,0xff,0xff,0xff,0xff,0xff,0xff,0xff,0xff,0xff,0xff,0xff,
    0xff,0xff,0xff,0xff,0xff,0xff,0x1c,0x7f,0xff,0xfc,0x6e,0xff,0x14,0xfc,0x6e,0xff,
    0x83,0x5d,0xa7,0xff,0xdf,0xef,0xff,0xff,0xff,0xff,0x7f,0xff,0xff,0xff,0x2f,0xff,
    0xff,0xff,0x83,0x3b,0x9e,0xff,0x17,0x1c,0xff,0xd6,0x13,0xff,0x14,0xd6,0x13,0xff,
    0x94,0xba,0x7d,0xff,0xff,0xff,0xff,0xff,0xff,0xff,0xff,0xff,0xff,0xff,0xff,0xff,
    0xff,0xff,0xff,0xff,0xff,0xff,0xff,0xff,0xff,0xff,0xff,0xff,0xff,0xff,0xff,0xff,
    0xff,0xff,0xff,0xff,0xff,0xff,0xff,0xff,0xff,0xff,0xff,0xff,0xff,0xff,0xff,0xff,
    0xff,0xff,0xff,0xff,0xff,0xff,0xff,0x1c,0x77,0xff,0xfc,0x6e,0xff,0x12,0xfc,0x6e,
    0xff,0x83,0x3c,0x87,0xff,0xbe,0xd7,0xff,0xff,0xff,0xff,0x7f,0xff,0xff,0xff,0x32,
    0xff,0xff,0xff,0x84,0xbf,0xef,0xff,0x9a,0x75,0xff,0xf6,0x13,0xff,0xd6,0x13,0xff,
    0x12,0xd6,0x13,0xff,0xa7,0x59,0x65,0xff,0xff,0xff,0xff,0xff,0xff,0xff,0xff,0xff,
    0xff,0xff,0xff,0xff,0xff,0xff,0xff,0xff,0xff,0xff,0xff,0xff,0xff,0xff,0xff,0xff,
    0xff,0xff,0xff,0xff,0xff,0xff,0xff,0xff,0xff,0xff,0xff,0xff,0xff,0xff,0xff,0xff,
    0xff,0xff,0xff,0xff,0xff,0xff,0xff,0xff,0xff,0xff,0xff,0x1c,0x7f,0xff,0xfc,0x6e,
    0xff,0xfc,0x6e,0xff,0xfc,0x6e,0xff,0xfc,0x6e,0xff,0xfc,0x6e,0xff,0xfc,0x6e,0xff,
    0xfc,0x6e,0xff,0xfc,0x6e,0xff,0xfc,0x6e,0xff,0xfc,0x6e,0xff,0xfc,0x6e,0xff,0xfc,
    0x6e,0xff,0xfc,0x6e,0xff,0xfc,0x6e,0xff,0xfc,0x6e,0xff,0xfc,0x6e,0xff,0xfc,0x6e,
    0xff,0x1c,0x7f,0xff,0x9e,0xc7,0xff,0xff,0xff,0xff,0x7f,0xff,0xff,0xff,0x36,0xff,
    0xff,0xff,0x83,0x5e,0xd7,0xff,0xf8,0x4c,0xff,0xd6,0x13,0xff,0x11,0xd6,0x13,0xff,
    0xa6,0x9a,0x75,0xff,0xff,0xff,0xff,0xff,0xff,0xff,0xff,0xff,0xff,0xff,0xff,0xff,
    0xff,0xff,0xff,0xff,0xff,0xff,0xff,0xff,0xff,0xff,0xff,0xff,0xff,0xff,0xff,0xff,
    0xff,0xff,0xff,0xff,0xff,0xff,0xff,0xff,0xff,0xff,0xff,0xff,0xff,0xff,0xff,0xff,
    0xff,0xff,0xff,0xff,0xff,0xff,0xff,0x5d,0x97,0xff,0xfc,0x6e,0xff,0xfc,0x6e,0xff,
    0xfc,0x6e,0xff,0xfc,0x6e,0xff,0xfc,0x6e,0xff,0xfc,0x6e,0xff,0xfc,0x6e,0xff,0xfc,
    0x6e,0xff,0xfc,0x6e,0xff,0xfc,0x6e,0xff,0xfc,0x6e,0xff,0xfc,0x6e,0xff,0xfc,0x6e,
    0xff,0xfc,0x6e,0xff,0xfc,0x6e,0xff,0x1c,0x77,0xff,0x7d,0xaf,0xff,0xff,0xf7,0xff,
    0xff,0xff,0xff,0x7f,0xff,0xff,0xff,0x39,0xff,0xff,0xff,0xb6,0xbd,0xb6,0xff,0x57,
    0x2c,0xff,0xd6,0x13,0xff,0xd6,0x13,0xff,0xd6,0x13,0xff,0xd6,0x13,0xff,0xd6,0x13,
    0xff,0xd6,0x13,0xff,0xd6,0x13,0xff,0xd6,0x13,0xff,0xd6,0x13,0xff,0xd6,0x13,0xff,
    0xd6,0x13,0xff,0xd6,0x13,0xff,0xd6,0x13,0xff,0xd6,0x13,0xff,0xd6,0x13,0xff,0xd6,
    0x13,0xff,0x3b,0x9e,0xff,0xff,0xff,0xff,0xff,0xff,0xff,0xff,0xff,0xff,0xff,0xff,
    0xff,0xff,0xff,0xff,0xff,0xff,0xff,0xff,0xff,0xff,0xff,0xff,0xff,0xff,0xff,0xff,
    0xff,0xff,0xff,0xff,0xff,0xff,0xff,0xff,0xff,0xff,0xff,0xff,0xff,0xff,0xff,0xff,
    0xff,0xff,0xff,0xff,0xff,0xff,0xff,0xff,0xbe,0xd7,0xff,0xfc,0x6e,0xff,0xfc,0x6e,
    0xff,0xfc,0x6e,0xff,0xfc,0x6e,0xff,0xfc,0x6e,0xff,0xfc,0x6e,0xff,0xfc,0x6e,0xff,
    0xfc,0x6e,0xff,0xfc,0x6e,0xff,0xfc,0x6e,0xff,0xfc,0x6e,0xff,0xfc,0x6e,0xff,0xfc,
    0x6e,0xff,0xfc,0x6e,0xff,0x5d,0x97,0xff,0xdf,0xef,0xff,0xff,0xff,0xff,0x7f,0xff,
    0xff,0xff,0x3c,0xff,0xff,0xff,0x93,0xdf,0xff,0xff,0xfb,0x8d,0xff,0x17,0x1c,0xff,
    0xd6,0x13,0xff,0xd6,0x13,0xff,0xd6,0x13,0xff,0xd6,0x13,0xff,0xd6,0x13,0xff,0xd6,
    0x13,0xff,0xd6,0x13,0xff,0xd6,0x13,0xff,0xd6,0x13,0xff,0xd6,0x13,0xff,0xd6,0x13,
    0xff,0xd6,0x13,0xff,0xd6,0x13,0xff,0xf6,0x1b,0xff,0x9e,0xe7,0xff,0xff,0xff,0xff,
    0x11,0xff,0xff,0xff,0x8f,0x5d,0x97,0xff,0xfc,0x6e,0xff,0xfc,0x6e,0xff,0xfc,0x6e,
    0xff,0xfc,0x6e,0xff,0xfc,0x6e,0xff,0xfc,0x6e,0xff,0xfc,0x6e,0xff,0xfc,0x6e,0xff,
    0xfc,0x6e,0xff,0xfc,0x6e,0xff,0xfc,0x6e,0xff,0x3c,0x87,0xff,0xbe,0xd7,0xff,0xff,
    0xff,0xff,0x7f,0xff,0xff,0xff,0x40,0xff,0xff,0xff,0x90,0x9e,0xe7,0xff,0x59,0x65,
    0xff,0xf6,0x13,0xff,0xd6,0x13,0xff,0xd6,0x13,0xff,0xd6,0x13,0xff,0xd6,0x13,0xff,
    0xd6,0x13,0xff,0xd6,0x13,0xff,0xd6,0x13,0xff,0xd6,0x13,0xff,0xd6,0x13,0xff,0xd6,
    0x13,0xff,0xd6,0x13,0xff,0xba,0x7d,0xff,0xff,0xff,0xff,0x12,0xff,0xff,0xff,0x8d,
    0xff,0xf7,0xff,0x3c,0x87,0xff,0xfc,0x6e,0xff,0xfc,0x6e,0xff,0xfc,0x6e,0xff,0xfc,
    0x6e,0xff,0xfc,0x6e,0xff,0xfc,0x6e,0xff,0xfc,0x6e,0xff,0xfc,0x6e,0xff,0x1c,0x77,
    0xff,0x9e,0xbf,0xff,0xff,0xff,0xff,0x7f,0xff,0xff,0xff,0x44,0xff,0xff,0xff,0x8d,
    0x1d,0xc7,0xff,0xf8,0x4c,0xff,0xd6,0x13,0xff,0xd6,0x13,0xff,0xd6,0x13,0xff,0xd6,
    0x13,0xff,0xd6,0x13,0xff,0xd6,0x13,0xff,0xd6,0x13,0xff,0xd6,0x13,0xff,0xd6,0x13,
    0xff,0xf8,0x4c,0xff,0xff,0xff,0xff,0x15,0xff,0xff,0xff,0x8a,0x7d,0xaf,0xff,0x1c,
    0x77,0xff,0xfc,0x6e,0xff,0xfc,0x6e,0xff,0xfc,0x6e,0xff,0xfc,0x6e,0xff,0x1c,0x77,
    0xff,0x7d,0xaf,0xff,0xff,0xf7,0xff,0xff,0xff,0xff,0x7f,0xff,0xff,0xff,0x47,0xff,
    0xff,0xff,0x8b,0x7c,0xa6,0xff,0x57,0x2c,0xff,0xd6,0x13,0xff,0xd6,0x13,0xff,0xd6,
    0x13,0xff,0xd6,0x13,0xff,0xd6,0x13,0xff,0xf6,0x13,0xff,0x9a,0x75,0xff,0xdf,0xff,
    0xff,0xff,0xff,0xff,0x16,0xff,0xff,0xff,0x87,0xff,0xf7,0xff,0xbe,0xcf,0xff,0x7e,
    0xb7,0xff,0x7e,0xb7,0xff,0xbe,0xcf,0xff,0xff,0xf7,0xff,0xff,0xff,0xff,0x7f,0xff,
    0xff,0xff,0x4a,0xff,0xff,0xff,0x88,0xdf,0xff,0xff,0xbd,0xb6,0xff,0x9a,0x75,0xff,
    0x19,0x55,0xff,0x59,0x65,0xff,0xfb,0x8d,0xff,0x9e,0xe7,0xff,0xff,0xff,0xff,0x7f,
    0xff,0xff,0xff,0x7f,0xff,0xff,0xff,0x7f,0xff,0xff,0xff,0x7f,0xff,0xff,0xff,0x37,
    0xff,0xff,0xff,0x89,0xbe,0xf7,0xff,0xd3,0x9c,0xff,0x69,0x4a,0xff,0x03,0x21,0xff,
    0x03,0x21,0xff,0x28,0x42,0xff,0x50,0x8c,0xff,0x7d,0xef,0xff,0xff,0xff,0xff,0x53,
    0xff,0xff,0xff,0x88,0xdd,0xe6,0xff,0xda,0xbc,0xff,0x98,0xa3,0xff,0x58,0x9b,0xff,
    0xf9,0xab,0xff,0x7b,0xcd,0xff,0x7e,0xf7,0xff,0xff,0xff,0xff,0x7f,0xff,0xff,0xff,
    0x97,0xff,0xff,0xff,0xff,0xff,0xff,0xff,0xff,0xff,0xff,0xff,0xff,0xff,0xff,0xff,
    0xff,0xff,0xff,0xff,0xff,0xff,0xff,0xff,0xff,0xff,0xff,0xff,0xff,0xff,0xff,0xff,
    0xff,0xff,0xff,0xff,0xff,0x59,0xce,0xff,0x65,0x29,0xff,0x61,0x10,0xff,0x61,0x10,
    0xff,0x61,0x10,0xff,0x61,0x10,0xff,0x61,0x10,0xff,0x61,0x10,0xff,0xe3,0x20,0xff,
    0xb6,0xb5,0xff,0xff,0xff,0xff,0x50,0xff,0xff,0xff,0x8b,0xdf,0xff,0xff,0x79,0xb4,
    0xff,0x56,0x8a,0xff,0x56,0x8a,0xff,0x56,0x8a,0xff,0x56,0x8a,0xff,0x56,0x8a,0xff,
    0x56,0x8a,0xff,0x76,0x8a,0xff,0x7b,0xcd,0xff,0xff,0xff,0xff,0x7f,0xff,0xff,0xff,
    0x97,0xff,0xff,0xff,0xff,0xff,0xff,0xff,0xff,0xff,0xff,0xff,0xff,0xff,0xff,0xff,
    0xff,0xff,0xff,0xff,0xff,0xff,0xff,0xff,0xff,0xff,0xff,0xff,0xff,0xff,0xff,0x59,
    0xce,0xff,0xa2,0x18,0xff,0x61,0x10,0xff,0x61,0x10,0xff,0x61,0x10,0xff,0x61,0x10,
    0xff,0x61,0x10,0xff,0x61,0x10,0xff,0x61,0x10,0xff,0x61,0x10,0xff,0x81,0x10,0xff,
    0x96,0xb5,0xff,0xff,0xff,0xff,0x4e,0xff,0xff,0xff,0x8d,0xdf,0xff,0xff,0x98,0xa3,
    0xff,0x56,0x8a,0xff,0x56,0x8a,0xff,0x56,0x8a,0xff,0x56,0x8a,0xff,0x56,0x8a,0xff,
    0x56,0x8a,0xff,0x56,0x8a,0xff,0x56,0x8a,0xff,0x56,0x8a,0xff,0x1a,0xc5,0xff,0xff,
    0xff,0xff,0x7f,0xff,0xff,0xff,0x97,0xff,0xff,0xff,0xff,0xff,0xff,0xff,0xff,0xff,
    0xff,0xff,0xff,0xff,0xff,0xff,0xff,0xff,0xff,0xff,0xff,0xff,0xff,0xff,0xff,0xbe,
    0xf7,0xff,0x65,0x29,0xff,0x61,0x10,0xff,0x61,0x10,0xff,0x61,0x10,0xff,0x61,0x10,
    0xff,0x61,0x10,0xff,0x61,0x10,0xff,0x61,0x10,0xff,0x61,0x10,0xff,0x61,0x10,0xff,
    0x61,0x10,0xff,0xe3,0x18,0xff,0x5d,0xef,0xff,0xff,0xff,0xff,0x4d,0xff,0xff,0xff,
    0x8e,0xda,0xbc,0xff,0x56,0x8a,0xff,0x56,0x8a,0xff,0x56,0x8a,0xff,0x56,0x8a,0xff,
    0x56,0x8a,0xff,0x56,0x8a,0xff,0x56,0x8a,0xff,0x56,0x8a,0xff,0x56,0x8a,0xff,0x56,
    0x8a,0xff,0x56,0x8a,0xff,0x7d,0xde,0xff,0xff,0xff,0xff,0x7f,0xff,0xff,0xff,0x96,
    0xff,0xff,0xff,0xff,0xff,0xff,0xff,0xff,0xff,0xff,0xff,0xff,0xff,0xff,0xff,0xff,
    0xff,0xff,0xff,0xff,0xff,0x50,0x8c,0xff,0x61,0x10,0xff,0x61,0x10,0xff,0x61,0x10,
    0xff,0x61,0x10,0xff,0x61,0x10,0xff,0x61,0x10,0xff,0x61,0x10,0xff,0x61,0x10,0xff,
    0x61,0x10,0xff,0x61,0x10,0xff,0x61,0x10,0xff,0x61,0x10,0xff,0xce,0x7b,0xff,0xff,
    0xff,0xff,0x4c,0xff,0xff,0xff,0x8f,0x9f,0xf7,0xff,0x76,0x8a,0xff,0x56,0x8a,0xff,
    0x56,0x8a,0xff,0x56,0x8a,0xff,0x56,0x8a,0xff,0x56,0x8a,0xff,0x56,0x8a,0xff,0x56,
    0x8a,0xff,0x56,0x8a,0xff,0x56,0x8a,0xff,0x56,0x8a,0xff,0x56,0x8a,0xff,0x17,0x9b,
    0xff,0xff,0xff,0xff,0x7f,0xff,0xff,0xff,0x96,0xff,0xff,0xff,0xff,0xff,0xff,0xff,
    0xff,0xff,0xff,0xff,0xff,0xff,0xff,0xff,0xff,0xff,0xff,0x1c,0xe7,0xff,0xa2,0x18,
    0xff,0x61,0x10,0xff,0x61,0x10,0xff,0x61,0x10,0xff,0x61,0x10,0xff,0x61,0x10,0xff,
    0x61,0x10,0xff,0x61,0x10,0xff,0x61,0x10,0xff,0x61,0x10,0xff,0x61,0x10,0xff,0x61,
    0x10,0xff,0x61,0x10,0xff,0xc6,0x39,0xff,0xff,0xff,0xff,0x4c,0xff,0xff,0xff,0x90,
    0xdc,0xd5,0xff,0x56,0x8a,0xff,0x56,0x8a,0xff,0x56,0x8a,0xff,0x56,0x8a,0xff,0x56,
    0x8a,0xff,0x56,0x8a,0xff,0x56,0x8a,0xff,0x56,0x8a,0xff,0x56,0x8a,0xff,0x56,0x8a,
    0xff,0x56,0x8a,0xff,0x56,0x8a,0xff,0x56,0x8a,0xff,0x7b,0xcd,0xff,0xff,0xff,0xff,
    0x7f,0xff,0xff,0xff,0x95,0xff,0xff,0xff,0xff,0xff,0xff,0xff,0xff,0xff,0xff,0xff,
    0xff,0xff,0xff,0xff,0x2c,0x63,0xff,0x61,0x10,0xff,0x61,0x10,0xff,0x61,0x10,0xff,
    0x61,0x10,0xff,0x61,0x10,0xff,0x61,0x10,0xff,0x61,0x10,0xff,0x61,0x10,0xff,0x61,
    0x10,0xff,0x61,0x10,0xff,0x61,0x10,0xff,0x61,0x10,0xff,0x61,0x10,0xff,0x81,0x10,
    0xff,0xff,0xff,0xff,0x4c,0xff,0xff,0xff,0x91,0xda,0xbc,0xff,0x56,0x8a,0xff,0x56,
    0x8a,0xff,0x56,0x8a,0xff,0x56,0x8a,0xff,0x56,0x8a,0xff,0x56,0x8a,0xff,0x56,0x8a,
    0xff,0x56,0x8a,0xff,0x56,0x8a,0xff,0x56,0x8a,0xff,0x56,0x8a,0xff,0x56,0x8a,0xff,
    0x56,0x8a,0xff,0x96,0x8a,0xff,0x7e,0xf7,0xff,0xff,0xff,0xff,0x7f,0xff,0xff,0xff,
    0x94,0xff,0xff,0xff,0xff,0xff,0xff,0xff,0xff,0xff,0x38,0xc6,0xff,0x61,0x10,0xff,
    0x61,0x10,0xff,0x61,0x10,0xff,0x61,0x10,0xff,0x61,0x10,0xff,0x61,0x10,0xff,0x61,
    0x10,0xff,0x61,0x10,0xff,0x61,0x10,0xff,0x61,0x10,0xff,0x61,0x10,0xff,0x61,0x10,
    0xff,0x61,0x10,0xff,0x61,0x10,0xff,0x61,0x10,0xff,0xff,0xff,0xff,0x4c,0xff,0xff,
    0xff,0x91,0xda,0xbc,0xff,0x56,0x8a,0xff,0x56,0x8a,0xff,0x56,0x8a,0xff,0x56,0x8a,
    0xff,0x56,0x8a,0xff,0x56,0x8a,0xff,0x56,0x8a,0xff,0x56,0x8a,0xff,0x56,0x8a,0xff,
    0x56,0x8a,0xff,0x56,0x8a,0xff,0x56,0x8a,0xff,0x56,0x8a,0xff,0x56,0x8a,0xff,0x79,
    0xb4,0xff,0xff,0xff,0xff,0x7f,0xff,0xff,0xff,0x94,0xff,0xff,0xff,0xff,0xff,0xff,
    0xff,0xff,0xff,0xe7,0x39,0xff,0x61,0x10,0xff,0x61,0x10,0xff,0x61,0x10,0xff,0x61,
    0x10,0xff,0x61,0x10,0xff,0x61,0x10,0xff,0x61,0x10,0xff,0x61,0x10,0xff,0x61,0x10,
    0xff,0x61,0x10,0xff,0x61,0x10,0xff,0x61,0x10,0xff,0x61,0x10,0xff,0x61,0x10,0xff,
    0x85,0x31,0xff,0xff,0xff,0xff,0x4c,0xff,0xff,0xff,0x92,0x7b,0xcd,0xff,0x56,0x8a,
    0xff,0x56,0x8a,0xff,0x56,0x8a,0xff,0x56,0x8a,0xff,0x56,0x8a,0xff,0x56,0x8a,0xff,
    0x56,0x8a,0xff,0x56,0x8a,0xff,0x56,0x8a,0xff,0x56,0x8a,0xff,0x56,0x8a,0xff,0x56,
    0x8a,0xff,0x56,0x8a,0xff,0x56,0x8a,0xff,0x76,0x8a,0xff,0xdd,0xe6,0xff,0xff,0xff,
    0xff,0x7f,0xff,0xff,0xff,0x93,0xff,0xff,0xff,0xd3,0x9c,0xff,0x61,0x10,0xff,0x61,
    0x10,0xff,0x61,0x10,0xff,0x61,0x10,0xff,0x61,0x10,0xff,0x61,0x10,0xff,0x61,0x10,
    0xff,0x61,0x10,0xff,0x61,0x10,0xff,0x61,0x10,0xff,0x61,0x10,0xff,0x61,0x10,0xff,
    0x61,0x10,0xff,0x61,0x10,0xff,0x61,0x10,0xff,0xce,0x7b,0xff,0xff,0xff,0xff,0x4c,
    0xff,0xff,0xff,0x92,0x1e,0xef,0xff,0x56,0x8a,0xff,0x56,0x8a,0xff,0x56,0x8a,0xff,
    0x56,0x8a,0xff,0x56,0x8a,0xff,0x56,0x8a,0xff,0x56,0x8a,0xff,0x56,0x8a,0xff,0x56,
    0x8a,0xff,0x56,0x8a,0xff,0x56,0x8a,0xff,0x56,0x8a,0xff,0x56,0x8a,0xff,0x56,0x8a,
    0xff,0x56,0x8a,0xff,0x98,0xa3,0xff,0xff,0xff,0xff,0x7f,0xff,0xff,0xff,0x93,0x9e,
    0xf7,0xff,0x03,0x21,0xff,0x61,0x10,0xff,0x61,0x10,0xff,0x61,0x10,0xff,0x61,0x10,
    0xff,0x61,0x10,0xff,0x61,0x10,0xff,0x61,0x10,0xff,0x61,0x10,0xff,0x61,0x10,0xff,
    0x61,0x10,0xff,0x61,0x10,0xff,0x61,0x10,0xff,0x61,0x10,0xff,0x61,0x10,0xff,0xa2,
    0x18,0xff,0x3c,0xe7,0xff,0xff,0xff,0xff,0x4d,0xff,0xff,0xff,0x92,0xf9,0xab,0xff,
    0x56,0x8a,0xff,0x56,0x8a,0xff,0x56,0x8a,0xff,0x56,0x8a,0xff,0x56,0x8a,0xff,0x56,
    0x8a,0xff,0x56,0x8a,0xff,0x56,0x8a,0xff,0x56,0x8a,0xff,0x56,0x8a,0xff,0x56,0x8a,
    0xff,0x56,0x8a,0xff,0x56,0x8a,0xff,0x56,0x8a,0xff,0x56,0x8a,0xff,0xdc,0xd5,0xff,
    0xff,0xff,0xff,0x7e,0xff,0xff,0xff,0x92,0xce,0x7b,0xff,0x61,0x10,0xff,0x61,0x10,
    0xff,0x61,0x10,0xff,0x61,0x10,0xff,0x61,0x10,0xff,0x61,0x10,0xff,0x61,0x10,0xff,
    0x61,0x10,0xff,0x61,0x10,0xff,0x61,0x10,0xff,0x61,0x10,0xff,0x61,0x10,0xff,0x61,
    0x10,0xff,0x61,0x10,0xff,0x61,0x10,0xff,0x50,0x8c,0xff,0xff,0xff,0xff,0x4e,0xff,
    0xff,0xff,0x93,0x1e,0xef,0xff,0x76,0x8a,0xff,0x56,0x8a,0xff,0x56,0x8a,0xff,0x56,
    0x8a,0xff,0x56,0x8a,0xff,0x56,0x8a,0xff,0x56,0x8a,0xff,0x56,0x8a,0xff,0x56,0x8a,
    0xff,0x56,0x8a,0xff,0x56,0x8a,0xff,0x56,0x8a,0xff,0x56,0x8a,0xff,0x56,0x8a,0xff,
    0x56,0x8a,0xff,0x17,0x9b,0xff,0xdf,0xff,0xff,0xff,0xff,0xff,0x7c,0xff,0xff,0xff,
    0x93,0xfb,0xde,0xff,0xa2,0x18,0xff,0x61,0x10,0xff,0x61,0x10,0xff,0x61,0x10,0xff,
    0x61,0x10,0xff,0x61,0x10,0xff,0x61,0x10,0xff,0x61,0x10,0xff,0x61,0x10,0xff,0x61,
    0x10,0xff,0x61,0x10,0xff,0x61,0x10,0xff,0x61,0x10,0xff,0x61,0x10,0xff,0x61,0x10,
    0xff,0x44,0x29,0xff,0xbe,0xf7,0xff,0xff,0xff,0xff,0x22,0xff,0xff,0xff,0x88,0xf7,
    0xcd,0xff,0x0e,0x9c,0xff,0x4b,0x83,0xff,0xe9,0x7a,0xff,0x4b,0x83,0xff,0xd1,0xac,
    0xff,0xfb,0xe6,0xff,0xff,0xff,0xff,0x25,0xff,0xff,0xff,0x92,0xda,0xbc,0xff,0x56,
    0x8a,0xff,0x56,0x8a,0xff,0x56,0x8a,0xff,0x56,0x8a,0xff,0x56,0x8a,0xff,0x56,0x8a,
    0xff,0x56,0x8a,0xff,0x56,0x8a,0xff,0x56,0x8a,0xff,0x56,0x8a,0xff,0x56,0x8a,0xff,
    0x56,0x8a,0xff,0x56,0x8a,0xff,0x56,0x8a,0xff,0x56,0x8a,0xff,0x7b,0xcd,0xff,0xff,
    0xff,0xff,0x7c,0xff,0xff,0xff,0x92,0xaa,0x52,0xff,0x61,0x10,0xff,0x61,0x10,0xff,
    0x61,0x10,0xff,0x61,0x10,0xff,0x61,0x10,0xff,0x61,0x10,0xff,0x61,0x10,0xff,0x61,
    0x10,0xff,0x61,0x10,0xff,0x61,0x10,0xff,0x61,0x10,0xff,0x61,0x10,0xff,0x61,0x10,
    0xff,0x61,0x10,0xff,0x61,0x10,0xff,0x34,0xad,0xff,0xff,0xff,0xff,0x21,0xff,0xff,
    0xff,0x8b,0x5c,0xef,0xff,0xac,0x93,0xff,0xe9,0x7a,0xff,0xe9,0x7a,0xff,0xe9,0x7a,
    0xff,0xe9,0x7a,0xff,0xe9,0x7a,0xff,0xe9,0x7a,0xff,0xe9,0x7a,0xff,0x33,0xb5,0xff,
    0xff,0xff,0xff,0x24,0xff,0xff,0xff,0x93,0x9f,0xf7,0xff,0xd7,0x92,0xff,0x56,0x8a,
    0xff,0x56,0x8a,0xff,0x56,0x8a,0xff,0x56,0x8a,0xff,0x56,0x8a,0xff,0x56,0x8a,0xff,
    0x56,0x8a,0xff,0x56,0x8a,0xff,0x56,0x8a,0xff,0x56,0x8a,0xff,0x56,0x8a,0xff,0x56,
    0x8a,0xff,0x56,0x8a,0xff,0x56,0x8a,0xff,0x76,0x8a,0xff,0x7e,0xf7,0xff,0xff,0xff,
    0xff,0x7a,0xff,0xff,0xff,0x92,0xf7,0xbd,0xff,0x61,0x10,0xff,0x61,0x10,0xff,0x61,
    0x10,0xff,0x61,0x10,0xff,0x61,0x10,0xff,0x61,0x10,0xff,0x61,0x10,0xff,0x61,0x10,
    0xff,0x61,0x10,0xff,0x61,0x10,0xff,0x61,0x10,0xff,0x61,0x10,0xff,0x61,0x10,0xff,
    0x61,0x10,0xff,0x61,0x10,0xff,0x28,0x42,0xff,0xff,0xff,0xff,0x21,0xff,0xff,0xff,
    0x8d,0x7d,0xf7,0xff,0x4b,0x83,0xff,0xe9,0x7a,0xff,0xe9,0x7a,0xff,0xe9,0x7a,0xff,
    0xe9,0x7a,0xff,0xe9,0x7a,0xff,0xe9,0x7a,0xff,0xe9,0x7a,0xff,0xe9,0x7a,0xff,0xe9,
    0x7a,0xff,0xf2,0xb4,0xff,0xff,0xff,0xff,0x24,0xff,0xff,0xff,0x92,0xdc,0xd5,0xff,
    0x56,0x8a,0xff,0x56,0x8a,0xff,0x56,0x8a,0xff,0x56,0x8a,0xff,0x56,0x8a,0xff,0x56,
    0x8a,0xff,0x56,0x8a,0xff,0x56,0x8a,0xff,0x56,0x8a,0xff,0x56,0x8a,0xff,0x56,0x8a,
    0xff,0x56,0x8a,0xff,0x56,0x8a,0xff,0x56,0x8a,0xff,0x56,0x8a,0xff,0x79,0xb4,0xff,
    0xff,0xff,0xff,0x7a,0xff,0xff,0xff,0x92,0x85,0x31,0xff,0x61,0x10,0xff,0x61,0x10,
    0xff,0x61,0x10,0xff,0x61,0x10,0xff,0x61,0x10,0xff,0x61,0x10,0xff,0x61,0x10,0xff,
    0x61,0x10,0xff,0x61,0x10,0xff,0x61,0x10,0xff,0x61,0x10,0xff,0x61,0x10,0xff,0x61,
    0x10,0xff,0x61,0x10,0xff,0x61,0x10,0xff,0x59,0xce,0xff,0xff,0xff,0xff,0x21,0xff,
    0xff,0xff,0x8e,0x90,0xa4,0xff,0xe9,0x7a,0xff,0xe9,0x7a,0xff,0xe9,0x7a,0xff,0xe9,
    0x7a,0xff,0xe9,0x7a,0xff,0xe9,0x7a,0xff,0xe9,0x7a,0xff,0xe9,0x7a,0xff,0xe9,0x7a,
    0xff,0xe9,0x7a,0xff,0xe9,0x7a,0xff,0x78,0xd6,0xff,0xff,0xff,0xff,0x23,0xff,0xff,
    0xff,0x93,0xdf,0xff,0xff,0x58,0x9b,0xff,0x56,0x8a,0xff,0x56,0x8a,0xff,0x56,0x8a,
    0xff,0x56,0x8a,0xff,0x56,0x8a,0xff,0x56,0x8a,0xff,0x56,0x8a,0xff,0x56,0x8a,0xff,
    0x56,0x8a,0xff,0x56,0x8a,0xff,0x56,0x8a,0xff,0x56,0x8a,0xff,0x56,0x8a,0xff,0x56,
    0x8a,0xff,0x56,0x8a,0xff,0xdd,0xe6,0xff,0xff,0xff,0xff,0x78,0xff,0xff,0xff,0x92,
    0xd3,0x9c,0xff,0x61,0x10,0xff,0x61,0x10,0xff,0x61,0x10,0xff,0x61,0x10,0xff,0x61,
    0x10,0xff,0x61,0x10,0xff,0x61,0x10,0xff,0x61,0x10,0xff,0x61,0x10,0xff,0x61,0x10,
    0xff,0x61,0x10,0xff,0x61,0x10,0xff,0x61,0x10,0xff,0x61,0x10,0xff,0x61,0x10,0xff,
    0x2c,0x63,0xff,0xff,0xff,0xff,0x21,0xff,0xff,0xff,0x8f,0x1b,0xe7,0xff,0xe9,0x7a,
    0xff,0xe9,0x7a,0xff,0xe9,0x7a,0xff,0xe9,0x7a,0xff,0xe9,0x7a,0xff,0xe9,0x7a,0xff,
    0xe9,0x7a,0xff,0xe9,0x7a,0xff,0xe9,0x7a,0xff,0xe9,0x7a,0xff,0xe9,0x7a,0xff,0xe9,
    0x7a,0xff,0x0e,0x9c,0xff,0xff,0xff,0xff,0x24,0xff,0xff,0xff,0x92,0x7d,0xde,0xff,
    0x56,0x8a,0xff,0x56,0x8a,0xff,0x56,0x8a,0xff,0x56,0x8a,0xff,0x56,0x8a,0xff,0x56,
    0x8a,0xff,0x56,0x8a,0xff,0x56,0x8a,0xff,0x56,0x8a,0xff,0x56,0x8a,0xff,0x56,0x8a,
    0xff,0x56,0x8a,0xff,0x56,0x8a,0xff,0x56,0x8a,0xff,0x56,0x8a,0xff,0x98,0xa3,0xff,
    0xff,0xff,0xff,0x77,0xff,0xff,0xff,0x93,0x7d,0xef,0xff,0xe3,0x20,0xff,0x61,0x10,
    0xff,0x61,0x10,0xff,0x61,0x10,0xff,0x61,0x10,0xff,0x61,0x10,0xff,0x61,0x10,0xff,
    0x61,0x10,0xff,0x61,0x10,0xff,0x61,0x10,0xff,0x61,0x10,0xff,0x61,0x10,0xff,0x61,
    0x10,0xff,0x61,0x10,0xff,0x61,0x10,0xff,0xe3,0x18,0xff,0x3c,0xe7,0xff,0xff,0xff,
    0xff,0x21,0xff,0xff,0xff,0x90,0x94,0xc5,0xff,0xe9,0x7a,0xff,0xe9,0x7a,0xff,0xe9,
    0x7a,0xff,0xe9,0x7a,0xff,0xe9,0x7a,0xff,0xe9,0x7a,0xff,0xe9,0x7a,0xff,0xe9,0x7a,
    0xff,0xe9,0x7a,0xff,0xe9,0x7a,0xff,0xe9,0x7a,0xff,0xe9,0x7a,0xff,0xe9,0x7a,0xff,
    0x9e,0xf7,0xff,0xff,0xff,0xff,0x24,0xff,0xff,0xff,0x92,0x19,0xac,0xff,0x56,0x8a,
    0xff,0x56,0x8a,0xff,0x56,0x8a,0xff,0x56,0x8a,0xff,0x56,0x8a,0xff,0x56,0x8a,0xff,
    0x56,0x8a,0xff,0x56,0x8a,0xff,0x56,0x8a,0xff,0x56,0x8a,0xff,0x56,0x8a,0xff,0x56,
    0x8a,0xff,0x56,0x8a,0xff,0x56,0x8a,0xff,0x56,0x8a,0xff,0xdc,0xd5,0xff,0xff,0xff,
    0xff,0x76,0xff,0xff,0xff,0x92,0xce,0x7b,0xff,0x61,0x10,0xff,0x61,0x10,0xff,0x61,
    0x10,0xff,0x61,0x10,0xff,0x61,0x10,0xff,0x61,0x10,0xff,0x61,0x10,0xff,0x61,0x10,
    0xff,0x61,0x10,0xff,0x61,0x10,0xff,0x61,0x10,0xff,0x61,0x10,0xff,0x61,0x10,0xff,
    0x61,0x10,0xff,0x61,0x10,0xff,0x50,0x8c,0xff,0xff,0xff,0xff,0x22,0xff,0xff,0xff,
    0x90,0xd1,0xac,0xff,0xe9,0x7a,0xff,0xe9,0x7a,0xff,0xe9,0x7a,0xff,0xe9,0x7a,0xff,
    0xe9,0x7a,0xff,0xe9,0x7a,0xff,0xe9,0x7a,0xff,0xe9,0x7a,0xff,0xe9,0x7a,0xff,0xe9,
    0x7a,0xff,0xe9,0x7a,0xff,0xe9,0x7a,0xff,0xe9,0x7a,0xff,0xfb,0xe6,0xff,0xff,0xff,
    0xff,0x24,0xff,0xff,0xff,0x93,0x1e,0xef,0xff,0x76,0x8a,0xff,0x56,0x8a,0xff,0x56,
    0x8a,0xff,0x56,0x8a,0xff,0x56,0x8a,0xff,0x56,0x8a,0xff,0x56,0x8a,0xff,0x56,0x8a,
    0xff,0x56,0x8a,0xff,0x56,0x8a,0xff,0x56,0x8a,0xff,0x56,0x8a,0xff,0x56,0x8a,0xff,
    0x56,0x8a,0xff,0x56,0x8a,0xff,0xd7,0x92,0xff,0xbf,0xff,0xff,0xff,0xff,0xff,0x74,
    0xff,0xff,0xff,0x93,0xba,0xd6,0xff,0x81,0x10,0xff,0x61,0x10,0xff,0x61,0x10,0xff,
    0x61,0x10,0xff,0x61,0x10,0xff,0x61,0x10,0xff,0x61,0x10,0xff,0x61,0x10,0xff,0x61,
    0x10,0xff,0x61,0x10,0xff,0x61,0x10,0xff,0x61,0x10,0xff,0x61,0x10,0xff,0x61,0x10,
    0xff,0x61,0x10,0xff,0x65,0x29,0xff,0xdf,0xff,0xff,0xff,0xff,0xff,0x22,0xff,0xff,
    0xff,0x90,0x90,0xa4,0xff,0xe9,0x7a,0xff,0xe9,0x7a,0xff,0xe9,0x7a,0xff,0xe9,0x7a,
    0xff,0xe9,0x7a,0xff,0xe9,0x7a,0xff,0xe9,0x7a,0xff,0xe9,0x7a,0xff,0xe9,0x7a,0xff,
    0xe9,0x7a,0xff,0xe9,0x7a,0xff,0xe9,0x7a,0xff,0xe9,0x7a,0xff,0xba,0xde,0xff,0xff,
    0xff,0xff,0x25,0xff,0xff,0xff,0x92,0x1a,0xc5,0xff,0x56,0x8a,0xff,0x56,0x8a,0xff,
    0x56,0x8a,0xff,0x56,0x8a,0xff,0x56,0x8a,0xff,0x56,0x8a,0xff,0x56,0x8a,0xff,0x56,
    0x8a,0xff,0x56,0x8a,0xff,0x56,0x8a,0xff,0x56,0x8a,0xff,0x56,0x8a,0xff,0x56,0x8a,
    0xff,0x56,0x8a,0xff,0x56,0x8a,0xff,0x1a,0xc5,0xff,0xff,0xff,0xff,0x49,0xff,0xff,
    0xff,0x88,0xdf,0xff,0xff,0xdb,0xde,0xff,0x79,0xce,0xff,0x79,0xce,0xff,0x79,0xce,
    0xff,0x9a,0xd6,0xff,0x9e,0xf7,0xff,0xff,0xff,0xff,0x23,0xff,0xff,0xff,0x92,0x69,
    0x4a,0xff,0x61,0x10,0xff,0x61,0x10,0xff,0x61,0x10,0xff,0x61,0x10,0xff,0x61,0x10,
    0xff,0x61,0x10,0xff,0x61,0x10,0xff,0x61,0x10,0xff,0x61,0x10,0xff,0x61,0x10,0xff,
    0x61,0x10,0xff,0x61,0x10,0xff,0x61,0x10,0xff,0x61,0x10,0xff,0x61,0x10,0xff,0x96,
    0xb5,0xff,0xff,0xff,0xff,0x23,0xff,0xff,0xff,0x90,0x90,0xa4,0xff,0xe9,0x7a,0xff,
    0xe9,0x7a,0xff,0xe9,0x7a,0xff,0xe9,0x7a,0xff,0xe9,0x7a,0xff,0xe9,0x7a,0xff,0xe9,
    0x7a,0xff,0xe9,0x7a,0xff,0xe9,0x7a,0xff,0xe9,0x7a,0xff,0xe9,0x7a,0xff,0xe9,0x7a,
    0xff,0xe9,0x7a,0xff,0xba,0xde,0xff,0xff,0xff,0xff,0x25,0xff,0xff,0xff,0x93,0xbf,
    0xff,0xff,0xd7,0x92,0xff,0x56,0x8a,0xff,0x56,0x8a,0xff,0x56,0x8a,0xff,0x56,0x8a,
    0xff,0x56,0x8a,0xff,0x56,0x8a,0xff,0x56,0x8a,0xff,0x56,0x8a,0xff,0x56,0x8a,0xff,
    0x56,0x8a,0xff,0x56,0x8a,0xff,0x56,0x8a,0xff,0x56,0x8a,0xff,0x56,0x8a,0xff,0x76,
    0x8a,0xff,0x7e,0xf7,0xff,0xff,0xff,0xff,0x48,0xff,0xff,0xff,0x89,0xdb,0xde,0xff,
    0x79,0xce,0xff,0x79,0xce,0xff,0x79,0xce,0xff,0x79,0xce,0xff,0x79,0xce,0xff,0x79,
    0xce,0xff,0x9e,0xf7,0xff,0xff,0xff,0xff,0x21,0xff,0xff,0xff,0x92,0xb6,0xb5,0xff,
    0x61,0x10,0xff,0x61,0x10,0xff,0x61,0x10,0xff,0x61,0x10,0xff,0x61,0x10,0xff,0x61,
    0x10,0xff,0x61,0x10,0xff,0x61,0x10,0xff,0x61,0x10,0xff,0x61,0x10,0xff,0x61,0x10,
    0xff,0x61,0x10,0xff,0x61,0x10,0xff,0x61,0x10,0xff,0x61,0x10,0xff,0x69,0x4a,0xff,
    0xff,0xff,0xff,0x24,0xff,0xff,0xff,0x90,0x90,0xa4,0xff,0xe9,0x7a,0xff,0xe9,0x7a,
    0xff,0xe9,0x7a,0xff,0xe9,0x7a,0xff,0xe9,0x7a,0xff,0xe9,0x7a,0xff,0xe9,0x7a,0xff,
    0xe9,0x7a,0xff,0xe9,0x7a,0xff,0xe9,0x7a,0xff,0xe9,0x7a,0xff,0xe9,0x7a,0xff,0xe9,
    0x7a,0xff,0xba,0xde,0xff,0xff,0xff,0xff,0x26,0xff,0xff,0xff,0x92,0xdc,0xd5,0xff,
    0x56,0x8a,0xff,0x56,0x8a,0xff,0x56,0x8a,0xff,0x56,0x8a,0xff,0x56,0x8a,0xff,0x56,
    0x8a,0xff,0x56,0x8a,0xff,0x56,0x8a,0xff,0x56,0x8a,0xff,0x56,0x8a,0xff,0x56,0x8a,
    0xff,0x56,0x8a,0xff,0x56,0x8a,0xff,0x56,0x8a,0xff,0x56,0x8a,0xff,0x19,0xac,0xff,
    0xff,0xff,0xff,0x1f,0xff,0xff,0xff,0x84,0xfb,0xde,0xff,0x79,0xce,0xff,0x3c,0xe7,
    0xff,0xff,0xff,0xff,0x25,0xff,0xff,0xff,0x8a,0x79,0xce,0xff,0x79,0xce,0xff,0x79,
    0xce,0xff,0x79,0xce,0xff,0x79,0xce,0xff,0x79,0xce,0xff,0x79,0xce,0xff,0x79,0xce,
    0xff,0xbe,0xf7,0xff,0xff,0xff,0xff,0x1f,0xff,0xff,0xff,0x93,0xdf,0xff,0xff,0x65,
    0x29,0xff,0x61,0x10,0xff,0x61,0x10,0xff,0x61,0x10,0xff,0x61,0x10,0xff,0x61,0x10,
    0xff,0x61,0x10,0xff,0x61,0x10,0xff,0x61,0x10,0xff,0x61,0x10,0xff,0x61,0x10,0xff,
    0x61,0x10,0xff,0x61,0x10,0xff,0x61,0x10,0xff,0x61,0x10,0xff,0x81,0x10,0xff,0x9a,
    0xd6,0xff,0xff,0xff,0xff,0x24,0xff,0xff,0xff,0x90,0x90,0xa4,0xff,0xe9,0x7a,0xff,
    0xe9,0x7a,0xff,0xe9,0x7a,0xff,0xe9,0x7a,0xff,0xe9,0x7a,0xff,0xe9,0x7a,0xff,0xe9,
    0x7a,0xff,0xe9,0x7a,0xff,0xe9,0x7a,0xff,0xe9,0x7a,0xff,0xe9,0x7a,0xff,0xe9,0x7a,
    0xff,0xe9,0x7a,0xff,0xba,0xde,0xff,0xff,0xff,0xff,0x27,0xff,0xff,0xff,0x92,0x98,
    0xa3,0xff,0x56,0x8a,0xff,0x56,0x8a,0xff,0x56,0x8a,0xff,0x56,0x8a,0xff,0x56,0x8a,
    0xff,0x56,0x8a,0xff,0x56,0x8a,0xff,0x56,0x8a,0xff,0x56,0x8a,0xff,0x56,0x8a,0xff,
    0x56,0x8a,0xff,0x56,0x8a,0xff,0x56,0x8a,0xff,0x56,0x8a,0xff,0x56,0x8a,0xff,0x7d,
    0xde,0xff,0xff,0xff,0xff,0x1d,0xff,0xff,0xff,0x85,0xba,0xd6,0xff,0xba,0xd6,0xff,
    0x7d,0xef,0xff,0x7d,0xef,0xff,0xff,0xff,0xff,0x25,0xff,0xff,0xff,0x8b,0x79,0xce,
    0xff,0x79,0xce,0xff,0x79,0xce,0xff,0x79,0xce,0xff,0x79,0xce,0xff,0x79,0xce,0xff,
    0x79,0xce,0xff,0x79,0xce,0xff,0x79,0xce,0xff,0xbe,0xf7,0xff,0xff,0xff,0xff,0x1e,
    0xff,0xff,0xff,0x92,0x50,0x8c,0xff,0x81,0x10,0xff,0x61,0x10,0xff,0x61,0x10,0xff,
    0x61,0x10,0xff,0x61,0x10,0xff,0x61,0x10,0xff,0x61,0x10,0xff,0x61,0x10,0xff,0x61,
    0x10,0xff,0x61,0x10,0xff,0x61,0x10,0xff,0x61,0x10,0xff,0x61,0x10,0xff,0x61,0x10,
    0xff,0x61,0x10,0xff,0xce,0x7b,0xff,0xff,0xff,0xff,0x25,0xff,0xff,0xff,0x90,0x90,
    0xa4,0xff,0xe9,0x7a,0xff,0xe9,0x7a,0xff,0xe9,0x7a,0xff,0xe9,0x7a,0xff,0xe9,0x7a,
    0xff,0xe9,0x7a,0xff,0xe9,0x7a,0xff,0xe9,0x7a,0xff,0xe9,0x7a,0xff,0xe9,0x7a,0xff,
    0xe9,0x7a,0xff,0xe9,0x7a,0xff,0xe9,0x7a,0xff,0xba,0xde,0xff,0xff,0xff,0xff,0x27,
    0xff,0xff,0xff,0x92,0xdd,0xe6,0xff,0x56,0x8a,0xff,0x56,0x8a,0xff,0x56,0x8a,0xff,
    0x56,0x8a,0xff,0x56,0x8a,0xff,0x56,0x8a,0xff,0x56,0x8a,0xff,0x56,0x8a,0xff,0x56,
    0x8a,0xff,0x56,0x8a,0xff,0x56,0x8a,0xff,0x56,0x8a,0xff,0x56,0x8a,0xff,0x56,0x8a,
    0xff,0x56,0x8a,0xff,0x58,0x9b,0xff,0xff,0xff,0xff,0x1c,0xff,0xff,0xff,0x83,0x3c,
    0xe7,0xff,0x9a,0xd6,0xff,0xff,0xff,0xff,0x28,0xff,0xff,0xff,0x8a,0x79,0xce,0xff,
    0x79,0xce,0xff,0x79,0xce,0xff,0x79,0xce,0xff,0x79,0xce,0xff,0x79,0xce,0xff,0x79,
    0xce,0xff,0xfb,0xde,0xff,0x9e,0xf7,0xff,0xff,0xff,0xff,0x1e,0xff,0xff,0xff,0x93,
    0x5d,0xef,0xff,0xe3,0x18,0xff,0x61,0x10,0xff,0x61,0x10,0xff,0x61,0x10,0xff,0x61,
    0x10,0xff,0x61,0x10,0xff,0x61,0x10,0xff,0x61,0x10,0xff,0x61,0x10,0xff,0x61,0x10,
    0xff,0x61,0x10,0xff,0x61,0x10,0xff,0x61,0x10,0xff,0x61,0x10,0xff,0x61,0x10,0xff,
    0xe3,0x18,0xff,0x5d,0xef,0xff,0xff,0xff,0xff,0x25,0xff,0xff,0xff,0x90,0x90,0xa4,
    0xff,0xe9,0x7a,0xff,0xe9,0x7a,0xff,0xe9,0x7a,0xff,0xe9,0x7a,0xff,0xe9,0x7a,0xff,
    0xe9,0x7a,0xff,0xe9,0x7a,0xff,0xe9,0x7a,0xff,0xe9,0x7a,0xff,0xe9,0x7a,0xff,0xe9,
    0x7a,0xff,0xe9,0x7a,0xff,0xe9,0x7a,0xff,0xba,0xde,0xff,0xff,0xff,0xff,0x28,0xff,
    0xff,0xff,0x92,0x79,0xb4,0xff,0x56,0x8a,0xff,0x56,0x8a,0xff,0x56,0x8a,0xff,0x56,
    0x8a,0xff,0x56,0x8a,0xff,0x56,0x8a,0xff,0x56,0x8a,0xff,0x56,0x8a,0xff,0x56,0x8a,
    0xff,0x56,0x8a,0xff,0x56,0x8a,0xff,0x56,0x8a,0xff,0x56,0x8a,0xff,0x56,0x8a,0xff,
    0x56,0x8a,0xff,0xdc,0xd5,0xff,0xff,0xff,0xff,0x1b,0xff,0xff,0xff,0x88,0x3c,0xe7,
    0xff,0xba,0xd6,0xff,0xff,0xff,0xff,0xff,0xff,0xff,0xff,0xff,0xff,0x1c,0xe7,0xff,
    0xba,0xd6,0xff,0xff,0xff,0xff,0x23,0xff,0xff,0xff,0x88,0x9a,0xd6,0xff,0x79,0xce,
    0xff,0x79,0xce,0xff,0x79,0xce,0xff,0x79,0xce,0xff,0x9a,0xd6,0xff,0x9e,0xf7,0xff,
    0xff,0xff,0xff,0x20,0xff,0xff,0xff,0x92,0x2c,0x63,0xff,0x61,0x10,0xff,0x61,0x10,
    0xff,0x61,0x10,0xff,0x61,0x10,0xff,0x61,0x10,0xff,0x61,0x10,0xff,0x61,0x10,0xff,
    0x61,0x10,0xff,0x61,0x10,0xff,0x61,0x10,0xff,0x61,0x10,0xff,0x61,0x10,0xff,0x61,
    0x10,0xff,0x61,0x10,0xff,0x61,0x10,0xff,0xd3,0x9c,0xff,0xff,0xff,0xff,0x26,0xff,
    0xff,0xff,0x90,0x90,0xa4,0xff,0xe9,0x7a,0xff,0xe9,0x7a,0xff,0xe9,0x7a,0xff,0xe9,
    0x7a,0xff,0xe9,0x7a,0xff,0xe9,0x7a,0xff,0xe9,0x7a,0xff,0xe9,0x7a,0xff,0xe9,0x7a,
    0xff,0xe9,0x7a,0xff,0xe9,0x7a,0xff,0xe9,0x7a,0xff,0xe9,0x7a,0xff,0xba,0xde,0xff,
    0xff,0xff,0xff,0x28,0xff,0xff,0xff,0x93,0x7e,0xf7,0xff,0x96,0x8a,0xff,0x56,0x8a,
    0xff,0x56,0x8a,0xff,0x56,0x8a,0xff,0x56,0x8a,0xff,0x56,0x8a,0xff,0x56,0x8a,0xff,
    0x56,0x8a,0xff,0x56,0x8a,0xff,0x56,0x8a,0xff,0x56,0x8a,0xff,0x56,0x8a,0xff,0x56,
    0x8a,0xff,0x56,0x8a,0xff,0x56,0x8a,0xff,0x96,0x8a,0xff,0x9f,0xf7,0xff,0xff,0xff,
    0xff,0x1a,0xff,0xff,0xff,0x8b,0x3c,0xe7,0xff,0x79,0xce,0xff,0x3c,0xe7,0xff,0xff,
    0xff,0xff,0x9e,0xf7,0xff,0x79,0xce,0xff,0xba,0xd6,0xff,0xff,0xff,0xff,0xff,0xff,
    0xff,0xdf,0xff,0xff,0xff,0xff,0xff,0x20,0xff,0xff,0xff,0x8e,0xbe,0xf7,0xff,0x79,
    0xce,0xff,0x79,0xce,0xff,0x79,0xce,0xff,0x79,0xce,0xff,0xbe,0xf7,0xff,0xff,0xff,
    0xff,0xff,0xff,0xff,0xdf,0xff,0xff,0x3c,0xe7,0xff,0xfb,0xde,0xff,0x3c,0xe7,0xff,
    0xdf,0xff,0xff,0xff,0xff,0xff,0x19,0xff,0xff,0xff,0x93,0x79,0xce,0xff,0x81,0x10,
    0xff,0x61,0x10,0xff,0x61,0x10,0xff,0x61,0x10,0xff,0x61,0x10,0xff,0x61,0x10,0xff,
    0x61,0x10,0xff,0x61,0x10,0xff,0x61,0x10,0xff,0x61,0x10,0xff,0x61,0x10,0xff,0x61,
    0x10,0xff,0x61,0x10,0xff,0x61,0x10,0xff,0x61,0x10,0xff,0x85,0x31,0xff,0xdf,0xff,
    0xff,0xff,0xff,0xff,0x26,0xff,0xff,0xff,0x90,0x90,0xa4,0xff,0xe9,0x7a,0xff,0xe9,
    0x7a,0xff,0xe9,0x7a,0xff,0xe9,0x7a,0xff,0xe9,0x7a,0xff,0xe9,0x7a,0xff,0xe9,0x7a,
    0xff,0xe9,0x7a,0xff,0xe9,0x7a,0xff,0xe9,0x7a,0xff,0xe9,0x7a,0xff,0xe9,0x7a,0xff,
    0xe9,0x7a,0xff,0xba,0xde,0xff,0xff,0xff,0xff,0x29,0xff,0xff,0xff,0x92,0x1a,0xc5,
    0xff,0x56,0x8a,0xff,0x56,0x8a,0xff,0x56,0x8a,0xff,0x56,0x8a,0xff,0x56,0x8a,0xff,
    0x56,0x8a,0xff,0x56,0x8a,0xff,0x56,0x8a,0xff,0x56,0x8a,0xff,0x56,0x8a,0xff,0x56,
    0x8a,0xff,0x56,0x8a,0xff,0x56,0x8a,0xff,0x56,0x8a,0xff,0x56,0x8a,0xff,0xda,0xbc,
    0xff,0xff,0xff,0xff,0x1b,0xff,0xff,0xff,0x8b,0x1c,0xe7,0xff,0x79,0xce,0xff,0x79,
    0xce,0xff,0x79,0xce,0xff,0xba,0xd6,0xff,0x79,0xce,0xff,0xff,0xff,0xff,0xbe,0xf7,
    0xff,0x79,0xce,0xff,0x7d,0xef,0xff,0xff,0xff,0xff,0x20,0xff,0xff,0xff,0x8e,0x9e,
    0xf7,0xff,0x79,0xce,0xff,0x79,0xce,0xff,0x3c,0xe7,0xff,0xff,0xff,0xff,0xff,0xff,
    0xff,0x5d,0xef,0xff,0x38,0xc6,0xff,0x38,0xc6,0xff,0x38,0xc6,0xff,0x38,0xc6,0xff,
    0x59,0xce,0xff,0x5d,0xef,0xff,0xff,0xff,0xff,0x18,0xff,0xff,0xff,0x92,0x28,0x42,
    0xff,0x61,0x10,0xff,0x61,0x10,0xff,0x61,0x10,0xff,0x61,0x10,0xff,0x61,0x10,0xff,
    0x61,0x10,0xff,0x61,0x10,0xff,0x61,0x10,0xff,0x61,0x10,0xff,0x61,0x10,0xff,0x61,
    0x10,0xff,0x61,0x10,0xff,0x61,0x10,0xff,0x61,0x10,0xff,0x61,0x10,0xff,0xf7,0xbd,
    0xff,0xff,0xff,0xff,0x27,0xff,0xff,0xff,0x90,0x90,0xa4,0xff,0xe9,0x7a,0xff,0xe9,
    0x7a,0xff,0xe9,0x7a,0xff,0xe9,0x7a,0xff,0xe9,0x7a,0xff,0xe9,0x7a,0xff,0xe9,0x7a,
    0xff,0xe9,0x7a,0xff,0xe9,0x7a,0xff,0xe9,0x7a,0xff,0xe9,0x7a,0xff,0xe9,0x7a,0xff,
    0xe9,0x7a,0xff,0xba,0xde,0xff,0xff,0xff,0xff,0x29,0xff,0xff,0xff,0x93,0xdf,0xff,
    0xff,0x17,0x9b,0xff,0x56,0x8a,0xff,0x56,0x8a,0xff,0x56,0x8a,0xff,0x56,0x8a,0xff,
    0x56,0x8a,0xff,0x56,0x8a,0xff,0x56,0x8a,0xff,0x56,0x8a,0xff,0x56,0x8a,0xff,0x56,
    0x8a,0xff,0x56,0x8a,0xff,0x56,0x8a,0xff,0x56,0x8a,0xff,0x56,0x8a,0xff,0x76,0x8a,
    0xff,0x1e,0xef,0xff,0xff,0xff,0xff,0x16,0xff,0xff,0xff,0x8e,0xfb,0xde,0xff,0x79,
    0xce,0xff,0xdb,0xde,0xff,0xff,0xff,0xff,0xff,0xff,0xff,0x5d,0xef,0xff,0x3c,0xe7,
    0xff,0x3c,0xe7,0xff,0xbe,0xf7,0xff,0x79,0xce,0xff,0xdf,0xff,0xff,0x79,0xce,0xff,
    0x1c,0xe7,0xff,0xff,0xff,0xff,0x22,0xff,0xff,0xff,0x8e,0x7d,0xef,0xff,0x79,0xce,
    0xff,0xff,0xff,0xff,0xff,0xff,0xff,0x9e,0xf7,0xff,0x38,0xc6,0xff,0x38,0xc6,0xff,
    0x38,0xc6,0xff,0x38,0xc6,0xff,0x38,0xc6,0xff,0x38,0xc6,0xff,0x38,0xc6,0xff,0x9e,
    0xf7,0xff,0xff,0xff,0xff,0x16,0xff,0xff,0xff,0x92,0x55,0xad,0xff,0x61,0x10,0xff,
    0x61,0x10,0xff,0x61,0x10,0xff,0x61,0x10,0xff,0x61,0x10,0xff,0x61,0x10,0xff,0x61,
    0x10,0xff,0x61,0x10,0xff,0x61,0x10,0xff,0x61,0x10,0xff,0x61,0x10,0xff,0x61,0x10,
    0xff,0x61,0x10,0xff,0x61,0x10,0xff,0x61,0x10,0xff,0xaa,0x52,0xff,0xff,0xff,0xff,
    0x28,0xff,0xff,0xff,0x90,0x90,0xa4,0xff,0xe9,0x7a,0xff,0xe9,0x7a,0xff,0xe9,0x7a,
    0xff,0xe9,0x7a,0xff,0xe9,0x7a,0xff,0xe9,0x7a,0xff,0xe9,0x7a,0xff,0xe9,0x7a,0xff,
    0xe9,0x7a,0xff,0xe9,0x7a,0xff,0xe9,0x7a,0xff,0xe9,0x7a,0xff,0xe9,0x7a,0xff,0xba,
    0xde,0xff,0xff,0xff,0xff,0x2a,0xff,0xff,0xff,0x92,0xdc,0xd5,0xff,0x56,0x8a,0xff,
    0x56,0x8a,0xff,0x56,0x8a,0xff,0x56,0x8a,0xff,0x56,0x8a,0xff,0x56,0x8a,0xff,0x56,
    0x8a,0xff,0x56,0x8a,0xff,0x56,0x8a,0xff,0x56,0x8a,0xff,0x56,0x8a,0xff,0x56,0x8a,
    0xff,0x56,0x8a,0xff,0x56,0x8a,0xff,0x56,0x8a,0xff,0xf9,0xab,0xff,0xff,0xff,0xff,
    0x15,0xff,0xff,0xff,0x8e,0xba,0xd6,0xff,0xba,0xd6,0xff,0x5d,0xef,0xff,0x5d,0xef,
    0xff,0xff,0xff,0xff,0xff,0xff,0xff,0xff,0xff,0xff,0xff,0xff,0xff,0xff,0xff,0xff,
    0xff,0xff,0xff,0x79,0xce,0xff,0x9a,0xd6,0xff,0xba,0xd6,0xff,0xff,0xff,0xff,0x24,
    0xff,0xff,0xff,0x8d,0x9e,0xf7,0xff,0xff,0xff,0xff,0xff,0xff,0xff,0xdb,0xde,0xff,
    0x38,0xc6,0xff,0x38,0xc6,0xff,0x38,0xc6,0xff,0x38,0xc6,0xff,0x38,0xc6,0xff,0x38,
    0xc6,0xff,0x38,0xc6,0xff,0xdb,0xde,0xff,0xff,0xff,0xff,0x15,0xff,0xff,0xff,0x93,
    0xbe,0xf7,0xff,0x44,0x29,0xff,0x61,0x10,0xff,0x61,0x10,0xff,0x61,0x10,0xff,0x61,
    0x10,0xff,0x61,0x10,0xff,0x61,0x10,0xff,0x61,0x10,0xff,0x61,0x10,0xff,0x61,0x10,
    0xff,0x61,0x10,0xff,0x61,0x10,0xff,0x61,0x10,0xff,0x61,0x10,0xff,0x61,0x10,0xff,
    0x81,0x10,0xff,0xdb,0xde,0xff,0xff,0xff,0xff,0x28,0xff,0xff,0xff,0x90,0x90,0xa4,
    0xff,0xe9,0x7a,0xff,0xe9,0x7a,0xff,0xe9,0x7a,0xff,0xe9,0x7a,0xff,0xe9,0x7a,0xff,
    0xe9,0x7a,0xff,0xe9,0x7a,0xff,0xe9,0x7a,0xff,0xe9,0x7a,0xff,0xe9,0x7a,0xff,0xe9,
    0x7a,0xff,0xe9,0x7a,0xff,0xe9,0x7a,0xff,0xba,0xde,0xff,0xff,0xff,0xff,0x2b,0xff,
    0xff,0xff,0x92,0x98,0xa3,0xff,0x56,0x8a,0xff,0x56,0x8a,0xff,0x56,0x8a,0xff,0x56,
    0x8a,0xff,0x56,0x8a,0xff,0x56,0x8a,0xff,0x56,0x8a,0xff,0x56,0x8a,0xff,0x56,0x8a,
    0xff,0x56,0x8a,0xff,0x56,0x8a,0xff,0x56,0x8a,0xff,0x56,0x8a,0xff,0x56,0x8a,0xff,
    0x56,0x8a,0xff,0x7d,0xde,0xff,0xff,0xff,0xff,0x13,0xff,0xff,0xff,0x8e,0x3c,0xe7,
    0xff,0x79,0xce,0xff,0xff,0xff,0xff,0xff,0xff,0xff,0xff,0xff,0xff,0xff,0xff,0xff,
    0xff,0xff,0xff,0xff,0xff,0xff,0xff,0xff,0xff,0xff,0xff,0xff,0xff,0xff,0xff,0x79,
    0xce,0xff,0x9a,0xd6,0xff,0xff,0xff,0xff,0x28,0xff,0xff,0xff,0x8a,0x79,0xce,0xff,
    0x38,0xc6,0xff,0x38,0xc6,0xff,0x38,0xc6,0xff,0x38,0xc6,0xff,0x38,0xc6,0xff,0x38,
    0xc6,0xff,0x38,0xc6,0xff,0x79,0xce,0xff,0xff,0xff,0xff,0x15,0xff,0xff,0xff,0x92,
    0x50,0x8c,0xff,0x61,0x10,0xff,0x61,0x10,0xff,0x61,0x10,0xff,0x61,0x10,0xff,0x61,
    0x10,0xff,0x61,0x10,0xff,0x61,0x10,0xff,0x61,0x10,0xff,0x61,0x10,0xff,0x61,0x10,
    0xff,0x61,0x10,0xff,0x61,0x10,0xff,0x61,0x10,0xff,0x61,0x10,0xff,0x61,0x10,0xff,
    0xce,0x7b,0xff,0xff,0xff,0xff,0x29,0xff,0xff,0xff,0x90,0x90,0xa4,0xff,0xe9,0x7a,
    0xff,0xe9,0x7a,0xff,0xe9,0x7a,0xff,0xe9,0x7a,0xff,0xe9,0x7a,0xff,0xe9,0x7a,0xff,
    0xe9,0x7a,0xff,0xe9,0x7a,0xff,0xe9,0x7a,0xff,0xe9,0x7a,0xff,0xe9,0x7a,0xff,0xe9,
    0x7a,0xff,0xe9,0x7a,0xff,0xba,0xde,0xff,0xff,0xff,0xff,0x2b,0xff,0xff,0xff,0x92,
    0xdd,0xe6,0xff,0x56,0x8a,0xff,0x56,0x8a,0xff,0x56,0x8a,0xff,0x56,0x8a,0xff,0x56,
    0x8a,0xff,0x56,0x8a,0xff,0x56,0x8a,0xff,0x56,0x8a,0xff,0x56,0x8a,0xff,0x56,0x8a,
    0xff,0x56,0x8a,0xff,0x56,0x8a,0xff,0x56,0x8a,0xff,0x56,0x8a,0xff,0x56,0x8a,0xff,
    0x17,0x9b,0xff,0xff,0xff,0xff,0x13,0xff,0xff,0xff,0x8e,0x3c,0xe7,0xff,0xba,0xd6,
    0xff,0xff,0xff,0xff,0xff,0xff,0xff,0xff,0xff,0xff,0x3c,0xe7,0xff,0x1c,0xe7,0xff,
    0xff,0xff,0xff,0xff,0xff,0xff,0xff,0xff,0xff,0xff,0xff,0xff,0x3c,0xe7,0xff,0xbe,
    0xf7,0xff,0xff,0xff,0xff,0x28,0xff,0xff,0xff,0x8d,0x9a,0xd6,0xff,0x38,0xc6,0xff,
    0x38,0xc6,0xff,0x38,0xc6,0xff,0x38,0xc6,0xff,0x38,0xc6,0xff,0x38,0xc6,0xff,0x38,
    0xc6,0xff,0x9a,0xd6,0xff,0xff,0xff,0xff,0xff,0xff,0xff,0x3c,0xe7,0xff,0xff,0xff,
    0xff,0x11,0xff,0xff,0xff,0x93,0x5d,0xef,0xff,0xa2,0x18,0xff,0x61,0x10,0xff,0x61,
    0x10,0xff,0x61,0x10,0xff,0x61,0x10,0xff,0x61,0x10,0xff,0x61,0x10,0xff,0x61,0x10,
    0xff,0x61,0x10,0xff,0x61,0x10,0xff,0x61,0x10,0xff,0x61,0x10,0xff,0x61,0x10,0xff,
    0x61,0x10,0xff,0x61,0x10,0xff,0x03,0x21,0xff,0x9e,0xf7,0xff,0xff,0xff,0xff,0x29,
    0xff,0xff,0xff,0x90,0x90,0xa4,0xff,0xe9,0x7a,0xff,0xe9,0x7a,0xff,0xe9,0x7a,0xff,
    0xe9,0x7a,0xff,0xe9,0x7a,0xff,0xe9,0x7a,0xff,0xe9,0x7a,0xff,0xe9,0x7a,0xff,0xe9,
    0x7a,0xff,0xe9,0x7a,0xff,0xe9,0x7a,0xff,0xe9,0x7a,0xff,0xe9,0x7a,0xff,0xba,0xde,
    0xff,0xff,0xff,0xff,0x2c,0xff,0xff,0xff,0x92,0x79,0xb4,0xff,0x56,0x8a,0xff,0x56,
    0x8a,0xff,0x56,0x8a,0xff,0x56,0x8a,0xff,0x56,0x8a,0xff,0x56,0x8a,0xff,0x56,0x8a,
    0xff,0x56,0x8a,0xff,0x56,0x8a,0xff,0x56,0x8a,0xff,0x56,0x8a,0xff,0x56,0x8a,0xff,
    0x56,0x8a,0xff,0x56,0x8a,0xff,0x56,0x8a,0xff,0x7b,0xcd,0xff,0xff,0xff,0xff,0x12,
    0xff,0xff,0xff,0x88,0x5d,0xef,0xff,0x79,0xce,0xff,0x3c,0xe7,0xff,0xff,0xff,0xff,
    0xbe,0xf7,0xff,0x9a,0xd6,0xff,0xba,0xd6,0xff,0xff,0xff,0xff,0x2e,0xff,0xff,0xff,
    0xb0,0x1c,0xe7,0xff,0x38,0xc6,0xff,0x38,0xc6,0xff,0x38,0xc6,0xff,0x38,0xc6,0xff,
    0x38,0xc6,0xff,0x38,0xc6,0xff,0x38,0xc6,0xff,0x1c,0xe7,0xff,0xff,0xff,0xff,0xff,
    0xff,0xff,0x9a,0xd6,0xff,0xba,0xd6,0xff,0xdf,0xff,0xff,0xff,0xff,0xff,0xff,0xff,
    0xff,0xff,0xff,0xff,0xff,0xff,0xff,0xff,0xff,0xff,0xff,0xff,0xff,0xff,0xff,0xff,
    0xff,0xff,0xff,0xff,0xff,0xff,0xff,0xff,0xff,0xff,0xff,0xff,0xff,0xff,0xff,0xff,
    0xff,0xff,0xff,0xff,0xff,0xff,0xff,0xff,0xff,0xff,0xff,0x50,0x8c,0xff,0x61,0x10,
    0xff,0x61,0x10,0xff,0x61,0x10,0xff,0x61,0x10,0xff,0x61,0x10,0xff,0x61,0x10,0xff,
    0x61,0x10,0xff,0x61,0x10,0xff,0x61,0x10,0xff,0x61,0x10,0xff,0x61,0x10,0xff,0x61,
    0x10,0xff,0x61,0x10,0xff,0x61,0x10,0xff,0x61,0x10,0xff,0xd3,0x9c,0xff,0xff,0xff,
    0xff,0x2a,0xff,0xff,0xff,0x90,0x90,0xa4,0xff,0xe9,0x7a,0xff,0xe9,0x7a,0xff,0xe9,
    0x7a,0xff,0xe9,0x7a,0xff,0xe9,0x7a,0xff,0xe9,0x7a,0xff,0xe9,0x7a,0xff,0xe9,0x7a,
    0xff,0xe9,0x7a,0xff,0xe9,0x7a,0xff,0xe9,0x7a,0xff,0xe9,0x7a,0xff,0xe9,0x7a,0xff,
    0xba,0xde,0xff,0xff,0xff,0xff,0x2c,0xff,0xff,0xff,0x92,0x7e,0xf7,0xff,0x96,0x8a,
    0xff,0x56,0x8a,0xff,0x56,0x8a,0xff,0x56,0x8a,0xff,0x56,0x8a,0xff,0x56,0x8a,0xff,
    0x56,0x8a,0xff,0x56,0x8a,0xff,0x56,0x8a,0xff,0x56,0x8a,0xff,0x56,0x8a,0xff,0x56,
    0x8a,0xff,0x56,0x8a,0xff,0x56,0x8a,0xff,0x56,0x8a,0xff,0x17,0x9b,0xff,0xff,0xff,
    0xff,0x13,0xff,0xff,0xff,0x8b,0x1c,0xe7,0xff,0x79,0xce,0xff,0x9a,0xd6,0xff,0x79,
    0xce,0xff,0x79,0xce,0xff,0x79,0xce,0xff,0xff,0xff,0xff,0xff,0xff,0xff,0xdb,0xde,
    0xff,0xbe,0xf7,0xff,0xff,0xff,0xff,0x2a,0xff,0xff,0xff,0xaf,0xdf,0xff,0xff,0x79,
    0xce,0xff,0x38,0xc6,0xff,0x38,0xc6,0xff,0x38,0xc6,0xff,0x38,0xc6,0xff,0x38,0xc6,
    0xff,0x79,0xce,0xff,0xdf,0xff,0xff,0xff,0xff,0xff,0xbe,0xf7,0xff,0x79,0xce,0xff,
    0x79,0xce,0xff,0x9a,0xd6,0xff,0xbe,0xf7,0xff,0xff,0xff,0xff,0xff,0xff,0xff,0xff,
    0xff,0xff,0xff,0xff,0xff,0xff,0xff,0xff,0xff,0xff,0xff,0xff,0xff,0xff,0xff,0xff,
    0xff,0xff,0xff,0xff,0xff,0xff,0xff,0xff,0xff,0xff,0xff,0xff,0xff,0xff,0xff,0xff,
    0xff,0xff,0xff,0xff,0xff,0xff,0x28,0x42,0xff,0x61,0x10,0xff,0x61,0x10,0xff,0x61,
    0x10,0xff,0x61,0x10,0xff,0x61,0x10,0xff,0x61,0x10,0xff,0x61,0x10,0xff,0x61,0x10,
    0xff,0x61,0x10,0xff,0x61,0x10,0xff,0x61,0x10,0xff,0x61,0x10,0xff,0x61,0x10,0xff,
    0x61,0x10,0xff,0xc6,0x39,0xff,0xff,0xff,0xff,0x2b,0xff,0xff,0xff,0x90,0x90,0xa4,
    0xff,0xe9,0x7a,0xff,0xe9,0x7a,0xff,0xe9,0x7a,0xff,0xe9,0x7a,0xff,0xe9,0x7a,0xff,
    0xe9,0x7a,0xff,0xe9,0x7a,0xff,0xe9,0x7a,0xff,0xe9,0x7a,0xff,0xe9,0x7a,0xff,0xe9,
    0x7a,0xff,0xe9,0x7a,0xff,0xe9,0x7a,0xff,0xba,0xde,0xff,0xff,0xff,0xff,0x2d,0xff,
    0xff,0xff,0xae,0x7b,0xcd,0xff,0x56,0x8a,0xff,0x56,0x8a,0xff,0x56,0x8a,0xff,0x56,
    0x8a,0xff,0x56,0x8a,0xff,0x56,0x8a,0xff,0x56,0x8a,0xff,0x56,0x8a,0xff,0x56,0x8a,
    0xff,0x56,0x8a,0xff,0x56,0x8a,0xff,0x56,0x8a,0xff,0x56,0x8a,0xff,0x56,0x8a,0xff,
    0x56,0x8a,0xff,0x1e,0xef,0xff,0xff,0xff,0xff,0xff,0xff,0xff,0xff,0xff,0xff,0xff,
    0xff,0xff,0xff,0xff,0xff,0xff,0xff,0xff,0xff,0xff,0xff,0xff,0xff,0xff,0xff,0xff,
    0xff,0xff,0xff,0xff,0xff,0xff,0xff,0xff,0xff,0xff,0xff,0xff,0xff,0xff,0xff,0xff,
    0x3c,0xe7,0xff,0x9a,0xd6,0xff,0x79,0xce,0xff,0xdb,0xde,0xff,0xff,0xff,0xff,0xff,
    0xff,0xff,0x7d,0xef,0xff,0x3c,0xe7,0xff,0x3c,0xe7,0xff,0x7d,0xef,0xff,0x79,0xce,
    0xff,0xdf,0xff,0xff,0xba,0xd6,0xff,0xba,0xd6,0xff,0xff,0xff,0xff,0x2c,0xff,0xff,
    0xff,0xae,0xdf,0xff,0xff,0xba,0xd6,0xff,0x38,0xc6,0xff,0x38,0xc6,0xff,0x38,0xc6,
    0xff,0xba,0xd6,0xff,0xdf,0xff,0xff,0xff,0xff,0xff,0xff,0xff,0xff,0xdb,0xde,0xff,
    0x79,0xce,0xff,0x79,0xce,0xff,0x79,0xce,0xff,0x79,0xce,0xff,0x7d,0xef,0xff,0xff,
    0xff,0xff,0xff,0xff,0xff,0xff,0xff,0xff,0xff,0xff,0xff,0xff,0xff,0xff,0xff,0xff,
    0xff,0xff,0xff,0xff,0xff,0xff,0xff,0xff,0xff,0xff,0xff,0xff,0xff,0xff,0xff,0xff,
    0xff,0xff,0xff,0xff,0xff,0xff,0xff,0xff,0xff,0x65,0x29,0xff,0x61,0x10,0xff,0x61,
    0x10,0xff,0x61,0x10,0xff,0x61,0x10,0xff,0x61,0x10,0xff,0x61,0x10,0xff,0x61,0x10,
    0xff,0x61,0x10,0xff,0x61,0x10,0xff,0x61,0x10,0xff,0x61,0x10,0xff,0x61,0x10,0xff,
    0x61,0x10,0xff,0x61,0x10,0xff,0x38,0xc6,0xff,0xff,0xff,0xff,0x2b,0xff,0xff,0xff,
    0x90,0x90,0xa4,0xff,0xe9,0x7a,0xff,0xe9,0x7a,0xff,0xe9,0x7a,0xff,0xe9,0x7a,0xff,
    0xe9,0x7a,0xff,0xe9,0x7a,0xff,0xe9,0x7a,0xff,0xe9,0x7a,0xff,0xe9,0x7a,0xff,0xe9,
    0x7a,0xff,0xe9,0x7a,0xff,0xe9,0x7a,0xff,0xe9,0x7a,0xff,0xba,0xde,0xff,0xff,0xff,
    0xff,0x2e,0xff,0xff,0xff,0xac,0x17,0x9b,0xff,0x56,0x8a,0xff,0x56,0x8a,0xff,0x56,
    0x8a,0xff,0x56,0x8a,0xff,0x56,0x8a,0xff,0x56,0x8a,0xff,0x56,0x8a,0xff,0x56,0x8a,
    0xff,0x56,0x8a,0xff,0x56,0x8a,0xff,0x56,0x8a,0xff,0x56,0x8a,0xff,0x56,0x8a,0xff,
    0x56,0x8a,0xff,0x7d,0xde,0xff,0xff,0xff,0xff,0xff,0xff,0xff,0xff,0xff,0xff,0xff,
    0xff,0xff,0xff,0xff,0xff,0xff,0xff,0xff,0xff,0xff,0xff,0xff,0xff,0xff,0xff,0xff,
    0xff,0xff,0xff,0xff,0xff,0xff,0xff,0xff,0xff,0xff,0xff,0xff,0xff,0x3c,0xe7,0xff,
    0x79,0xce,0xff,0x3c,0xe7,0xff,0x3c,0xe7,0xff,0x79,0xce,0xff,0xba,0xd6,0xff,0xff,
    0xff,0xff,0xff,0xff,0xff,0xff,0xff,0xff,0xff,0xff,0xff,0xdf,0xff,0xff,0x79,0xce,
    0xff,0xba,0xd6,0xff,0xba,0xd6,0xff,0xff,0xff,0xff,0x2f,0xff,0xff,0xff,0xab,0xdf,
    0xff,0xff,0xbe,0xf7,0xff,0xdf,0xff,0xff,0xff,0xff,0xff,0xff,0xff,0xff,0xff,0xff,
    0xff,0x3c,0xe7,0xff,0x79,0xce,0xff,0x79,0xce,0xff,0x79,0xce,0xff,0x79,0xce,0xff,
    0x79,0xce,0xff,0x79,0xce,0xff,0x1c,0xe7,0xff,0xff,0xff,0xff,0xff,0xff,0xff,0xff,
    0xff,0xff,0xff,0xff,0xff,0xff,0xff,0xff,0xff,0xff,0xff,0xff,0xff,0xff,0xff,0xff,
    0xff,0xff,0xff,0xff,0xff,0xff,0xff,0xff,0xff,0xff,0xff,0xff,0xff,0xff,0xff,0xff,
    0x85,0x31,0xff,0x61,0x10,0xff,0x61,0x10,0xff,0x61,0x10,0xff,0x61,0x10,0xff,0x61,
    0x10,0xff,0x61,0x10,0xff,0x61,0x10,0xff,0x61,0x10,0xff,0x61,0x10,0xff,0x61,0x10,
    0xff,0x61,0x10,0xff,0x61,0x10,0xff,0x61,0x10,0xff,0xaa,0x52,0xff,0xff,0xff,0xff,
    0x2c,0xff,0xff,0xff,0x90,0x90,0xa4,0xff,0xe9,0x7a,0xff,0xe9,0x7a,0xff,0xe9,0x7a,
    0xff,0xe9,0x7a,0xff,0xe9,0x7a,0xff,0xe9,0x7a,0xff,0xe9,0x7a,0xff,0xe9,0x7a,0xff,
    0xe9,0x7a,0xff,0xe9,0x7a,0xff,0xe9,0x7a,0xff,0xe9,0x7a,0xff,0xe9,0x7a,0xff,0xba,
    0xde,0xff,0xff,0xff,0xff,0x2e,0xff,0xff,0xff,0xac,0x7d,0xde,0xff,0x56,0x8a,0xff,
    0x56,0x8a,0xff,0x56,0x8a,0xff,0x56,0x8a,0xff,0x56,0x8a,0xff,0x56,0x8a,0xff,0x56,
    0x8a,0xff,0x56,0x8a,0xff,0x56,0x8a,0xff,0x56,0x8a,0xff,0x56,0x8a,0xff,0x56,0x8a,
    0xff,0x56,0x8a,0xff,0x56,0x8a,0xff,0x7d,0xde,0xff,0xff,0xff,0xff,0xff,0xff,0xff,
    0xff,0xff,0xff,0xff,0xff,0xff,0xff,0xff,0xff,0xff,0xff,0xff,0xff,0xff,0xff,0xff,
    0xff,0xff,0xff,0xff,0xff,0xff,0xff,0xff,0xff,0xff,0xff,0xff,0xff,0xff,0xff,0xff,
    0xff,0x79,0xce,0xff,0x3c,0xe7,0xff,0xff,0xff,0xff,0xff,0xff,0xff,0x7d,0xef,0xff,
    0x79,0xce,0xff,0x3c,0xe7,0xff,0xff,0xff,0xff,0xff,0xff,0xff,0xff,0xff,0xff,0xff,
    0xff,0xff,0x79,0xce,0xff,0x79,0xce,0xff,0xdf,0xff,0xff,0xff,0xff,0xff,0x33,0xff,
    0xff,0xff,0xa7,0xdf,0xff,0xff,0xfb,0xde,0xff,0x79,0xce,0xff,0x79,0xce,0xff,0x79,
    0xce,0xff,0x79,0xce,0xff,0x79,0xce,0xff,0x79,0xce,0xff,0x79,0xce,0xff,0x79,0xce,
    0xff,0xba,0xd6,0xff,0xdf,0xff,0xff,0xff,0xff,0xff,0xff,0xff,0xff,0xff,0xff,0xff,
    0xff,0xff,0xff,0xff,0xff,0xff,0xff,0xff,0xff,0xff,0xff,0xff,0xff,0xff,0xff,0xff,
    0xff,0xff,0xff,0xff,0xff,0xff,0xff,0xff,0x2c,0x63,0xff,0x61,0x10,0xff,0x61,0x10,
    0xff,0x61,0x10,0xff,0x61,0x10,0xff,0x61,0x10,0xff,0x61,0x10,0xff,0x61,0x10,0xff,
    0x61,0x10,0xff,0x61,0x10,0xff,0x61,0x10,0xff,0x61,0x10,0xff,0x61,0x10,0xff,0xa2,
    0x18,0xff,0x1c,0xe7,0xff,0xff,0xff,0xff,0x2c,0xff,0xff,0xff,0x90,0x90,0xa4,0xff,
    0xe9,0x7a,0xff,0xe9,0x7a,0xff,0xe9,0x7a,0xff,0xe9,0x7a,0xff,0xe9,0x7a,0xff,0xe9,
    0x7a,0xff,0xe9,0x7a,0xff,0xe9,0x7a,0xff,0xe9,0x7a,0xff,0xe9,0x7a,0xff,0xe9,0x7a,
    0xff,0xe9,0x7a,0xff,0xe9,0x7a,0xff,0xba,0xde,0xff,0xff,0xff,0xff,0x2f,0xff,0xff,
    0xff,0xaa,0xf9,0xab,0xff,0x56,0x8a,0xff,0x56,0x8a,0xff,0x56,0x8a,0xff,0x56,0x8a,
    0xff,0x56,0x8a,0xff,0x56,0x8a,0xff,0x56,0x8a,0xff,0x56,0x8a,0xff,0x56,0x8a,0xff,
    0x56,0x8a,0xff,0x56,0x8a,0xff,0x56,0x8a,0xff,0x56,0x8a,0xff,0x7e,0xf7,0xff,0xff,
    0xff,0xff,0xff,0xff,0xff,0xff,0xff,0xff,0xff,0xff,0xff,0xff,0xff,0xff,0xff,0xff,
    0xff,0xff,0xff,0xff,0xff,0xff,0xff,0xff,0xff,0xff,0xff,0xff,0xff,0xff,0xff,0xff,
    0xff,0xff,0xff,0xff,0xff,0xff,0x79,0xce,0xff,0x5d,0xef,0xff,0xff,0xff,0xff,0xff,
    0xff,0xff,0xdf,0xff,0xff,0x79,0xce,0xff,0x79,0xce,0xff,0xff,0xff,0xff,0xff,0xff,
    0xff,0xff,0xff,0xff,0xff,0xff,0xff,0x1c,0xe7,0xff,0xbe,0xf7,0xff,0xff,0xff,0xff,
    0x33,0xff,0xff,0xff,0xa7,0x5d,0xef,0xff,0x79,0xce,0xff,0x79,0xce,0xff,0x79,0xce,
    0xff,0x79,0xce,0xff,0x79,0xce,0xff,0x79,0xce,0xff,0x79,0xce,0xff,0x79,0xce,0xff,
    0x79,0xce,0xff,0x79,0xce,0xff,0x79,0xce,0xff,0x79,0xce,0xff,0x7d,0xef,0xff,0xff,
    0xff,0xff,0xff,0xff,0xff,0xff,0xff,0xff,0xff,0xff,0xff,0xff,0xff,0xff,0xff,0xff,
    0xff,0xff,0xff,0xff,0xff,0xff,0xff,0xff,0xff,0xff,0xff,0xff,0xff,0x96,0xb5,0xff,
    0x61,0x10,0xff,0x61,0x10,0xff,0x61,0x10,0xff,0x61,0x10,0xff,0x61,0x10,0xff,0x61,
    0x10,0xff,0x61,0x10,0xff,0x61,0x10,0xff,0x61,0x10,0xff,0x61,0x10,0xff,0x61,0x10,
    0xff,0x61,0x10,0xff,0x50,0x8c,0xff,0xff,0xff,0xff,0x2d,0xff,0xff,0xff,0x90,0x90,
    0xa4,0xff,0xe9,0x7a,0xff,0xe9,0x7a,0xff,0xe9,0x7a,0xff,0xe9,0x7a,0xff,0xe9,0x7a,
    0xff,0xe9,0x7a,0xff,0xe9,0x7a,0xff,0xe9,0x7a,0xff,0xe9,0x7a,0xff,0xe9,0x7a,0xff,
    0xe9,0x7a,0xff,0xe9,0x7a,0xff,0xe9,0x7a,0xff,0xba,0xde,0xff,0xff,0xff,0xff,0x2f,
    0xff,0xff,0xff,0xa5,0x1e,0xef,0xff,0x76,0x8a,0xff,0x56,0x8a,0xff,0x56,0x8a,0xff,
    0x56,0x8a,0xff,0x56,0x8a,0xff,0x56,0x8a,0xff,0x56,0x8a,0xff,0x56,0x8a,0xff,0x56,
    0x8a,0xff,0x56,0x8a,0xff,0x56,0x8a,0xff,0x56,0x8a,0xff,0x98,0xa3,0xff,0xff,0xff,
    0xff,0xff,0xff,0xff,0xff,0xff,0xff,0xff,0xff,0xff,0xff,0xff,0xff,0xff,0xff,0xff,
    0xff,0xff,0xff,0xff,0xff,0xff,0xff,0xff,0xff,0xff,0xff,0xff,0xff,0xff,0xff,0xdb,
    0xde,0xff,0x5d,0xef,0xff,0xff,0xff,0xff,0xdb,0xde,0xff,0xba,0xd6,0xff,0xbe,0xf7,
    0xff,0xff,0xff,0xff,0x1c,0xe7,0xff,0xba,0xd6,0xff,0x79,0xce,0xff,0x9e,0xf7,0xff,
    0xff,0xff,0xff,0x39,0xff,0xff,0xff,0xa6,0x1c,0xe7,0xff,0x79,0xce,0xff,0x79,0xce,
    0xff,0x79,0xce,0xff,0x79,0xce,0xff,0x79,0xce,0xff,0x79,0xce,0xff,0x79,0xce,0xff,
    0x79,0xce,0xff,0x79,0xce,0xff,0x79,0xce,0xff,0x79,0xce,0xff,0x79,0xce,0xff,0x1c,
    0xe7,0xff,0xff,0xff,0xff,0xff,0xff,0xff,0xff,0xff,0xff,0xff,0xff,0xff,0xff,0xff,
    0xff,0xff,0xff,0xff,0xff,0xff,0xff,0xff,0xff,0xff,0xff,0xff,0xff,0xff,0xff,0xff,
    0x28,0x42,0xff,0x61,0x10,0xff,0x61,0x10,0xff,0x61,0x10,0xff,0x61,0x10,0xff,0x61,
    0x10,0xff,0x61,0x10,0xff,0x61,0x10,0xff,0x61,0x10,0xff,0x61,0x10,0xff,0x61,0x10,
    0xff,0x65,0x29,0xff,0x9e,0xf7,0xff,0xff,0xff,0xff,0x2d,0xff,0xff,0xff,0x90,0x90,
    0xa4,0xff,0xe9,0x7a,0xff,0xe9,0x7a,0xff,0xe9,0x7a,0xff,0xe9,0x7a,0xff,0xe9,0x7a,
    0xff,0xe9,0x7a,0xff,0xe9,0x7a,0xff,0xe9,0x7a,0xff,0xe9,0x7a,0xff,0xe9,0x7a,0xff,
    0xe9,0x7a,0xff,0xe9,0x7a,0xff,0xe9,0x7a,0xff,0xba,0xde,0xff,0xff,0xff,0xff,0x30,
    0xff,0xff,0xff,0xa4,0xda,0xbc,0xff,0x56,0x8a,0xff,0x56,0x8a,0xff,0x56,0x8a,0xff,
    0x56,0x8a,0xff,0x56,0x8a,0xff,0x56,0x8a,0xff,0x56,0x8a,0xff,0x56,0x8a,0xff,0x56,
    0x8a,0xff,0x56,0x8a,0xff,0x56,0x8a,0xff,0x7d,0xde,0xff,0xff,0xff,0xff,0xff,0xff,
    0xff,0xff,0xff,0xff,0xff,0xff,0xff,0xff,0xff,0xff,0xff,0xff,0xff,0xff,0xff,0xff,
    0xff,0xff,0xff,0xff,0xff,0xff,0xff,0xff,0xff,0xdf,0xff,0xff,0x79,0xce,0xff,0x3c,
    0xe7,0xff,0xff,0xff,0xff,0xbe,0xf7,0xff,0x79,0xce,0xff,0x79,0xce,0xff,0x79,0xce,
    0xff,0x79,0xce,0xff,0x9e,0xf7,0xff,0x79,0xce,0xff,0x3c,0xe7,0xff,0xff,0xff,0xff,
    0x3a,0xff,0xff,0xff,0xa4,0x7d,0xef,0xff,0x79,0xce,0xff,0x79,0xce,0xff,0x79,0xce,
    0xff,0x79,0xce,0xff,0x79,0xce,0xff,0x79,0xce,0xff,0x79,0xce,0xff,0x79,0xce,0xff,
    0x79,0xce,0xff,0x79,0xce,0xff,0x79,0xce,0xff,0x79,0xce,0xff,0xba,0xd6,0xff,0xbe,
    0xf7,0xff,0xff,0xff,0xff,0xff,0xff,0xff,0xff,0xff,0xff,0xff,0xff,0xff,0xff,0xff,
    0xff,0xff,0xff,0xff,0xff,0xff,0xff,0xff,0xff,0xff,0x1c,0xe7,0xff,0x44,0x29,0xff,
    0x61,0x10,0xff,0x61,0x10,0xff,0x61,0x10,0xff,0x61,0x10,0xff,0x61,0x10,0xff,0x61,
    0x10,0xff,0x61,0x10,0xff,0x61,0x10,0xff,0xe3,0x18,0xff,0x79,0xce,0xff,0xff,0xff,
    0xff,0x2e,0xff,0xff,0xff,0x90,0x90,0xa4,0xff,0xe9,0x7a,0xff,0xe9,0x7a,0xff,0xe9,
    0x7a,0xff,0xe9,0x7a,0xff,0xe9,0x7a,0xff,0xe9,0x7a,0xff,0xe9,0x7a,0xff,0xe9,0x7a,
    0xff,0xe9,0x7a,0xff,0xe9,0x7a,0xff,0xe9,0x7a,0xff,0xe9,0x7a,0xff,0xe9,0x7a,0xff,
    0xba,0xde,0xff,0xff,0xff,0xff,0x30,0xff,0xff,0xff,0xa4,0xdf,0xff,0xff,0x98,0xa3,
    0xff,0x56,0x8a,0xff,0x56,0x8a,0xff,0x56,0x8a,0xff,0x56,0x8a,0xff,0x56,0x8a,0xff,
    0x56,0x8a,0xff,0x56,0x8a,0xff,0x56,0x8a,0xff,0x56,0x8a,0xff,0x1a,0xc5,0xff,0xff,
    0xff,0xff,0xff,0xff,0xff,0xff,0xff,0xff,0xff,0xff,0xff,0xff,0xff,0xff,0xff,0xff,
    0xff,0xff,0xff,0xff,0xff,0xff,0xff,0xff,0xff,0xff,0x7d,0xef,0xff,0x9e,0xf7,0xff,
    0xff,0xff,0xff,0xff,0xff,0xff,0xff,0xff,0xff,0xff,0xff,0xff,0xff,0xff,0xff,0xff,
    0xff,0xff,0x3c,0xe7,0xff,0x3c,0xe7,0xff,0xff,0xff,0xff,0xff,0xff,0xff,0xba,0xd6,
    0xff,0x3c,0xe7,0xff,0xff,0xff,0xff,0x3b,0xff,0xff,0xff,0xa2,0xbe,0xf7,0xff,0x9a,
    0xd6,0xff,0x79,0xce,0xff,0x79,0xce,0xff,0x79,0xce,0xff,0x79,0xce,0xff,0x79,0xce,
    0xff,0x79,0xce,0xff,0x79,0xce,0xff,0x79,0xce,0xff,0x79,0xce,0xff,0x79,0xce,0xff,
    0x79,0xce,0xff,0x79,0xce,0xff,0x3c,0xe7,0xff,0xff,0xff,0xff,0xff,0xff,0xff,0xff,
    0xff,0xff,0xff,0xff,0xff,0xff,0xff,0xff,0xff,0xff,0xff,0xff,0xff,0xff,0xff,0xff,
    0xff,0x3c,0xe7,0xff,0x69,0x4a,0xff,0x61,0x10,0xff,0x61,0x10,0xff,0x61,0x10,0xff,
    0x61,0x10,0xff,0x61,0x10,0xff,0x61,0x10,0xff,0xe7,0x39,0xff,0xba,0xd6,0xff,0xff,
    0xff,0xff,0x2f,0xff,0xff,0xff,0x90,0x90,0xa4,0xff,0xe9,0x7a,0xff,0xe9,0x7a,0xff,
    0xe9,0x7a,0xff,0xe9,0x7a,0xff,0xe9,0x7a,0xff,0xe9,0x7a,0xff,0xe9,0x7a,0xff,0xe9,
    0x7a,0xff,0xe9,0x7a,0xff,0xe9,0x7a,0xff,0xe9,0x7a,0xff,0xe9,0x7a,0xff,0xe9,0x7a,
    0xff,0xba,0xde,0xff,0xff,0xff,0xff,0x31,0xff,0xff,0xff,0xa3,0xdf,0xff,0xff,0x79,
    0xb4,0xff,0x56,0x8a,0xff,0x56,0x8a,0xff,0x56,0x8a,0xff,0x56,0x8a,0xff,0x56,0x8a,
    0xff,0x56,0x8a,0xff,0x76,0x8a,0xff,0x7b,0xcd,0xff,0xff,0xff,0xff,0xff,0xff,0xff,
    0xff,0xff,0xff,0xff,0xff,0xff,0xff,0xff,0xff,0xff,0xff,0xff,0xff,0xff,0xff,0xff,
    0xff,0xff,0x7d,0xef,0xff,0x9a,0xd6,0xff,0x79,0xce,0xff,0x79,0xce,0xff,0x7d,0xef,
    0xff,0xff,0xff,0xff,0xff,0xff,0xff,0xff,0xff,0xff,0xff,0xff,0xff,0xff,0xff,0xff,
    0xff,0xff,0xff,0xff,0xff,0xff,0xff,0xff,0xff,0xff,0xff,0xff,0xfb,0xde,0xff,0xba,
    0xd6,0xff,0xff,0xff,0xff,0x3c,0xff,0xff,0xff,0x9f,0xdf,0xff,0xff,0xdb,0xde,0xff,
    0x79,0xce,0xff,0x79,0xce,0xff,0x79,0xce,0xff,0x79,0xce,0xff,0x79,0xce,0xff,0x79,
    0xce,0xff,0x79,0xce,0xff,0x79,0xce,0xff,0x79,0xce,0xff,0x79,0xce,0xff,0x79,0xce,
    0xff,0x79,0xce,0xff,0xba,0xd6,0xff,0xbe,0xf7,0xff,0xff,0xff,0xff,0xff,0xff,0xff,
    0xff,0xff,0xff,0xff,0xff,0xff,0xff,0xff,0xff,0xff,0xff,0xff,0xff,0xff,0xff,0xff,
    0xff,0xff,0x59,0xce,0xff,0xce,0x7b,0xff,0xaa,0x52,0xff,0xaa,0x52,0xff,0xce,0x7b,
    0xff,0xf7,0xbd,0xff,0xff,0xff,0xff,0x31,0xff,0xff,0xff,0x90,0x90,0xa4,0xff,0xe9,
    0x7a,0xff,0xe9,0x7a,0xff,0xe9,0x7a,0xff,0xe9,0x7a,0xff,0xe9,0x7a,0xff,0xe9,0x7a,
    0xff,0xe9,0x7a,0xff,0xe9,0x7a,0xff,0xe9,0x7a,0xff,0xe9,0x7a,0xff,0xe9,0x7a,0xff,
    0xe9,0x7a,0xff,0xe9,0x7a,0xff,0xba,0xde,0xff,0xff,0xff,0xff,0x33,0xff,0xff,0xff,
    0xa1,0xdd,0xe6,0xff,0xda,0xbc,0xff,0x98,0xa3,0xff,0x58,0x9b,0xff,0xf9,0xab,0xff,
    0x7b,0xcd,0xff,0x7e,0xf7,0xff,0xff,0xff,0xff,0xff,0xff,0xff,0xff,0xff,0xff,0xff,
    0xff,0xff,0xff,0xff,0xff,0xff,0xff,0xff,0xff,0xff,0xff,0xff,0xff,0xff,0xdf,0xff,
    0xff,0x79,0xce,0xff,0x1c,0xe7,0xff,0xdf,0xff,0xff,0x7d,0xef,0xff,0xff,0xff,0xff,
    0xff,0xff,0xff,0xff,0xff,0xff,0xff,0xff,0xff,0xff,0xff,0xff,0xff,0xff,0xff,0xff,
    0xff,0xff,0xff,0xff,0xff,0xff,0xff,0xff,0xff,0xff,0xff,0x3c,0xe7,0xff,0x3c,0xe7,
    0xff,0xff,0xff,0xff,0x3e,0xff,0xff,0xff,0x90,0x1c,0xe7,0xff,0x79,0xce,0xff,0x79,
    0xce,0xff,0x79,0xce,0xff,0x79,0xce,0xff,0x79,0xce,0xff,0x79,0xce,0xff,0x79,0xce,
    0xff,0x79,0xce,0xff,0x79,0xce,0xff,0x79,0xce,0xff,0x79,0xce,0xff,0x79,0xce,0xff,
    0x79,0xce,0xff,0x3c,0xe7,0xff,0xff,0xff,0xff,0x3e,0xff,0xff,0xff,0x90,0x90,0xa4,
    0xff,0xe9,0x7a,0xff,0xe9,0x7a,0xff,0xe9,0x7a,0xff,0xe9,0x7a,0xff,0xe9,0x7a,0xff,
    0xe9,0x7a,0xff,0xe9,0x7a,0xff,0xe9,0x7a,0xff,0xe9,0x7a,0xff,0xe9,0x7a,0xff,0xe9,
    0x7a,0xff,0xe9,0x7a,0xff,0xe9,0x7a,0xff,0xba,0xde,0xff,0xff,0xff,0xff,0x42,0xff,
    0xff,0xff,0x83,0x3c,0xe7,0xff,0xba,0xd6,0xff,0xff,0xff,0xff,0x4e,0xff,0xff,0xff,
    0x91,0x7d,0xef,0xff,0x79,0xce,0xff,0x79,0xce,0xff,0x79,0xce,0xff,0x79,0xce,0xff,
    0x79,0xce,0xff,0x79,0xce,0xff,0x79,0xce,0xff,0x79,0xce,0xff,0x79,0xce,0xff,0x79,
    0xce,0xff,0x79,0xce,0xff,0x79,0xce,0xff,0x79,0xce,0xff,0x9a,0xd6,0xff,0x9e,0xf7,
    0xff,0xff,0xff,0xff,0x3c,0xff,0xff,0xff,0x90,0x90,0xa4,0xff,0xe9,0x7a,0xff,0xe9,
    0x7a,0xff,0xe9,0x7a,0xff,0xe9,0x7a,0xff,0xe9,0x7a,0xff,0xe9,0x7a,0xff,0xe9,0x7a,
    0xff,0xe9,0x7a,0xff,0xe9,0x7a,0xff,0xe9,0x7a,0xff,0xe9,0x7a,0xff,0xe9,0x7a,0xff,
    0xe9,0x7a,0xff,0xba,0xde,0xff,0xff,0xff,0xff,0x40,0xff,0xff,0xff,0x8a,0xdf,0xff,
    0xff,0xff,0xff,0xff,0x3c,0xe7,0xff,0x9a,0xd6,0xff,0xff,0xff,0xff,0xff,0xff,0xff,
    0xff,0xff,0xff,0x3c,0xe7,0xff,0x3c,0xe7,0xff,0xff,0xff,0xff,0x4a,0xff,0xff,0xff,
    0x92,0xdf,0xff,0xff,0xdb,0xde,0xff,0x79,0xce,0xff,0x79,0xce,0xff,0x79,0xce,0xff,
    0x79,0xce,0xff,0x79,0xce,0xff,0x79,0xce,0xff,0x79,0xce,0xff,0x79,0xce,0xff,0x79,
    0xce,0xff,0x79,0xce,0xff,0x79,0xce,0xff,0x79,0xce,0xff,0x79,0xce,0xff,0xfb,0xde,
    0xff,0xdf,0xff,0xff,0xff,0xff,0xff,0x3a,0xff,0xff,0xff,0x90,0x90,0xa4,0xff,0xe9,
    0x7a,0xff,0xe9,0x7a,0xff,0xe9,0x7a,0xff,0xe9,0x7a,0xff,0xe9,0x7a,0xff,0xe9,0x7a,
    0xff,0xe9,0x7a,0xff,0xe9,0x7a,0xff,0xe9,0x7a,0xff,0xe9,0x7a,0xff,0xe9,0x7a,0xff,
    0xe9,0x7a,0xff,0xe9,0x7a,0xff,0xba,0xde,0xff,0xff,0xff,0xff,0x3e,0xff,0xff,0xff,
    0x8c,0x7d,0xef,0xff,0xba,0xd6,0xff,0xba,0xd6,0xff,0xff,0xff,0xff,0x7d,0xef,0xff,
    0x79,0xce,0xff,0x1c,0xe7,0xff,0x7d,0xef,0xff,0x3c,0xe7,0xff,0x79,0xce,0xff,0x3c,
    0xe7,0xff,0xff,0xff,0xff,0x4c,0xff,0xff,0xff,0x91,0x3c,0xe7,0xff,0x79,0xce,0xff,
    0x79,0xce,0xff,0x79,0xce,0xff,0x79,0xce,0xff,0x79,0xce,0xff,0x79,0xce,0xff,0x79,
    0xce,0xff,0x79,0xce,0xff,0x79,0xce,0xff,0x79,0xce,0xff,0x79,0xce,0xff,0x79,0xce,
    0xff,0x79,0xce,0xff,0x79,0xce,0xff,0x3c,0xe7,0xff,0xff,0xff,0xff,0x39,0xff,0xff,
    0xff,0x90,0x90,0xa4,0xff,0xe9,0x7a,0xff,0xe9,0x7a,0xff,0xe9,0x7a,0xff,0xe9,0x7a,
    0xff,0xe9,0x7a,0xff,0xe9,0x7a,0xff,0xe9,0x7a,0xff,0xe9,0x7a,0xff,0xe9,0x7a,0xff,
    0xe9,0x7a,0xff,0xe9,0x7a,0xff,0xe9,0x7a,0xff,0xe9,0x7a,0xff,0xba,0xde,0xff,0xff,
    0xff,0xff,0x3c,0xff,0xff,0xff,0x8e,0xbe,0xf7,0xff,0xfb,0xde,0xff,0x79,0xce,0xff,
    0x79,0xce,0xff,0xdb,0xde,0xff,0xff,0xff,0xff,0xff,0xff,0xff,0x3c,0xe7,0xff,0x79,
    0xce,0xff,0x79,0xce,0xff,0x79,0xce,0xff,0x79,0xce,0xff,0x3c,0xe7,0xff,0xff,0xff,
    0xff,0x4d,0xff,0xff,0xff,0x92,0x9e,0xf7,0xff,0x9a,0xd6,0xff,0x79,0xce,0xff,0x79,
    0xce,0xff,0x79,0xce,0xff,0x79,0xce,0xff,0x79,0xce,0xff,0x79,0xce,0xff,0x79,0xce,
    0xff,0x79,0xce,0xff,0x79,0xce,0xff,0x79,0xce,0xff,0x79,0xce,0xff,0x79,0xce,0xff,
    0x79,0xce,0xff,0x9a,0xd6,0xff,0x7d,0xef,0xff,0xff,0xff,0xff,0x37,0xff,0xff,0xff,
    0x90,0x90,0xa4,0xff,0xe9,0x7a,0xff,0xe9,0x7a,0xff,0xe9,0x7a,0xff,0xe9,0x7a,0xff,
    0xe9,0x7a,0xff,0xe9,0x7a,0xff,0xe9,0x7a,0xff,0xe9,0x7a,0xff,0xe9,0x7a,0xff,0xe9,
    0x7a,0xff,0xe9,0x7a,0xff,0xe9,0x7a,0xff,0xe9,0x7a,0xff,0xba,0xde,0xff,0xff,0xff,
    0xff,0x39,0xff,0xff,0xff,0x94,0x9e,0xf7,0xff,0xff,0xff,0xff,0x3c,0xe7,0xff,0x79,
    0xce,0xff,0xdb,0xde,0xff,0x9e,0xf7,0xff,0x79,0xce,0xff,0x3c,0xe7,0xff,0xff,0xff,
    0xff,0xff,0xff,0xff,0xff,0xff,0xff,0xdf,0xff,0xff,0x7d,0xef,0xff,0xdf,0xff,0xff,
    0x9a,0xd6,0xff,0x7d,0xef,0xff,0xdf,0xff,0xff,0xba,0xd6,0xff,0x1c,0xe7,0xff,0xff,
    0xff,0xff,0x4c,0xff,0xff,0xff,0x92,0x1c,0xe7,0xff,0x79,0xce,0xff,0x79,0xce,0xff,
    0x79,0xce,0xff,0x79,0xce,0xff,0x79,0xce,0xff,0x79,0xce,0xff,0x79,0xce,0xff,0x79,
    0xce,0xff,0x79,0xce,0xff,0x79,0xce,0xff,0x79,0xce,0xff,0x79,0xce,0xff,0x79,0xce,
    0xff,0x79,0xce,0xff,0xba,0xd6,0xff,0x9e,0xf7,0xff,0xff,0xff,0xff,0x35,0xff,0xff,
    0xff,0x90,0x90,0xa4,0xff,0xe9,0x7a,0xff,0xe9,0x7a,0xff,0xe9,0x7a,0xff,0xe9,0x7a,
    0xff,0xe9,0x7a,0xff,0xe9,0x7a,0xff,0xe9,0x7a,0xff,0xe9,0x7a,0xff,0xe9,0x7a,0xff,
    0xe9,0x7a,0xff,0xe9,0x7a,0xff,0xe9,0x7a,0xff,0xe9,0x7a,0xff,0xba,0xde,0xff,0xff,
    0xff,0xff,0x38,0xff,0xff,0xff,0x94,0x3c,0xe7,0xff,0x79,0xce,0xff,0x7d,0xef,0xff,
    0x3c,0xe7,0xff,0x5d,0xef,0xff,0xff,0xff,0xff,0x9e,0xf7,0xff,0x79,0xce,0xff,0x9e,
    0xf7,0xff,0xff,0xff,0xff,0xff,0xff,0xff,0xff,0xff,0xff,0xff,0xff,0xff,0xff,0xff,
    0xff,0xff,0xff,0xff,0x79,0xce,0xff,0x1c,0xe7,0xff,0x79,0xce,0xff,0xdb,0xde,0xff,
    0xff,0xff,0xff,0x4e,0xff,0xff,0xff,0x93,0x9e,0xf7,0xff,0x9a,0xd6,0xff,0x79,0xce,
    0xff,0x79,0xce,0xff,0x79,0xce,0xff,0x79,0xce,0xff,0x79,0xce,0xff,0x79,0xce,0xff,
    0x79,0xce,0xff,0x79,0xce,0xff,0x79,0xce,0xff,0x79,0xce,0xff,0x79,0xce,0xff,0x79,
    0xce,0xff,0x79,0xce,0xff,0x79,0xce,0xff,0xdb,0xde,0xff,0xbe,0xf7,0xff,0xff,0xff,
    0xff,0x33,0xff,0xff,0xff,0x90,0x90,0xa4,0xff,0xe9,0x7a,0xff,0xe9,0x7a,0xff,0xe9,
    0x7a,0xff,0xe9,0x7a,0xff,0xe9,0x7a,0xff,0xe9,0x7a,0xff,0xe9,0x7a,0xff,0xe9,0x7a,
    0xff,0xe9,0x7a,0xff,0xe9,0x7a,0xff,0xe9,0x7a,0xff,0xe9,0x7a,0xff,0xe9,0x7a,0xff,
    0xba,0xde,0xff,0xff,0xff,0xff,0x38,0xff,0xff,0xff,0x93,0xdf,0xff,0xff,0x3c,0xe7,
    0xff,0xff,0xff,0xff,0xff,0xff,0xff,0xff,0xff,0xff,0xff,0xff,0xff,0x3c,0xe7,0xff,
    0x9a,0xd6,0xff,0xff,0xff,0xff,0xff,0xff,0xff,0xff,0xff,0xff,0xff,0xff,0xff,0xff,
    0xff,0xff,0xff,0xff,0xff,0xdf,0xff,0xff,0x79,0xce,0xff,0x79,0xce,0xff,0x3c,0xe7,
    0xff,0xff,0xff,0xff,0x51,0xff,0xff,0xff,0x93,0x3c,0xe7,0xff,0x79,0xce,0xff,0x79,
    0xce,0xff,0x79,0xce,0xff,0x79,0xce,0xff,0x79,0xce,0xff,0x79,0xce,0xff,0x79,0xce,
    0xff,0x79,0xce,0xff,0x79,0xce,0xff,0x79,0xce,0xff,0x79,0xce,0xff,0x79,0xce,0xff,
    0x79,0xce,0xff,0x79,0xce,0xff,0x79,0xce,0xff,0xfb,0xde,0xff,0xbe,0xf7,0xff,0xff,
    0xff,0xff,0x31,0xff,0xff,0xff,0x90,0x90,0xa4,0xff,0xe9,0x7a,0xff,0xe9,0x7a,0xff,
    0xe9,0x7a,0xff,0xe9,0x7a,0xff,0xe9,0x7a,0xff,0xe9,0x7a,0xff,0xe9,0x7a,0xff,0xe9,
    0x7a,0xff,0xe9,0x7a,0xff,0xe9,0x7a,0xff,0xe9,0x7a,0xff,0xe9,0x7a,0xff,0xe9,0x7a,
    0xff,0xba,0xde,0xff,0xff,0xff,0xff,0x34,0xff,0xff,0xff,0x96,0xfb,0xde,0xff,0x3c,
    0xe7,0xff,0xff,0xff,0xff,0xff,0xff,0xff,0xff,0xff,0xff,0xff,0xff,0xff,0xff,0xff,
    0xff,0xff,0xff,0xff,0xff,0xff,0xff,0xff,0xff,0xff,0xdb,0xde,0xff,0xfb,0xde,0xff,
    0xff,0xff,0xff,0xff,0xff,0xff,0xff,0xff,0xff,0xff,0xff,0xff,0xff,0xff,0xff,0xff,
    0xff,0xff,0xff,0xff,0xff,0x9a,0xd6,0xff,0x7d,0xef,0xff,0xff,0xff,0xff,0x53,0xff,
    0xff,0xff,0x94,0xbe,0xf7,0xff,0xba,0xd6,0xff,0x79,0xce,0xff,0x79,0xce,0xff,0x79,
    0xce,0xff,0x79,0xce,0xff,0x79,0xce,0xff,0x79,0xce,0xff,0x79,0xce,0xff,0x79,0xce,
    0xff,0x79,0xce,0xff,0x79,0xce,0xff,0x79,0xce,0xff,0x79,0xce,0xff,0x79,0xce,0xff,
    0x79,0xce,0xff,0x79,0xce,0xff,0xdb,0xde,0xff,0x9e,0xf7,0xff,0xff,0xff,0xff,0x2f,
    0xff,0xff,0xff,0x90,0x90,0xa4,0xff,0xe9,0x7a,0xff,0xe9,0x7a,0xff,0xe9,0x7a,0xff,
    0xe9,0x7a,0xff,0xe9,0x7a,0xff,0xe9,0x7a,0xff,0xe9,0x7a,0xff,0xe9,0x7a,0xff,0xe9,
    0x7a,0xff,0xe9,0x7a,0xff,0xe9,0x7a,0xff,0xe9,0x7a,0xff,0xe9,0x7a,0xff,0xba,0xde,
    0xff,0xff,0xff,0xff,0x2f,0xff,0xff,0xff,0x97,0x7d,0xef,0xff,0x9e,0xf7,0xff,0xff,
    0xff,0xff,0xff,0xff,0xff,0xff,0xff,0xff,0x9a,0xd6,0xff,0xdb,0xde,0xff,0xff,0xff,
    0xff,0xff,0xff,0xff,0xff,0xff,0xff,0xff,0xff,0xff,0xff,0xff,0xff,0xff,0xff,0xff,
    0xff,0xff,0xff,0xff,0xff,0xff,0x9a,0xd6,0xff,0x3c,0xe7,0xff,0xff,0xff,0xff,0xff,
    0xff,0xff,0xff,0xff,0xff,0x3c,0xe7,0xff,0xdf,0xff,0xff,0xff,0xff,0xff,0x59,0xff,
    0xff,0xff,0x94,0x5d,0xef,0xff,0x9a,0xd6,0xff,0x79,0xce,0xff,0x79,0xce,0xff,0x79,
    0xce,0xff,0x79,0xce,0xff,0x79,0xce,0xff,0x79,0xce,0xff,0x79,0xce,0xff,0x79,0xce,
    0xff,0x79,0xce,0xff,0x79,0xce,0xff,0x79,0xce,0xff,0x79,0xce,0xff,0x79,0xce,0xff,
    0x79,0xce,0xff,0x79,0xce,0xff,0xdb,0xde,0xff,0x9e,0xf7,0xff,0xff,0xff,0xff,0x2d,
    0xff,0xff,0xff,0x90,0xf2,0xac,0xff,0xe9,0x7a,0xff,0xe9,0x7a,0xff,0xe9,0x7a,0xff,
    0xe9,0x7a,0xff,0xe9,0x7a,0xff,0xe9,0x7a,0xff,0xe9,0x7a,0xff,0xe9,0x7a,0xff,0xe9,
    0x7a,0xff,0xe9,0x7a,0xff,0xe9,0x7a,0xff,0xe9,0x7a,0xff,0xe9,0x7a,0xff,0xfb,0xe6,
    0xff,0xff,0xff,0xff,0x2d,0xff,0xff,0xff,0x99,0x3c,0xe7,0xff,0x79,0xce,0xff,0x79,
    0xce,0xff,0x79,0xce,0xff,0xba,0xd6,0xff,0xff,0xff,0xff,0xff,0xff,0xff,0x3c,0xe7,
    0xff,0x79,0xce,0xff,0xbe,0xf7,0xff,0xff,0xff,0xff,0xff,0xff,0xff,0xff,0xff,0xff,
    0xff,0xff,0xff,0xff,0xff,0xff,0xff,0xff,0xff,0xff,0xff,0xff,0x79,0xce,0xff,0x1c,
    0xe7,0xff,0xff,0xff,0xff,0xff,0xff,0xff,0xdf,0xff,0xff,0x79,0xce,0xff,0x7d,0xef,
    0xff,0xff,0xff,0xff,0x5b,0xff,0xff,0xff,0x94,0x1c,0xe7,0xff,0x79,0xce,0xff,0x79,
    0xce,0xff,0x79,0xce,0xff,0x79,0xce,0xff,0x79,0xce,0xff,0x79,0xce,0xff,0x79,0xce,
    0xff,0x79,0xce,0xff,0x79,0xce,0xff,0x79,0xce,0xff,0x79,0xce,0xff,0x79,0xce,0xff,
    0x79,0xce,0xff,0x79,0xce,0xff,0x79,0xce,0xff,0x79,0xce,0xff,0xba,0xd6,0xff,0x5d,
    0xef,0xff,0xff,0xff,0xff,0x2b,0xff,0xff,0xff,0x90,0x94,0xc5,0xff,0xe9,0x7a,0xff,
    0xe9,0x7a,0xff,0xe9,0x7a,0xff,0xe9,0x7a,0xff,0xe9,0x7a,0xff,0xe9,0x7a,0xff,0xe9,
    0x7a,0xff,0xe9,0x7a,0xff,0xe9,0x7a,0xff,0xe9,0x7a,0xff,0xe9,0x7a,0xff,0xe9,0x7a,
    0xff,0xe9,0x7a,0xff,0xbe,0xf7,0xff,0xff,0xff,0xff,0x2c,0xff,0xff,0xff,0x99,0x9e,
    0xf7,0xff,0x79,0xce,0xff,0x1c,0xe7,0xff,0xdf,0xff,0xff,0xbe,0xf7,0xff,0xdb,0xde,
    0xff,0xdf,0xff,0xff,0xff,0xff,0xff,0xbe,0xf7,0xff,0x79,0xce,0xff,0x3c,0xe7,0xff,
    0xff,0xff,0xff,0xff,0xff,0xff,0xff,0xff,0xff,0xff,0xff,0xff,0xff,0xff,0xff,0xff,
    0xff,0xff,0xff,0xff,0xff,0xdb,0xde,0xff,0x79,0xce,0xff,0x5d,0xef,0xff,0x9e,0xf7,
    0xff,0xba,0xd6,0xff,0x9a,0xd6,0xff,0xff,0xff,0xff,0x5d,0xff,0xff,0xff,0x96,0xbe,
    0xf7,0xff,0xdb,0xde,0xff,0x79,0xce,0xff,0x79,0xce,0xff,0x79,0xce,0xff,0x79,0xce,
    0xff,0x79,0xce,0xff,0x79,0xce,0xff,0x79,0xce,0xff,0x79,0xce,0xff,0x79,0xce,0xff,
    0x79,0xce,0xff,0x79,0xce,0xff,0x79,0xce,0xff,0x79,0xce,0xff,0x79,0xce,0xff,0x79,
    0xce,0xff,0x79,0xce,0xff,0x79,0xce,0xff,0x1c,0xe7,0xff,0xbe,0xf7,0xff,0xff,0xff,
    0xff,0x28,0xff,0xff,0xff,0x8f,0x3c,0xef,0xff,0xe9,0x7a,0xff,0xe9,0x7a,0xff,0xe9,
    0x7a,0xff,0xe9,0x7a,0xff,0xe9,0x7a,0xff,0xe9,0x7a,0xff,0xe9,0x7a,0xff,0xe9,0x7a,
    0xff,0xe9,0x7a,0xff,0xe9,0x7a,0xff,0xe9,0x7a,0xff,0xe9,0x7a,0xff,0x0e,0x9c,0xff,
    0xff,0xff,0xff,0x2d,0xff,0xff,0xff,0x99,0x3c,0xe7,0xff,0x79,0xce,0xff,0xff,0xff,
    0xff,0xff,0xff,0xff,0xff,0xff,0xff,0xff,0xff,0xff,0xff,0xff,0xff,0xff,0xff,0xff,
    0xff,0xff,0xff,0xba,0xd6,0xff,0xba,0xd6,0xff,0xff,0xff,0xff,0xff,0xff,0xff,0xff,
    0xff,0xff,0xff,0xff,0xff,0xff,0xff,0xff,0xff,0xff,0xff,0xff,0xff,0xff,0xff,0xff,
    0xff,0xba,0xd6,0xff,0x79,0xce,0xff,0x79,0xce,0xff,0xdb,0xde,0xff,0xdf,0xff,0xff,
    0xff,0xff,0xff,0x5f,0xff,0xff,0xff,0x96,0x9e,0xf7,0xff,0xba,0xd6,0xff,0x79,0xce,
    0xff,0x79,0xce,0xff,0x79,0xce,0xff,0x79,0xce,0xff,0x79,0xce,0xff,0x79,0xce,0xff,
    0x79,0xce,0xff,0x79,0xce,0xff,0x79,0xce,0xff,0x79,0xce,0xff,0x79,0xce,0xff,0x79,
    0xce,0xff,0x79,0xce,0xff,0x79,0xce,0xff,0x79,0xce,0xff,0x79,0xce,0xff,0x79,0xce,
    0xff,0xba,0xd6,0xff,0x5d,0xef,0xff,0xff,0xff,0xff,0x27,0xff,0xff,0xff,0x8e,0x90,
    0xac,0xff,0xe9,0x7a,0xff,0xe9,0x7a,0xff,0xe9,0x7a,0xff,0xe9,0x7a,0xff,0xe9,0x7a,
    0xff,0xe9,0x7a,0xff,0xe9,0x7a,0xff,0xe9,0x7a,0xff,0xe9,0x7a,0xff,0xe9,0x7a,0xff,
    0xe9,0x7a,0xff,0xba,0xde,0xff,0xff,0xff,0xff,0x2d,0xff,0xff,0xff,0x97,0x3c,0xe7,
    0xff,0x79,0xce,0xff,0xdf,0xff,0xff,0xff,0xff,0xff,0xff,0xff,0xff,0x7d,0xef,0xff,
    0x9e,0xf7,0xff,0xff,0xff,0xff,0xff,0xff,0xff,0x3c,0xe7,0xff,0x79,0xce,0xff,0xbe,
    0xf7,0xff,0xff,0xff,0xff,0xff,0xff,0xff,0xff,0xff,0xff,0xff,0xff,0xff,0xff,0xff,
    0xff,0xff,0xff,0xff,0xff,0xff,0xff,0xff,0xff,0xff,0x9e,0xf7,0xff,0xbe,0xf7,0xff,
    0xff,0xff,0xff,0x63,0xff,0xff,0xff,0x83,0x7d,0xef,0xff,0xba,0xd6,0xff,0x79,0xce,
    0xff,0x11,0x79,0xce,0xff,0x83,0xfb,0xde,0xff,0x9e,0xf7,0xff,0xff,0xff,0xff,0x24,
    0xff,0xff,0xff,0x8d,0x9e,0xf7,0xff,0xac,0x93,0xff,0xe9,0x7a,0xff,0xe9,0x7a,0xff,
    0xe9,0x7a,0xff,0xe9,0x7a,0xff,0xe9,0x7a,0xff,0xe9,0x7a,0xff,0xe9,0x7a,0xff,0xe9,
    0x7a,0xff,0xe9,0x7a,0xff,0x33,0xb5,0xff,0xff,0xff,0xff,0x2e,0xff,0xff,0xff,0x8f,
    0xdf,0xff,0xff,0x79,0xce,0xff,0xfb,0xde,0xff,0x7d,0xef,0xff,0x3c,0xe7,0xff,0x79,
    0xce,0xff,0xba,0xd6,0xff,0xff,0xff,0xff,0xff,0xff,0xff,0xdf,0xff,0xff,0x79,0xce,
    0xff,0x1c,0xe7,0xff,0x5d,0xef,0xff,0xfb,0xde,0xff,0xff,0xff,0xff,0x6d,0xff,0xff,
    0xff,0x83,0x7d,0xef,0xff,0xba,0xd6,0xff,0x79,0xce,0xff,0x11,0x79,0xce,0xff,0x84,
    0x9a,0xd6,0xff,0x1c,0xe7,0xff,0x9e,0xf7,0xff,0xff,0xff,0xff,0x22,0xff,0xff,0xff,
    0x8b,0x7d,0xf7,0xff,0x0e,0x9c,0xff,0xe9,0x7a,0xff,0xe9,0x7a,0xff,0xe9,0x7a,0xff,
    0xe9,0x7a,0xff,0xe9,0x7a,0xff,0xe9,0x7a,0xff,0xe9,0x7a,0xff,0x94,0xc5,0xff,0xff,
    0xff,0xff,0x30,0xff,0xff,0xff,0x8e,0x5d,0xef,0xff,0x9a,0xd6,0xff,0x79,0xce,0xff,
    0xdb,0xde,0xff,0xdb,0xde,0xff,0xba,0xd6,0xff,0xff,0xff,0xff,0xff,0xff,0xff,0xff,
    0xff,0xff,0xdb,0xde,0xff,0x9a,0xd6,0xff,0x79,0xce,0xff,0x1c,0xe7,0xff,0xff,0xff,
    0xff,0x6f,0xff,0xff,0xff,0x83,0x7d,0xef,0xff,0xba,0xd6,0xff,0x79,0xce,0xff,0x13,
    0x79,0xce,0xff,0x84,0xdb,0xde,0xff,0x5d,0xef,0xff,0xbe,0xf7,0xff,0xff,0xff,0xff,
    0x20,0xff,0xff,0xff,0x88,0x78,0xd6,0xff,0x90,0xa4,0xff,0xac,0x93,0xff,0x4b,0x83,
    0xff,0xac,0x93,0xff,0x33,0xb5,0xff,0x5c,0xef,0xff,0xff,0xff,0xff,0x35,0xff,0xff,
    0xff,0x89,0x3c,0xe7,0xff,0x79,0xce,0xff,0xff,0xff,0xff,0xff,0xff,0xff,0xff,0xff,
    0xff,0x5d,0xef,0xff,0x79,0xce,0xff,0x1c,0xe7,0xff,0xff,0xff,0xff,0x72,0xff,0xff,
    0xff,0x83,0x9e,0xf7,0xff,0xdb,0xde,0xff,0x79,0xce,0xff,0x14,0x79,0xce,0xff,0x86,
    0x9a,0xd6,0xff,0xdb,0xde,0xff,0x3c,0xe7,0xff,0x9e,0xf7,0xff,0xdf,0xff,0xff,0xff,
    0xff,0xff,0x58,0xff,0xff,0xff,0x88,0x7d,0xef,0xff,0x79,0xce,0xff,0xdf,0xff,0xff,
    0xff,0xff,0xff,0xff,0xff,0xff,0xff,0xff,0xff,0x3c,0xe7,0xff,0xff,0xff,0xff,0x75,
    0xff,0xff,0xff,0x83,0x9e,0xf7,0xff,0xfb,0xde,0xff,0x79,0xce,0xff,0x17,0x79,0xce,
    0xff,0x88,0x9a,0xd6,0xff,0xba,0xd6,0xff,0xfb,0xde,0xff,0x1c,0xe7,0xff,0x3c,0xe7,
    0xff,0x5d,0xef,0xff,0x9e,0xf7,0xff,0xff,0xff,0xff,0x4e,0xff,0xff,0xff,0x87,0x9e,
    0xf7,0xff,0x3c,0xe7,0xff,0xdb,0xde,0xff,0x79,0xce,0xff,0x79,0xce,0xff,0x7d,0xef,
    0xff,0xff,0xff,0xff,0x7b,0xff,0xff,0xff,0x84,0xdf,0xff,0xff,0x3c,0xe7,0xff,0x9a,
    0xd6,0xff,0x79,0xce,0xff,0x1b,0x79,0xce,0xff,0x83,0xba,0xd6,0xff,0xdf,0xff,0xff,
    0xff,0xff,0xff,0x4c,0xff,0xff,0xff,0x86,0xfb,0xde,0xff,0xba,0xd6,0xff,0xfb,0xde,
    0xff,0x3c,0xe7,0xff,0xbe,0xf7,0xff,0xff,0xff,0xff,0x7f,0xff,0xff,0xff,0x83,0x7d,
    0xef,0xff,0xdb,0xde,0xff,0x79,0xce,0xff,0x1a,0x79,0xce,0xff,0x82,0xba,0xd6,0xff,
    0xff,0xff,0xff,0x7f,0xff,0xff,0xff,0x54,0xff,0xff,0xff,0x84,0xdf,0xff,0xff,0x3c,
    0xe7,0xff,0x9a,0xd6,0xff,0x79,0xce,0xff,0x18,0x79,0xce,0xff,0x7f,0xff,0xff,0xff,
    0x58,0xff,0xff,0xff,0x84,0x9e,0xf7,0xff,0x1c,0xe7,0xff,0x9a,0xd6,0xff,0x79,0xce,
    0xff,0x15,0x79,0xce,0xff,0x82,0xdf,0xff,0xff,0xff,0xff,0xff,0x7f,0xff,0xff,0xff,
    0x59,0xff,0xff,0xff,0x84,0x9e,0xf7,0xff,0x1c,0xe7,0xff,0x9a,0xd6,0xff,0x79,0xce,
    0xff,0x12,0x79,0xce,0xff,0x7f,0xff,0xff,0xff,0x5e,0xff,0xff,0xff,0x94,0xdf,0xff,
    0xff,0x5d,0xef,0xff,0xfb,0xde,0xff,0x9a,0xd6,0xff,0x79,0xce,0xff,0x79,0xce,0xff,
    0x79,0xce,0xff,0x79,0xce,0xff,0x79,0xce,0xff,0x79,0xce,0xff,0x79,0xce,0xff,0x79,
    0xce,0xff,0x79,0xce,0xff,0x79,0xce,0xff,0x79,0xce,0xff,0x79,0xce,0xff,0x79,0xce,
    0xff,0x79,0xce,0xff,0x9a,0xd6,0xff,0xff,0xff,0xff,0x7f,0xff,0xff,0xff,0x61,0xff,
    0xff,0xff,0x90,0xdf,0xff,0xff,0x7d,0xef,0xff,0x1c,0xe7,0xff,0xdb,0xde,0xff,0x79,
    0xce,0xff,0x79,0xce,0xff,0x79,0xce,0xff,0x79,0xce,0xff,0x79,0xce,0xff,0x79,0xce,
    0xff,0x79,0xce,0xff,0x79,0xce,0xff,0x79,0xce,0xff,0x79,0xce,0xff,0xbe,0xf7,0xff,
    0xff,0xff,0xff,0x7f,0xff,0xff,0xff,0x67,0xff,0xff,0xff,0x88,0xdf,0xff,0xff,0xdf,
    0xff,0xff,0xbe,0xf7,0xff,0xbe,0xf7,0xff,0x9e,0xf7,0xff,0x9e,0xf7,0xff,0xbe,0xf7,
    0xff,0xff,0xff,0xff,0x7f,0xff,0xff,0xff,0x7f,0xff,0xff,0xff,0x7f,0xff,0xff,0xff,
    0x7f,0xff,0xff,0xff,0x7f,0xff,0xff,0xff,0x7f,0xff,0xff,0xff,0x7f,0xff,0xff,0xff,
    0x7f,0xff,0xff,0xff,0x7f,0xff,0xff,0xff,0x7f,0xff,0xff,0xff,0x7f,0xff,0xff,0xff,
    0x7f,0xff,0xff,0xff,0x7f,0xff,0xff,0xff,0x7f,0xff,0xff,0xff,0x7f,0xff,0xff,0xff,
    0x7f,0xff,0xff,0xff,0x7f,0xff,0xff,0xff,0x7f,0xff,0xff,0xff,0x7f,0xff,0xff,0xff,
    0x7f,0xff,0xff,0xff,0x84,0xff,0xff,0xff,0xff,0xff,0xff,0xff,0xff,0xff,0xff,0xff,
    0xff,

};

const lv_image_dsc_t dial2_bg = {
  .header = {
    .magic = LV_IMAGE_HEADER_MAGIC,
    .cf = LV_COLOR_FORMAT_ARGB8565,
    .flags = 0 | LV_IMAGE_FLAGS_COMPRESSED,
    .w = 240,
    .h = 296,
    .stride = 720,
    .reserved_2 = 0,
  },
  .data_size = sizeof(dial2_bg_map),
  .data = dial2_bg_map,
  .reserved = NULL,
};

