#include "../lv_examples.h"
#if LV_BUILD_EXAMPLES && LV_USE_LABEL

uint8_t HRS_I8_LZ4_map[] = {

    0x02,0x00,0x00,0x00,0xb7,0x04,0x00,0x00,0x27,0x18,0x00,0x00,0xff,0xff,0x42,0x4c,
    0x70,0x47,0x00,0x45,0x45,0xff,0xf9,0x45,0x45,0xff,0xf1,0x45,0x45,0xff,0xfc,0x45,
    0x45,0xff,0xc9,0x45,0x45,0xff,0x06,0x45,0x45,0xff,0xb2,0x45,0x45,0xff,0x0a,0x45,
    0x45,0xff,0x0f,0x45,0x45,0xff,0xbe,0x45,0x45,0xff,0xa7,0x45,0x45,0xff,0xfd,0x45,
    0x45,0xff,0x25,0x45,0x45,0xff,0x80,0x45,0x45,0xff,0xfa,0x45,0x45,0xff,0x03,0x45,
    0x45,0xff,0x45,0x45,0x45,0xff,0xd1,0x45,0x45,0xff,0xc8,0x45,0x45,0xff,0x01,0x45,
    0x45,0xff,0x2c,0x45,0x45,0xff,0xbc,0x45,0x45,0xff,0x54,0x45,0x45,0xff,0x07,0x45,
    0x45,0xff,0x27,0x45,0x45,0xff,0xdd,0x45,0x45,0xff,0x94,0x45,0x45,0xff,0xac,0x45,
    0x45,0xff,0x40,0x45,0x45,0xff,0xcc,0x45,0x45,0xff,0x24,0x45,0x45,0xff,0x63,0x45,
    0x45,0xff,0x0e,0x45,0x45,0xff,0xd0,0x45,0x45,0xff,0x4e,0x45,0x45,0xff,0xf5,0x45,
    0x45,0xff,0xc1,0x45,0x45,0xff,0x3f,0x45,0x45,0xff,0x95,0x45,0x45,0xff,0xea,0x45,
    0x45,0xff,0xfe,0x45,0x45,0xff,0x33,0x45,0x45,0xff,0x85,0x45,0x45,0xff,0xf7,0x45,
    0x45,0xff,0x31,0x45,0x45,0xff,0x11,0x45,0x45,0xff,0x53,0x45,0x45,0xff,0xee,0x45,
    0x45,0xff,0x23,0x45,0x45,0xff,0x15,0x45,0x45,0xff,0x08,0x45,0x45,0xff,0x90,0x45,
    0x45,0xff,0xf0,0x45,0x45,0xff,0xd3,0x45,0x45,0xff,0xcb,0x45,0x45,0xff,0xed,0x45,
    0x45,0xff,0xd8,0x45,0x45,0xff,0xb4,0x45,0x45,0xff,0xb3,0x45,0x45,0xff,0x84,0x45,
    0x45,0xff,0x20,0x45,0x45,0xff,0xf4,0x45,0x45,0xff,0x1d,0x45,0x45,0xff,0x82,0x45,
    0x45,0xff,0xad,0x45,0x45,0xff,0xdb,0x45,0x45,0xff,0x38,0x45,0x45,0xff,0x88,0x45,
    0x45,0xff,0x6a,0x45,0x45,0xff,0x30,0x45,0x45,0xff,0xe2,0x45,0x45,0xff,0xa1,0x45,
    0x45,0xff,0xa2,0x45,0x45,0xff,0x78,0x45,0x45,0xff,0xe9,0x45,0x45,0xff,0x92,0x45,
    0x45,0xff,0xcd,0x45,0x45,0xff,0x22,0x45,0x45,0xff,0x70,0x45,0x45,0xff,0xa4,0x45,
    0x45,0xff,0xff,0xff,0xff,0xff,0x00,0xff,0xff,0xff,0x00,0xff,0xff,0xff,0x00,0x0c,
    0x00,0xff,0xff,0x9f,0x0b,0x01,0x00,0xfa,0x00,0x13,0x45,0x4e,0x0a,0x4c,0x37,0x03,
    0x50,0x28,0x2f,0x11,0x40,0x49,0x42,0x0f,0x1d,0x00,0xf1,0x03,0x00,0x00,0x00,0x0f,
    0x42,0x49,0x40,0x11,0x2f,0x28,0x50,0x03,0x37,0x4c,0x0a,0x4e,0x45,0x13,0x14,0x00,
    0x0f,0x02,0x00,0x04,0x48,0x4d,0x43,0x46,0x50,0x01,0x00,0x39,0x4a,0x4b,0x14,0x2a,
    0x00,0x38,0x14,0x4b,0x4a,0x1f,0x00,0x49,0x50,0x46,0x43,0x4d,0x20,0x00,0x07,0x02,
    0x00,0x39,0x0c,0x0a,0x03,0x2b,0x00,0x01,0x02,0x00,0x25,0x39,0x2c,0x22,0x00,0x21,
    0x2c,0x39,0x12,0x00,0x09,0x02,0x00,0x35,0x03,0x0a,0x0c,0x20,0x00,0x07,0x02,0x00,
    0x39,0x17,0x2a,0x01,0x27,0x00,0x04,0x02,0x00,0x31,0x0b,0x26,0x20,0x26,0x00,0x34,
    0x20,0x26,0x0b,0x13,0x00,0x09,0x02,0x00,0x31,0x01,0x2a,0x17,0x20,0x00,0x08,0x02,
    0x00,0x29,0x0c,0x21,0x23,0x00,0x08,0x02,0x00,0x78,0x19,0x29,0x00,0x00,0x00,0x29,
    0x19,0x13,0x00,0x09,0x02,0x00,0x1c,0x21,0x9d,0x00,0x29,0x1c,0x02,0x20,0x00,0x0a,
    0x02,0x00,0x4f,0x01,0x16,0x00,0x16,0xb7,0x00,0x03,0x02,0x02,0x00,0x28,0x02,0x1c,
    0x97,0x00,0x2f,0x00,0x22,0x2c,0x00,0x09,0x4f,0x50,0x50,0x0b,0x4f,0xe3,0x00,0x03,
    0x04,0x02,0x00,0x27,0x01,0x22,0x4e,0x00,0x1f,0x25,0x4c,0x00,0x0b,0x0f,0x02,0x00,
    0x0f,0x25,0x01,0x25,0x4e,0x00,0x1f,0x1e,0xe4,0x00,0x09,0x0f,0x02,0x00,0x13,0x23,
    0x02,0x1e,0x4e,0x00,0x2f,0x05,0x1d,0x31,0x00,0x13,0x0f,0x02,0x00,0x0a,0x22,0x1d,
    0x05,0x4e,0x00,0x1f,0x0d,0x26,0x00,0x0a,0x0f,0x02,0x00,0x15,0x11,0x0d,0x4d,0x00,
    0x2f,0x3c,0x2b,0x30,0x00,0x15,0x0f,0x02,0x00,0x0a,0x7f,0x2b,0x3c,0x00,0x00,0x00,
    0x00,0x47,0x24,0x00,0x0a,0x0f,0x02,0x00,0x17,0x6f,0x47,0x00,0x00,0x00,0x3e,0x0e,
    0x30,0x00,0x17,0x0f,0x02,0x00,0x0a,0x5f,0x0e,0x3e,0x00,0x00,0x3f,0x22,0x00,0x0a,
    0x0f,0x02,0x00,0x19,0x4f,0x3f,0x00,0x00,0x41,0x30,0x00,0x19,0x0f,0x02,0x00,0x0a,
    0x3f,0x41,0x00,0x14,0x20,0x00,0x0a,0x0f,0x02,0x00,0x1b,0x2f,0x14,0x44,0x30,0x00,
    0x1b,0x0f,0x02,0x00,0x0a,0x2f,0x44,0x48,0x1f,0x00,0x0a,0x0f,0x02,0x00,0x1b,0x2f,
    0x48,0x12,0x30,0x00,0x1b,0x0f,0x02,0x00,0x0a,0x2f,0x12,0x27,0x1f,0x00,0x0a,0x0f,
    0x02,0x00,0x1b,0x1f,0x27,0x66,0x02,0x35,0x4f,0x50,0x50,0x50,0x50,0x4c,0x00,0x39,
    0x0f,0x02,0x00,0x3c,0x0f,0xcb,0x04,0x2f,0x06,0x02,0x00,0x26,0x02,0x38,0x0c,0x00,
    0x0f,0x02,0x00,0x2e,0x2f,0x38,0x3a,0x43,0x00,0x2e,0x06,0x02,0x00,0x26,0x3a,0x3b,
    0x0c,0x00,0x0f,0x02,0x00,0x2e,0x2f,0x3b,0x10,0x43,0x00,0x2e,0x06,0x02,0x00,0x36,
    0x10,0x07,0x3d,0x0d,0x00,0x0f,0x02,0x00,0x2c,0x4f,0x3d,0x07,0x00,0x0a,0x43,0x00,
    0x2c,0x06,0x02,0x00,0x3f,0x0a,0x00,0x00,0xe8,0x00,0x37,0x56,0x10,0x00,0x00,0x13,
    0x11,0x5c,0x00,0x0f,0x02,0x00,0x2a,0x6f,0x11,0x13,0x00,0x00,0x00,0x2e,0x43,0x00,
    0x2a,0x06,0x02,0x00,0x11,0x2e,0xec,0x06,0x16,0x09,0x11,0x00,0x0f,0x02,0x00,0x28,
    0x11,0x09,0x4c,0x00,0x3f,0x00,0x18,0x23,0x44,0x00,0x28,0x04,0x02,0x00,0x22,0x23,
    0x18,0x4d,0x00,0x24,0x00,0x1f,0x12,0x00,0x0f,0x02,0x00,0x28,0x13,0x1f,0x4c,0x00,
    0x3f,0x00,0x00,0x1a,0x46,0x00,0x28,0x02,0x02,0x00,0x15,0x1a,0x4c,0x00,0x32,0x00,
    0x0f,0x1b,0x13,0x00,0x0f,0x02,0x00,0x26,0x18,0x1b,0x98,0x0b,0x2f,0x05,0x06,0x48,
    0x00,0x26,0x53,0x50,0x50,0x50,0x50,0x06,0x03,0x09,0x03,0x02,0x00,0x0f,0x4e,0x00,
    0x2a,0x0b,0x4c,0x00,0x0f,0x4e,0x00,0x2a,0x0d,0x4c,0x00,0x0f,0x4e,0x00,0x28,0x0f,
    0x4c,0x00,0x00,0x0f,0x4e,0x00,0x26,0x0f,0x4c,0x00,0x02,0x42,0x00,0x00,0x05,0x15,
    0x4f,0x01,0x0f,0x02,0x00,0x1a,0x1a,0x15,0x7c,0x01,0x06,0x02,0x00,0x1f,0x07,0x59,
    0x03,0x1f,0x26,0x09,0x07,0x3f,0x00,0x0b,0x02,0x00,0x0f,0x4e,0x00,0x1e,0x0f,0x4c,
    0x00,0x08,0x0f,0x4e,0x00,0x1e,0x0f,0x4c,0x00,0x0a,0x0f,0x4e,0x00,0x1c,0x0f,0x4c,
    0x00,0x0c,0x0f,0x4e,0x00,0x1a,0x0f,0x4c,0x00,0x0e,0x0f,0x4e,0x00,0x18,0x0f,0x4c,
    0x00,0x10,0x0f,0x4e,0x00,0x16,0x0f,0x4c,0x00,0x12,0x0f,0x4e,0x00,0x14,0x0f,0x4c,
    0x00,0x14,0x4f,0x00,0x00,0x07,0x24,0xb8,0x02,0x0e,0x1f,0x24,0x60,0x02,0x07,0x0c,
    0x02,0x00,0x2f,0x08,0x04,0x4e,0x00,0x0c,0x2c,0x04,0x08,0x33,0x00,0x0f,0x02,0x00,
    0x08,0x0f,0x4e,0x00,0x0c,0x0f,0x4c,0x00,0x1a,0x0f,0x4e,0x00,0x0c,0x0f,0x4c,0x00,
    0x1c,0x0f,0x4e,0x00,0x0a,0x0f,0x4c,0x00,0x1e,0x0f,0x4e,0x00,0x08,0x0f,0x4c,0x00,
    0x20,0x0f,0x4e,0x00,0x06,0x0f,0x4c,0x00,0x22,0x0f,0x4e,0x00,0x04,0x0f,0x4c,0x00,
    0x24,0x0f,0x4e,0x00,0x02,0x0f,0x4c,0x00,0x26,0x0f,0x4e,0x00,0x00,0x0f,0x4c,0x00,
    0x28,0x49,0x00,0x00,0x2d,0x35,0xbe,0x02,0x2f,0x35,0x2d,0x9c,0x02,0x08,0x0f,0x02,
    0x00,0x0f,0x18,0x31,0xa9,0x0d,0x2f,0x12,0x31,0x31,0x00,0x0f,0x0f,0x02,0x00,0x0a,
    0x24,0x32,0x33,0x08,0x13,0x3f,0x03,0x33,0x32,0x2a,0x00,0x0a,0x0f,0x02,0x00,0x12,
    0x9f,0x30,0x0d,0x36,0x34,0x50,0x34,0x36,0x0d,0x30,0x2e,0x00,0x0a,0x50,0x00,0x00,
    0x00,0x00,0x00,

};

const lv_image_dsc_t HRS_I8_LZ4 = {
  .header = {
    .magic = LV_IMAGE_HEADER_MAGIC,
    .cf = LV_COLOR_FORMAT_I8,
    .flags = 0 | LV_IMAGE_FLAGS_COMPRESSED,
    .w = 77,
    .h = 67,
    .stride = 77,
    .reserved_2 = 0,
  },
  .data_size = sizeof(HRS_I8_LZ4_map),
  .data = HRS_I8_LZ4_map,
  .reserved = NULL,
};

uint8_t HRS_I8_RLE_map[] = {

    0x01,0x00,0x00,0x00,0x0b,0x0b,0x00,0x00,0x75,0x3c,0x00,0x00,0xbf,0x00,0x00,0x00,
    0x00,0x00,0x00,0x00,0x00,0x00,0x00,0x00,0x00,0x00,0x00,0x00,0x00,0x00,0x00,0x00,
    0x00,0x00,0x00,0x00,0x00,0x00,0x00,0x00,0x00,0x00,0x00,0x28,0xfa,0x28,0xfa,0x28,
    0xfa,0x28,0xfa,0x28,0xfa,0x28,0xfa,0x28,0xfa,0x28,0xfa,0x28,0xfa,0x28,0xfa,0x28,
    0xfa,0x28,0xfa,0x28,0xfa,0x28,0xfa,0x28,0xfa,0x00,0x00,0x00,0x00,0x00,0x00,0x00,
    0x00,0x00,0x00,0x00,0x00,0x00,0x00,0x00,0x00,0x00,0x00,0x00,0x00,0x00,0x00,0x00,
    0x00,0x00,0x00,0x00,0x00,0x00,0x00,0x00,0x00,0x00,0x00,0x28,0xfa,0x28,0xfa,0x28,
    0xfa,0x28,0xfa,0x28,0xfa,0x28,0xfa,0x28,0xfa,0x28,0xfa,0x28,0xfa,0x28,0xfa,0x28,
    0xfa,0x28,0xfa,0x28,0xfa,0x28,0xfa,0x28,0xfa,0x00,0x00,0x1b,0x00,0x00,0x13,0x28,
    0xfa,0x8e,0x00,0x00,0x00,0x00,0x00,0x00,0x00,0x00,0x00,0x00,0x00,0x00,0x00,0x00,
    0x00,0x00,0x00,0x00,0x00,0x00,0x00,0x00,0x00,0x00,0x00,0x00,0x28,0xfa,0x12,0x28,
    0xfa,0x18,0x00,0x00,0x17,0x28,0xfa,0x8a,0x00,0x00,0x00,0x00,0x00,0x00,0x00,0x00,
    0x00,0x00,0x00,0x00,0x00,0x00,0x00,0x00,0x00,0x00,0x28,0xfa,0x16,0x28,0xfa,0x14,
    0x00,0x00,0x1b,0x28,0xfa,0x86,0x00,0x00,0x00,0x00,0x00,0x00,0x00,0x00,0x00,0x00,
    0x28,0xfa,0x1a,0x28,0xfa,0x11,0x00,0x00,0x1d,0x28,0xfa,0x84,0x00,0x00,0x00,0x00,
    0x00,0x00,0x28,0xfa,0x1c,0x28,0xfa,0x90,0x00,0x00,0x00,0x00,0x00,0x00,0x00,0x00,
    0x00,0x00,0x00,0x00,0x00,0x00,0x00,0x00,0x00,0x00,0x00,0x00,0x00,0x00,0x00,0x00,
    0x00,0x00,0x00,0x00,0x00,0x00,0x28,0xfa,0x1e,0x28,0xfa,0x82,0x00,0x00,0x28,0xfa,
    0x1e,0x28,0xfa,0x8e,0x00,0x00,0x00,0x00,0x00,0x00,0x00,0x00,0x00,0x00,0x00,0x00,
    0x00,0x00,0x00,0x00,0x00,0x00,0x00,0x00,0x00,0x00,0x00,0x00,0x00,0x00,0x28,0xfa,
    0x40,0x28,0xfa,0x8c,0x00,0x00,0x00,0x00,0x00,0x00,0x00,0x00,0x00,0x00,0x00,0x00,
    0x00,0x00,0x00,0x00,0x00,0x00,0x00,0x00,0x00,0x00,0x28,0xfa,0x42,0x28,0xfa,0x8a,
    0x00,0x00,0x00,0x00,0x00,0x00,0x00,0x00,0x00,0x00,0x00,0x00,0x00,0x00,0x00,0x00,
    0x00,0x00,0x28,0xfa,0x44,0x28,0xfa,0x88,0x00,0x00,0x00,0x00,0x00,0x00,0x00,0x00,
    0x00,0x00,0x00,0x00,0x00,0x00,0x28,0xfa,0x46,0x28,0xfa,0x87,0x00,0x00,0x00,0x00,
    0x00,0x00,0x00,0x00,0x00,0x00,0x00,0x00,0x28,0xfa,0x46,0x28,0xfa,0x86,0x00,0x00,
    0x00,0x00,0x00,0x00,0x00,0x00,0x00,0x00,0x28,0xfa,0x48,0x28,0xfa,0x85,0x00,0x00,
    0x00,0x00,0x00,0x00,0x00,0x00,0x28,0xfa,0x48,0x28,0xfa,0x84,0x00,0x00,0x00,0x00,
    0x00,0x00,0x28,0xfa,0x4a,0x28,0xfa,0x83,0x00,0x00,0x00,0x00,0x28,0xfa,0x4a,0x28,
    0xfa,0x83,0x00,0x00,0x00,0x00,0x28,0xfa,0x4a,0x28,0xfa,0x82,0x00,0x00,0x28,0xfa,
    0x7f,0x28,0xfa,0x7f,0x28,0xfa,0x7f,0x28,0xfa,0x7f,0x28,0xfa,0x7f,0x28,0xfa,0x7f,
    0x28,0xfa,0x7f,0x28,0xfa,0x7f,0x28,0xfa,0x3d,0x28,0xfa,0x82,0x00,0x00,0x28,0xfa,
    0x4a,0x28,0xfa,0x83,0x00,0x00,0x00,0x00,0x28,0xfa,0x4a,0x28,0xfa,0x83,0x00,0x00,
    0x00,0x00,0x28,0xfa,0x4a,0x28,0xfa,0x84,0x00,0x00,0x00,0x00,0x00,0x00,0x28,0xfa,
    0x48,0x28,0xfa,0x86,0x00,0x00,0x00,0x00,0x00,0x00,0x00,0x00,0x00,0x00,0x28,0xfa,
    0x46,0x28,0xfa,0x87,0x00,0x00,0x00,0x00,0x00,0x00,0x00,0x00,0x00,0x00,0x00,0x00,
    0x28,0xfa,0x46,0x28,0xfa,0x88,0x00,0x00,0x00,0x00,0x00,0x00,0x00,0x00,0x00,0x00,
    0x00,0x00,0x00,0x00,0x28,0xfa,0x44,0x28,0xfa,0x8a,0x00,0x00,0x00,0x00,0x00,0x00,
    0x00,0x00,0x00,0x00,0x00,0x00,0x00,0x00,0x00,0x00,0x00,0x00,0x28,0xfa,0x42,0x28,
    0xfa,0x8b,0x00,0x00,0x00,0x00,0x00,0x00,0x00,0x00,0x00,0x00,0x00,0x00,0x00,0x00,
    0x00,0x00,0x00,0x00,0x00,0x00,0x28,0xfa,0x42,0x28,0xfa,0x8c,0x00,0x00,0x00,0x00,
    0x00,0x00,0x00,0x00,0x00,0x00,0x00,0x00,0x00,0x00,0x00,0x00,0x00,0x00,0x00,0x00,
    0x00,0x00,0x28,0xfa,0x40,0x28,0xfa,0x8e,0x00,0x00,0x00,0x00,0x00,0x00,0x00,0x00,
    0x00,0x00,0x00,0x00,0x00,0x00,0x00,0x00,0x00,0x00,0x00,0x00,0x00,0x00,0x00,0x00,
    0x00,0x00,0x28,0xfa,0x3e,0x28,0xfa,0x90,0x00,0x00,0x00,0x00,0x00,0x00,0x00,0x00,
    0x00,0x00,0x00,0x00,0x00,0x00,0x00,0x00,0x00,0x00,0x00,0x00,0x00,0x00,0x00,0x00,
    0x00,0x00,0x00,0x00,0x00,0x00,0x28,0xfa,0x3c,0x28,0xfa,0x11,0x00,0x00,0x3b,0x28,
    0xfa,0x13,0x00,0x00,0x39,0x28,0xfa,0x15,0x00,0x00,0x37,0x28,0xfa,0x17,0x00,0x00,
    0x35,0x28,0xfa,0x19,0x00,0x00,0x33,0x28,0xfa,0x1b,0x00,0x00,0x31,0x28,0xfa,0x1d,
    0x00,0x00,0x2f,0x28,0xfa,0x1f,0x00,0x00,0x2d,0x28,0xfa,0x21,0x00,0x00,0x2b,0x28,
    0xfa,0x23,0x00,0x00,0x29,0x28,0xfa,0x25,0x00,0x00,0x27,0x28,0xfa,0x27,0x00,0x00,
    0x25,0x28,0xfa,0x29,0x00,0x00,0x23,0x28,0xfa,0x2b,0x00,0x00,0x21,0x28,0xfa,0x2d,
    0x00,0x00,0x1f,0x28,0xfa,0x2f,0x00,0x00,0x1d,0x28,0xfa,0x31,0x00,0x00,0x1b,0x28,
    0xfa,0x33,0x00,0x00,0x19,0x28,0xfa,0x35,0x00,0x00,0x17,0x28,0xfa,0x37,0x00,0x00,
    0x15,0x28,0xfa,0x39,0x00,0x00,0x13,0x28,0xfa,0x3b,0x00,0x00,0x11,0x28,0xfa,0x3d,
    0x00,0x00,0x90,0x28,0xfa,0x28,0xfa,0x28,0xfa,0x28,0xfa,0x28,0xfa,0x28,0xfa,0x28,
    0xfa,0x28,0xfa,0x28,0xfa,0x28,0xfa,0x28,0xfa,0x28,0xfa,0x28,0xfa,0x28,0xfa,0x28,
    0xfa,0x00,0x00,0x3e,0x00,0x00,0x8e,0x28,0xfa,0x28,0xfa,0x28,0xfa,0x28,0xfa,0x28,
    0xfa,0x28,0xfa,0x28,0xfa,0x28,0xfa,0x28,0xfa,0x28,0xfa,0x28,0xfa,0x28,0xfa,0x28,
    0xfa,0x00,0x00,0x41,0x00,0x00,0x8a,0x28,0xfa,0x28,0xfa,0x28,0xfa,0x28,0xfa,0x28,
    0xfa,0x28,0xfa,0x28,0xfa,0x28,0xfa,0x28,0xfa,0x00,0x00,0x28,0x00,0x00,0xff,0x00,
    0x01,0x30,0x70,0xa7,0xcd,0xed,0xfc,0xff,0xfe,0xee,0xd1,0xad,0x78,0x38,0x03,0x00,
    0x00,0x00,0x00,0x00,0x00,0x00,0x00,0x00,0x00,0x00,0x00,0x00,0x00,0x00,0x00,0x00,
    0x03,0x38,0x78,0xad,0xd1,0xee,0xfe,0xff,0xfc,0xed,0xcd,0xa7,0x70,0x30,0x01,0x00,
    0x00,0x00,0x00,0x00,0x00,0x00,0x00,0x00,0x00,0x00,0x00,0x00,0x00,0x00,0x00,0x00,
    0x00,0x00,0x00,0x00,0x00,0x00,0x00,0x00,0x00,0x00,0x00,0x22,0x88,0xe2,0xff,0xff,
    0xff,0xff,0xff,0xff,0xff,0xff,0xff,0xff,0xff,0xff,0xff,0xe9,0x92,0x2c,0x00,0x00,
    0x00,0x00,0x00,0x00,0x00,0x00,0x00,0x00,0x00,0x00,0x00,0x2c,0x92,0xe9,0xff,0xff,
    0xff,0xff,0xff,0xff,0xff,0xff,0xff,0xff,0xff,0xff,0xff,0xe2,0x88,0x22,0x00,0x00,
    0x00,0x00,0x00,0x00,0x00,0x00,0x00,0x00,0x00,0x00,0x00,0x00,0x00,0x00,0x00,0x00,
    0x00,0x00,0x00,0x00,0x00,0x00,0x25,0xa7,0xfc,0xff,0xff,0xff,0xff,0xff,0xff,0xff,
    0xff,0xff,0xff,0xff,0xff,0xff,0xff,0xff,0xff,0xff,0xff,0xb4,0x31,0x00,0x00,0x00,
    0x00,0x00,0x00,0x00,0x00,0x00,0x31,0xb4,0xff,0xff,0xff,0xff,0xff,0xff,0xff,0xff,
    0xff,0xff,0xff,0xff,0xff,0xff,0xff,0xff,0xff,0xff,0xfc,0xa7,0x25,0x00,0x00,0x00,
    0x00,0x00,0x00,0x00,0x00,0x00,0x00,0x00,0x00,0x00,0x00,0x00,0x00,0x00,0x00,0x00,
    0x00,0x07,0x85,0xf9,0xff,0xff,0xff,0xff,0xff,0xff,0xff,0xff,0xff,0xff,0xff,0xff,
    0xff,0xff,0xff,0xff,0xff,0xff,0xff,0xff,0xff,0xfd,0x95,0x0e,0x00,0xff,0x00,0x00,
    0x00,0x00,0x0e,0x95,0xfd,0xff,0xff,0xff,0xff,0xff,0xff,0xff,0xff,0xff,0xff,0xff,
    0xff,0xff,0xff,0xff,0xff,0xff,0xff,0xff,0xff,0xff,0xf9,0x85,0x07,0x00,0x00,0x00,
    0x00,0x00,0x00,0x00,0x00,0x00,0x00,0x00,0x00,0x00,0x00,0x00,0x00,0x00,0x25,0xd0,
    0xff,0xff,0xff,0xff,0xff,0xff,0xff,0xff,0xff,0xff,0xff,0xff,0xff,0xff,0xff,0xff,
    0xff,0xff,0xff,0xff,0xff,0xff,0xff,0xff,0xff,0xdd,0x33,0x00,0x00,0x00,0x33,0xdd,
    0xff,0xff,0xff,0xff,0xff,0xff,0xff,0xff,0xff,0xff,0xff,0xff,0xff,0xff,0xff,0xff,
    0xff,0xff,0xff,0xff,0xff,0xff,0xff,0xff,0xff,0xd0,0x25,0x00,0x00,0x00,0x00,0x00,
    0x00,0x00,0x00,0x00,0x00,0x00,0x00,0x00,0x00,0x00,0x40,0xf1,0xff,0xff,0xff,0xff,
    0xff,0xff,0xff,0xff,0xff,0xff,0xff,0xff,0xff,0xff,0xff,0xff,0xff,0xff,0xff,0xff,
    0xff,0xff,0xff,0xff,0xff,0xff,0xff,0xf9,0x54,0x00,0x54,0xf9,0xff,0xff,0xff,0xff,
    0xff,0xff,0xff,0xff,0xff,0xff,0xff,0xff,0xff,0xff,0xff,0xff,0xff,0xff,0xff,0xff,
    0xff,0xff,0xff,0xff,0xff,0xff,0xff,0xf1,0x40,0x00,0x00,0x00,0x00,0x00,0x00,0x00,
    0x00,0x00,0x00,0x00,0x00,0x00,0x4e,0xf9,0xff,0xff,0xff,0xff,0xff,0xff,0xff,0xff,
    0xff,0xff,0xff,0xff,0xff,0xff,0xff,0xff,0xff,0xff,0xff,0xff,0xff,0xff,0xff,0xff,
    0xff,0xff,0xff,0xff,0xff,0xfd,0xa4,0xfd,0xff,0xff,0xff,0xff,0xff,0xff,0xff,0xff,
    0xff,0xff,0xff,0xff,0xff,0xff,0xff,0xff,0xff,0xff,0xff,0xff,0x8d,0xff,0xff,0xff,
    0xff,0xff,0xff,0xff,0xff,0xff,0xf9,0x4e,0x00,0x00,0x00,0x00,0x00,0x00,0x00,0x00,
    0x00,0x00,0x00,0x3f,0xf9,0xff,0xff,0x1e,0xff,0xff,0x88,0xff,0xf9,0x3f,0x00,0x00,
    0x00,0x00,0x00,0x00,0x00,0x00,0x00,0x24,0xf1,0xff,0xff,0x1f,0xff,0xff,0x87,0xff,
    0xf1,0x24,0x00,0x00,0x00,0x00,0x00,0x00,0x00,0x06,0xcc,0xff,0xff,0x20,0xff,0xff,
    0x86,0xff,0xcc,0x06,0x00,0x00,0x00,0x00,0x00,0x00,0x80,0xff,0xff,0x21,0xff,0xff,
    0x86,0xff,0x80,0x00,0x00,0x00,0x00,0x00,0x20,0xf7,0xff,0xff,0xff,0x21,0xff,0xff,
    0x85,0xf7,0x20,0x00,0x00,0x00,0x00,0xa1,0xff,0xff,0xff,0x22,0xff,0xff,0x84,0xa1,
    0x00,0x00,0x00,0x1d,0xfa,0xff,0xff,0x22,0xff,0xff,0x84,0xff,0xfa,0x1d,0x00,0x00,
    0x82,0xff,0xff,0x23,0xff,0xff,0x84,0xff,0x82,0x00,0x00,0xdb,0xff,0xff,0xff,0x23,
    0xff,0xff,0x83,0xdb,0x00,0x2c,0xff,0xff,0xff,0x24,0xff,0xff,0x82,0x2c,0x6a,0xff,
    0xff,0x24,0xff,0xff,0x83,0xff,0x6a,0xa2,0xff,0xff,0xff,0x24,0xff,0xff,0x82,0xa2,
    0xc8,0xff,0xff,0x24,0xff,0xff,0x83,0xff,0xc8,0xea,0xff,0xff,0xff,0x24,0xff,0xff,
    0x82,0xea,0xfa,0xff,0xff,0x24,0xff,0xff,0x82,0xff,0xfa,0xff,0xff,0x4c,0xff,0xff,
    0x82,0xf1,0xff,0xff,0xff,0x24,0xff,0xff,0x82,0xf1,0xd8,0xff,0xff,0x24,0xff,0xff,
    0x83,0xff,0xd8,0xb3,0xff,0xff,0xff,0x24,0xff,0xff,0x82,0xb3,0x84,0xff,0xff,0x24,
    0xff,0xff,0x83,0xff,0x84,0x45,0xff,0xff,0xff,0x24,0xff,0xff,0x83,0x45,0x0a,0xf4,
    0xff,0xff,0xff,0x23,0xff,0xff,0x83,0xf4,0x0a,0x00,0xa7,0xff,0xff,0x23,0xff,0xff,
    0x84,0xff,0xa7,0x00,0x00,0x45,0xff,0xff,0xff,0x23,0xff,0xff,0x84,0x45,0x00,0x00,
    0x01,0xd1,0xff,0xff,0xff,0x22,0xff,0xff,0x84,0xd1,0x01,0x00,0x00,0x00,0x53,0xff,
    0xff,0x22,0xff,0xff,0x85,0xff,0x53,0x00,0x00,0x00,0x00,0x00,0xbe,0xff,0xff,0x21,
    0xff,0xff,0x86,0xff,0xbe,0x00,0x00,0x00,0x00,0x00,0x00,0x27,0xf5,0xff,0xff,0x20,
    0xff,0xff,0x87,0xff,0xf5,0x27,0x00,0x00,0x00,0x00,0x00,0x00,0x00,0x63,0xff,0xff,
    0xff,0x20,0xff,0xff,0x87,0x63,0x00,0x00,0x00,0x00,0x00,0x00,0x00,0x00,0x00,0x94,
    0xff,0xff,0xff,0x1f,0xff,0xff,0x88,0x94,0x00,0x00,0x00,0x00,0x00,0x00,0x00,0x00,
    0x00,0x00,0x03,0xac,0xff,0xff,0xff,0x1e,0xff,0xff,0x89,0xac,0x03,0x00,0x00,0x00,
    0x00,0x00,0x00,0x00,0x00,0x00,0x00,0x00,0x06,0xb2,0xff,0xff,0xff,0x1d,0xff,0xff,
    0x8a,0xb2,0x06,0x00,0x00,0x00,0x00,0x00,0x00,0x00,0x00,0x00,0x00,0x00,0x00,0x00,
    0x06,0xb2,0xff,0xff,0xff,0x1c,0xff,0xff,0x8b,0xb2,0x06,0x00,0x00,0x00,0x00,0x00,
    0x00,0x00,0x00,0x00,0x00,0x00,0x00,0x00,0x00,0x00,0x06,0xb2,0xff,0xff,0xff,0x1b,
    0xff,0xff,0x8c,0xb2,0x06,0x00,0x00,0x00,0x00,0x00,0x00,0x00,0x00,0x00,0x00,0x00,
    0x00,0x00,0x00,0x00,0x00,0x00,0x06,0xb2,0xff,0xff,0xff,0x1a,0xff,0xff,0x8d,0xb2,
    0x06,0x00,0x00,0x00,0x00,0x00,0x00,0x00,0x00,0x00,0x00,0x00,0x00,0x00,0x00,0x00,
    0x00,0x00,0x00,0x00,0x06,0xb2,0xff,0xff,0xff,0x19,0xff,0xff,0x8e,0xb2,0x06,0x00,
    0x00,0x00,0x00,0x00,0x00,0x00,0x00,0x00,0x00,0x00,0x00,0x00,0x00,0x00,0x00,0x00,
    0x00,0x00,0x00,0x00,0x06,0xbc,0xff,0xff,0xff,0x18,0xff,0xff,0x8f,0xbc,0x06,0x00,
    0x00,0x00,0x00,0x00,0x00,0x00,0x00,0x00,0x00,0x00,0x00,0x00,0x00,0x00,0x00,0x00,
    0x00,0x00,0x00,0x00,0x00,0x00,0x0a,0xbe,0xff,0xff,0xff,0x17,0xff,0xff,0x90,0xbe,
    0x0a,0x00,0x00,0x00,0x00,0x00,0x00,0x00,0x00,0x00,0x00,0x00,0x00,0x00,0x00,0x00,
    0x00,0x00,0x00,0x00,0x00,0x00,0x00,0x00,0x00,0x00,0x0a,0xbe,0xff,0xff,0xff,0x16,
    0xff,0xff,0x91,0xbe,0x0a,0x00,0x00,0x00,0x00,0x00,0x00,0x00,0x00,0x00,0x00,0x00,
    0x00,0x00,0x00,0x00,0x00,0x00,0x00,0x00,0x00,0x00,0x00,0x00,0x00,0x00,0x00,0x00,
    0x0a,0xbe,0xff,0xff,0xff,0x15,0xff,0xff,0x92,0xbe,0x0a,0x00,0x00,0x00,0x00,0x00,
    0x00,0x00,0x00,0x00,0x00,0x00,0x00,0x00,0x00,0x00,0x00,0x00,0x00,0x00,0x00,0x00,
    0x00,0x00,0x00,0x00,0x00,0x00,0x00,0x00,0x0a,0xbe,0xff,0xff,0xff,0x14,0xff,0xff,
    0x93,0xbe,0x0a,0x00,0x00,0x00,0x00,0x00,0x00,0x00,0x00,0x00,0x00,0x00,0x00,0x00,
    0x00,0x00,0x00,0x00,0x00,0x00,0x00,0x00,0x00,0x00,0x00,0x00,0x00,0x00,0x00,0x00,
    0x00,0x00,0x0a,0xbe,0xff,0xff,0xff,0x13,0xff,0xff,0x94,0xbe,0x0a,0x00,0x00,0x00,
    0x00,0x00,0x00,0x00,0x00,0x00,0x00,0x00,0x00,0x00,0x00,0x00,0x00,0x00,0x00,0x00,
    0x00,0x00,0x00,0x00,0x00,0x00,0x00,0x00,0x00,0x00,0x00,0x00,0x00,0x00,0x0a,0xbe,
    0xff,0xff,0xff,0x12,0xff,0xff,0x95,0xbe,0x0a,0x00,0x00,0x00,0x00,0x00,0x00,0x00,
    0x00,0x00,0x00,0x00,0x00,0x00,0x00,0x00,0x00,0x00,0x00,0x00,0x00,0x00,0x00,0x00,
    0x00,0x00,0x00,0x00,0x00,0x00,0x00,0x00,0x00,0x00,0x00,0x00,0x0a,0xbe,0xff,0xff,
    0xff,0x11,0xff,0xff,0x82,0xbe,0x0a,0x00,0x00,0x11,0x00,0x00,0x95,0x00,0x0a,0xbe,
    0xff,0xff,0xff,0xff,0xff,0xff,0xff,0xff,0xff,0xff,0xff,0xff,0xff,0xff,0xff,0xff,
    0xff,0xff,0xff,0xff,0xff,0xff,0xff,0xff,0xff,0xff,0xff,0xff,0xff,0xff,0xff,0xff,
    0xff,0xff,0xff,0xbe,0x0a,0x00,0x00,0x12,0x00,0x00,0x94,0x00,0x0a,0xc1,0xff,0xff,
    0xff,0xff,0xff,0xff,0xff,0xff,0xff,0xff,0xff,0xff,0xff,0xff,0xff,0xff,0xff,0xff,
    0xff,0xff,0xff,0xff,0xff,0xff,0xff,0xff,0xff,0xff,0xff,0xff,0xff,0xff,0xff,0xc1,
    0x0a,0x00,0x00,0x13,0x00,0x00,0x93,0x00,0x0f,0xc9,0xff,0xff,0xff,0xff,0xff,0xff,
    0xff,0xff,0xff,0xff,0xff,0xff,0xff,0xff,0xff,0xff,0xff,0xff,0xff,0xff,0xff,0xff,
    0xff,0xff,0xff,0xff,0xff,0xff,0xff,0xff,0xff,0xc9,0x0f,0x00,0x00,0x14,0x00,0x00,
    0x92,0x00,0x0f,0xc9,0xff,0xff,0xff,0xff,0xff,0xff,0xff,0xff,0xff,0xff,0xff,0xff,
    0xff,0xff,0xff,0xff,0xff,0xff,0xff,0xff,0xff,0xff,0xff,0xff,0xff,0xff,0xff,0xff,
    0xff,0xc9,0x0f,0x00,0x00,0x15,0x00,0x00,0x91,0x00,0x0f,0xc9,0xff,0xff,0xff,0xff,
    0xff,0xff,0xff,0xff,0xff,0xff,0xff,0xff,0xff,0xff,0xff,0xff,0xff,0xff,0xff,0xff,
    0xff,0xff,0xff,0xff,0xff,0xff,0xff,0xc9,0x0f,0x00,0x00,0x16,0x00,0x00,0x90,0x00,
    0x0f,0xc9,0xff,0xff,0xff,0xff,0xff,0xff,0xff,0xff,0xff,0xff,0xff,0xff,0xff,0xff,
    0xff,0xff,0xff,0xff,0xff,0xff,0xff,0xff,0xff,0xff,0xff,0xc9,0x0f,0x00,0x00,0x17,
    0x00,0x00,0x8f,0x00,0x0f,0xc9,0xff,0xff,0xff,0xff,0xff,0xff,0xff,0xff,0xff,0xff,
    0xff,0xff,0xff,0xff,0xff,0xff,0xff,0xff,0xff,0xff,0xff,0xff,0xff,0xc9,0x0f,0x00,
    0x00,0x18,0x00,0x00,0x8e,0x00,0x0f,0xc9,0xff,0xff,0xff,0xff,0xff,0xff,0xff,0xff,
    0xff,0xff,0xff,0xff,0xff,0xff,0xff,0xff,0xff,0xff,0xff,0xff,0xff,0xc9,0x0f,0x00,
    0x00,0x19,0x00,0x00,0x8d,0x00,0x0f,0xc9,0xff,0xff,0xff,0xff,0xff,0xff,0xff,0xff,
    0xff,0xff,0xff,0xff,0xff,0xff,0xff,0xff,0xff,0xff,0xff,0xc9,0x0f,0x00,0x00,0x1a,
    0x00,0x00,0x8c,0x00,0x0f,0xc9,0xff,0xff,0xff,0xff,0xff,0xff,0xff,0xff,0xff,0xff,
    0xff,0xff,0xff,0xff,0xff,0xff,0xff,0xc9,0x0f,0x00,0x00,0x1b,0x00,0x00,0x8b,0x00,
    0x0f,0xc9,0xff,0xff,0xff,0xff,0xff,0xff,0xff,0xff,0xff,0xff,0xff,0xff,0xff,0xff,
    0xff,0xc9,0x0f,0x00,0x00,0x1c,0x00,0x00,0x8a,0x00,0x11,0xd3,0xff,0xff,0xff,0xff,
    0xff,0xff,0xff,0xff,0xff,0xff,0xff,0xff,0xff,0xd3,0x11,0x00,0x00,0x1d,0x00,0x00,
    0x89,0x00,0x15,0xc8,0xff,0xff,0xff,0xff,0xff,0xff,0xff,0xff,0xff,0xff,0xff,0xc8,
    0x15,0x00,0x00,0x1e,0x00,0x00,0x88,0x00,0x08,0x90,0xfc,0xff,0xff,0xff,0xff,0xff,
    0xff,0xff,0xfc,0x90,0x08,0x00,0x00,0x20,0x00,0x00,0x96,0x23,0x80,0xcb,0xf0,0xff,
    0xf0,0xcb,0x80,0x23,0x00,0x00,0x00,0x00,0x00,0x00,0x00,0x00,0x00,0x00,0x00,0x00,
    0x00,0x00,0x00,0x00,0x00,0x00,0x00,0x00,0x00,0x00,0x00,0x00,0x00,0x00,0x00,0x00,
    0x00,0x00,0x00,0x00,0x00,0x00,0x00,

};

const lv_image_dsc_t HRS_I8_RLE = {
  .header = {
    .magic = LV_IMAGE_HEADER_MAGIC,
    .cf = LV_COLOR_FORMAT_RGB565A8,
    .flags = 0 | LV_IMAGE_FLAGS_COMPRESSED,
    .w = 77,
    .h = 67,
    .stride = 154,
    .reserved_2 = 0,
  },
  .data_size = sizeof(HRS_I8_RLE_map),
  .data = HRS_I8_RLE_map,
  .reserved = NULL,
};

uint8_t HRS_I8_map[] = {

    0x01,0x00,0x00,0x00,0xee,0x07,0x00,0x00,0x27,0x18,0x00,0x00,0xff,0x4c,0x70,0x47,
    0x00,0x45,0x45,0xff,0xf9,0x45,0x45,0xff,0xf1,0x45,0x45,0xff,0xfc,0x45,0x45,0xff,
    0xc9,0x45,0x45,0xff,0x06,0x45,0x45,0xff,0xb2,0x45,0x45,0xff,0x0a,0x45,0x45,0xff,
    0x0f,0x45,0x45,0xff,0xbe,0x45,0x45,0xff,0xa7,0x45,0x45,0xff,0xfd,0x45,0x45,0xff,
    0x25,0x45,0x45,0xff,0x80,0x45,0x45,0xff,0xfa,0x45,0x45,0xff,0x03,0x45,0x45,0xff,
    0x45,0x45,0x45,0xff,0xd1,0x45,0x45,0xff,0xc8,0x45,0x45,0xff,0x01,0x45,0x45,0xff,
    0x2c,0x45,0x45,0xff,0xbc,0x45,0x45,0xff,0x54,0x45,0x45,0xff,0x07,0x45,0x45,0xff,
    0x27,0x45,0x45,0xff,0xdd,0x45,0x45,0xff,0x94,0x45,0x45,0xff,0xac,0x45,0x45,0xff,
    0x40,0x45,0x45,0xff,0xcc,0x45,0x45,0xff,0x24,0x45,0x45,0xff,0xff,0x63,0x45,0x45,
    0xff,0x0e,0x45,0x45,0xff,0xd0,0x45,0x45,0xff,0x4e,0x45,0x45,0xff,0xf5,0x45,0x45,
    0xff,0xc1,0x45,0x45,0xff,0x3f,0x45,0x45,0xff,0x95,0x45,0x45,0xff,0xea,0x45,0x45,
    0xff,0xfe,0x45,0x45,0xff,0x33,0x45,0x45,0xff,0x85,0x45,0x45,0xff,0xf7,0x45,0x45,
    0xff,0x31,0x45,0x45,0xff,0x11,0x45,0x45,0xff,0x53,0x45,0x45,0xff,0xee,0x45,0x45,
    0xff,0x23,0x45,0x45,0xff,0x15,0x45,0x45,0xff,0x08,0x45,0x45,0xff,0x90,0x45,0x45,
    0xff,0xf0,0x45,0x45,0xff,0xd3,0x45,0x45,0xff,0xcb,0x45,0x45,0xff,0xed,0x45,0x45,
    0xff,0xd8,0x45,0x45,0xff,0xb4,0x45,0x45,0xff,0xb3,0x45,0x45,0xff,0x84,0x45,0x45,
    0xff,0x20,0x45,0x45,0xff,0xf4,0x45,0x45,0xff,0x1d,0x45,0x45,0xff,0xff,0x82,0x45,
    0x45,0xff,0xad,0x45,0x45,0xff,0xdb,0x45,0x45,0xff,0x38,0x45,0x45,0xff,0x88,0x45,
    0x45,0xff,0x6a,0x45,0x45,0xff,0x30,0x45,0x45,0xff,0xe2,0x45,0x45,0xff,0xa1,0x45,
    0x45,0xff,0xa2,0x45,0x45,0xff,0x78,0x45,0x45,0xff,0xe9,0x45,0x45,0xff,0x92,0x45,
    0x45,0xff,0xcd,0x45,0x45,0xff,0x22,0x45,0x45,0xff,0x70,0x45,0x45,0xff,0xa4,0x45,
    0x45,0xff,0xff,0xff,0xff,0xff,0x00,0xff,0xff,0xff,0x00,0xff,0xff,0xff,0x00,0xff,
    0xff,0xff,0x00,0xff,0xff,0xff,0x00,0xff,0xff,0xff,0x00,0xff,0xff,0xff,0x00,0xff,
    0xff,0xff,0x00,0xff,0xff,0xff,0x00,0xff,0xff,0xff,0x00,0xff,0xff,0xff,0x00,0xff,
    0xff,0xff,0x00,0xff,0xff,0xff,0x00,0xff,0xff,0xff,0x00,0xff,0xff,0xff,0xff,0x00,
    0xff,0xff,0xff,0x00,0xff,0xff,0xff,0x00,0xff,0xff,0xff,0x00,0xff,0xff,0xff,0x00,
    0xff,0xff,0xff,0x00,0xff,0xff,0xff,0x00,0xff,0xff,0xff,0x00,0xff,0xff,0xff,0x00,
    0xff,0xff,0xff,0x00,0xff,0xff,0xff,0x00,0xff,0xff,0xff,0x00,0xff,0xff,0xff,0x00,
    0xff,0xff,0xff,0x00,0xff,0xff,0xff,0x00,0xff,0xff,0xff,0x00,0xff,0xff,0xff,0x00,
    0xff,0xff,0xff,0x00,0xff,0xff,0xff,0x00,0xff,0xff,0xff,0x00,0xff,0xff,0xff,0x00,
    0xff,0xff,0xff,0x00,0xff,0xff,0xff,0x00,0xff,0xff,0xff,0x00,0xff,0xff,0xff,0x00,
    0xff,0xff,0xff,0x00,0xff,0xff,0xff,0x00,0xff,0xff,0xff,0x00,0xff,0xff,0xff,0x00,
    0xff,0xff,0xff,0x00,0xff,0xff,0xff,0x00,0xff,0xff,0xff,0x00,0xff,0xff,0xff,0xff,
    0x00,0xff,0xff,0xff,0x00,0xff,0xff,0xff,0x00,0xff,0xff,0xff,0x00,0xff,0xff,0xff,
    0x00,0xff,0xff,0xff,0x00,0xff,0xff,0xff,0x00,0xff,0xff,0xff,0x00,0xff,0xff,0xff,
    0x00,0xff,0xff,0xff,0x00,0xff,0xff,0xff,0x00,0xff,0xff,0xff,0x00,0xff,0xff,0xff,
    0x00,0xff,0xff,0xff,0x00,0xff,0xff,0xff,0x00,0xff,0xff,0xff,0x00,0xff,0xff,0xff,
    0x00,0xff,0xff,0xff,0x00,0xff,0xff,0xff,0x00,0xff,0xff,0xff,0x00,0xff,0xff,0xff,
    0x00,0xff,0xff,0xff,0x00,0xff,0xff,0xff,0x00,0xff,0xff,0xff,0x00,0xff,0xff,0xff,
    0x00,0xff,0xff,0xff,0x00,0xff,0xff,0xff,0x00,0xff,0xff,0xff,0x00,0xff,0xff,0xff,
    0x00,0xff,0xff,0xff,0x00,0xff,0xff,0xff,0x00,0xff,0xff,0xff,0xff,0x00,0xff,0xff,
    0xff,0x00,0xff,0xff,0xff,0x00,0xff,0xff,0xff,0x00,0xff,0xff,0xff,0x00,0xff,0xff,
    0xff,0x00,0xff,0xff,0xff,0x00,0xff,0xff,0xff,0x00,0xff,0xff,0xff,0x00,0xff,0xff,
    0xff,0x00,0xff,0xff,0xff,0x00,0xff,0xff,0xff,0x00,0xff,0xff,0xff,0x00,0xff,0xff,
    0xff,0x00,0xff,0xff,0xff,0x00,0xff,0xff,0xff,0x00,0xff,0xff,0xff,0x00,0xff,0xff,
    0xff,0x00,0xff,0xff,0xff,0x00,0xff,0xff,0xff,0x00,0xff,0xff,0xff,0x00,0xff,0xff,
    0xff,0x00,0xff,0xff,0xff,0x00,0xff,0xff,0xff,0x00,0xff,0xff,0xff,0x00,0xff,0xff,
    0xff,0x00,0xff,0xff,0xff,0x00,0xff,0xff,0xff,0x00,0xff,0xff,0xff,0x00,0xff,0xff,
    0xff,0x00,0xff,0xff,0xff,0x00,0xff,0xff,0xff,0x00,0xff,0xff,0xff,0xff,0x00,0xff,
    0xff,0xff,0x00,0xff,0xff,0xff,0x00,0xff,0xff,0xff,0x00,0xff,0xff,0xff,0x00,0xff,
    0xff,0xff,0x00,0xff,0xff,0xff,0x00,0xff,0xff,0xff,0x00,0xff,0xff,0xff,0x00,0xff,
    0xff,0xff,0x00,0xff,0xff,0xff,0x00,0xff,0xff,0xff,0x00,0xff,0xff,0xff,0x00,0xff,
    0xff,0xff,0x00,0xff,0xff,0xff,0x00,0xff,0xff,0xff,0x00,0xff,0xff,0xff,0x00,0xff,
    0xff,0xff,0x00,0xff,0xff,0xff,0x00,0xff,0xff,0xff,0x00,0xff,0xff,0xff,0x00,0xff,
    0xff,0xff,0x00,0xff,0xff,0xff,0x00,0xff,0xff,0xff,0x00,0xff,0xff,0xff,0x00,0xff,
    0xff,0xff,0x00,0xff,0xff,0xff,0x00,0xff,0xff,0xff,0x00,0xff,0xff,0xff,0x00,0xff,
    0xff,0xff,0x00,0xff,0xff,0xff,0x00,0xff,0xff,0xff,0x00,0xff,0xff,0xff,0xff,0x00,
    0xff,0xff,0xff,0x00,0xff,0xff,0xff,0x00,0xff,0xff,0xff,0x00,0xff,0xff,0xff,0x00,
    0xff,0xff,0xff,0x00,0xff,0xff,0xff,0x00,0xff,0xff,0xff,0x00,0xff,0xff,0xff,0x00,
    0xff,0xff,0xff,0x00,0xff,0xff,0xff,0x00,0xff,0xff,0xff,0x00,0xff,0xff,0xff,0x00,
    0xff,0xff,0xff,0x00,0xff,0xff,0xff,0x00,0xff,0xff,0xff,0x00,0xff,0xff,0xff,0x00,
    0xff,0xff,0xff,0x00,0xff,0xff,0xff,0x00,0xff,0xff,0xff,0x00,0xff,0xff,0xff,0x00,
    0xff,0xff,0xff,0x00,0xff,0xff,0xff,0x00,0xff,0xff,0xff,0x00,0xff,0xff,0xff,0x00,
    0xff,0xff,0xff,0x00,0xff,0xff,0xff,0x00,0xff,0xff,0xff,0x00,0xff,0xff,0xff,0x00,
    0xff,0xff,0xff,0x00,0xff,0xff,0xff,0x00,0xff,0xff,0xff,0x00,0xc7,0xff,0xff,0xff,
    0x00,0xff,0xff,0xff,0x00,0x00,0x00,0x00,0x00,0x00,0x00,0x00,0x00,0x00,0x00,0x00,
    0x00,0x00,0x00,0x00,0x13,0x45,0x4e,0x0a,0x4c,0x37,0x03,0x50,0x28,0x2f,0x11,0x40,
    0x49,0x42,0x0f,0x00,0x00,0x00,0x00,0x00,0x00,0x00,0x00,0x00,0x00,0x00,0x00,0x00,
    0x00,0x00,0x00,0x00,0x0f,0x42,0x49,0x40,0x11,0x2f,0x28,0x50,0x03,0x37,0x4c,0x0a,
    0x4e,0x45,0x13,0x00,0x1b,0x00,0xb4,0x4d,0x43,0x46,0x50,0x50,0x50,0x50,0x50,0x50,
    0x50,0x50,0x50,0x50,0x50,0x50,0x50,0x4a,0x4b,0x14,0x00,0x00,0x00,0x00,0x00,0x00,
    0x00,0x00,0x00,0x00,0x00,0x00,0x00,0x14,0x4b,0x4a,0x50,0x50,0x50,0x50,0x50,0x50,
    0x50,0x50,0x50,0x50,0x50,0x50,0x50,0x46,0x43,0x4d,0x00,0x17,0x00,0x84,0x0c,0x0a,
    0x03,0x50,0x11,0x50,0x8e,0x39,0x2c,0x00,0x00,0x00,0x00,0x00,0x00,0x00,0x00,0x00,
    0x2c,0x39,0x50,0x11,0x50,0x84,0x03,0x0a,0x0c,0x00,0x13,0x00,0x84,0x17,0x2a,0x01,
    0x50,0x14,0x50,0x8c,0x0b,0x26,0x20,0x00,0x00,0x00,0x00,0x00,0x20,0x26,0x0b,0x50,
    0x14,0x50,0x97,0x01,0x2a,0x17,0x00,0x00,0x00,0x00,0x00,0x00,0x00,0x00,0x00,0x00,
    0x00,0x00,0x00,0x00,0x00,0x00,0x00,0x0c,0x21,0x50,0x18,0x50,0x88,0x19,0x29,0x00,
    0x00,0x00,0x29,0x19,0x50,0x18,0x50,0x94,0x21,0x0c,0x00,0x00,0x00,0x00,0x00,0x00,
    0x00,0x00,0x00,0x00,0x00,0x00,0x00,0x00,0x00,0x1c,0x02,0x50,0x1a,0x50,0x86,0x01,
    0x16,0x00,0x16,0x01,0x50,0x1a,0x50,0x92,0x02,0x1c,0x00,0x00,0x00,0x00,0x00,0x00,
    0x00,0x00,0x00,0x00,0x00,0x00,0x00,0x22,0x01,0x50,0x1c,0x50,0x84,0x0b,0x4f,0x0b,
    0x50,0x1c,0x50,0x90,0x01,0x22,0x00,0x00,0x00,0x00,0x00,0x00,0x00,0x00,0x00,0x00,
    0x00,0x25,0x01,0x50,0x3e,0x50,0x8e,0x01,0x25,0x00,0x00,0x00,0x00,0x00,0x00,0x00,
    0x00,0x00,0x1e,0x02,0x50,0x40,0x50,0x8c,0x02,0x1e,0x00,0x00,0x00,0x00,0x00,0x00,
    0x00,0x05,0x1d,0x50,0x42,0x50,0x8a,0x1d,0x05,0x00,0x00,0x00,0x00,0x00,0x00,0x0d,
    0x50,0x44,0x50,0x89,0x0d,0x00,0x00,0x00,0x00,0x00,0x3c,0x2b,0x50,0x44,0x50,0x88,
    0x2b,0x3c,0x00,0x00,0x00,0x00,0x47,0x50,0x46,0x50,0x87,0x47,0x00,0x00,0x00,0x3e,
    0x0e,0x50,0x46,0x50,0x86,0x0e,0x3e,0x00,0x00,0x3f,0x50,0x48,0x50,0x85,0x3f,0x00,
    0x00,0x41,0x50,0x48,0x50,0x84,0x41,0x00,0x14,0x50,0x4a,0x50,0x83,0x14,0x44,0x50,
    0x4a,0x50,0x83,0x44,0x48,0x50,0x4a,0x50,0x83,0x48,0x12,0x50,0x4a,0x50,0x83,0x12,
    0x27,0x50,0x4a,0x50,0x83,0x27,0x0e,0x50,0x4a,0x50,0x82,0x0e,0x50,0x7f,0x50,0x1a,
    0x50,0x82,0x02,0x50,0x4a,0x50,0x83,0x02,0x38,0x50,0x4a,0x50,0x83,0x38,0x3a,0x50,
    0x4a,0x50,0x83,0x3a,0x3b,0x50,0x4a,0x50,0x83,0x3b,0x10,0x50,0x4a,0x50,0x84,0x10,
    0x07,0x3d,0x50,0x48,0x50,0x85,0x3d,0x07,0x00,0x0a,0x50,0x48,0x50,0x85,0x0a,0x00,
    0x00,0x10,0x50,0x48,0x50,0x86,0x10,0x00,0x00,0x13,0x11,0x50,0x46,0x50,0x87,0x11,
    0x13,0x00,0x00,0x00,0x2e,0x50,0x46,0x50,0x88,0x2e,0x00,0x00,0x00,0x00,0x00,0x09,
    0x50,0x44,0x50,0x8a,0x09,0x00,0x00,0x00,0x00,0x00,0x00,0x18,0x23,0x50,0x42,0x50,
    0x8b,0x23,0x18,0x00,0x00,0x00,0x00,0x00,0x00,0x00,0x1f,0x50,0x42,0x50,0x8c,0x1f,
    0x00,0x00,0x00,0x00,0x00,0x00,0x00,0x00,0x00,0x1a,0x50,0x40,0x50,0x8e,0x1a,0x00,
    0x00,0x00,0x00,0x00,0x00,0x00,0x00,0x00,0x00,0x0f,0x1b,0x50,0x3e,0x50,0x90,0x1b,
    0x0f,0x00,0x00,0x00,0x00,0x00,0x00,0x00,0x00,0x00,0x00,0x00,0x05,0x06,0x50,0x3c,
    0x50,0x92,0x06,0x05,0x00,0x00,0x00,0x00,0x00,0x00,0x00,0x00,0x00,0x00,0x00,0x00,
    0x00,0x05,0x06,0x50,0x3a,0x50,0x94,0x06,0x05,0x00,0x00,0x00,0x00,0x00,0x00,0x00,
    0x00,0x00,0x00,0x00,0x00,0x00,0x00,0x00,0x05,0x06,0x50,0x38,0x50,0x96,0x06,0x05,
    0x00,0x00,0x00,0x00,0x00,0x00,0x00,0x00,0x00,0x00,0x00,0x00,0x00,0x00,0x00,0x00,
    0x00,0x05,0x06,0x50,0x36,0x50,0x83,0x06,0x05,0x00,0x12,0x00,0x83,0x05,0x06,0x50,
    0x34,0x50,0x83,0x06,0x05,0x00,0x14,0x00,0x83,0x05,0x15,0x50,0x32,0x50,0x83,0x15,
    0x05,0x00,0x16,0x00,0x83,0x07,0x09,0x50,0x30,0x50,0x83,0x09,0x07,0x00,0x18,0x00,
    0x83,0x07,0x09,0x50,0x2e,0x50,0x83,0x09,0x07,0x00,0x1a,0x00,0x83,0x07,0x09,0x50,
    0x2c,0x50,0x83,0x09,0x07,0x00,0x1c,0x00,0x83,0x07,0x09,0x50,0x2a,0x50,0x83,0x09,
    0x07,0x00,0x1e,0x00,0x83,0x07,0x09,0x50,0x28,0x50,0x83,0x09,0x07,0x00,0x20,0x00,
    0x83,0x07,0x09,0x50,0x26,0x50,0x83,0x09,0x07,0x00,0x22,0x00,0x83,0x07,0x09,0x50,
    0x24,0x50,0x83,0x09,0x07,0x00,0x24,0x00,0x83,0x07,0x09,0x50,0x22,0x50,0x83,0x09,
    0x07,0x00,0x26,0x00,0x83,0x07,0x24,0x50,0x20,0x50,0x83,0x24,0x07,0x00,0x28,0x00,
    0x83,0x08,0x04,0x50,0x1e,0x50,0x83,0x04,0x08,0x00,0x2a,0x00,0x83,0x08,0x04,0x50,
    0x1c,0x50,0x83,0x04,0x08,0x00,0x2c,0x00,0x83,0x08,0x04,0x50,0x1a,0x50,0x83,0x04,
    0x08,0x00,0x2e,0x00,0x83,0x08,0x04,0x50,0x18,0x50,0x83,0x04,0x08,0x00,0x30,0x00,
    0x83,0x08,0x04,0x50,0x16,0x50,0x83,0x04,0x08,0x00,0x32,0x00,0x83,0x08,0x04,0x50,
    0x14,0x50,0x83,0x04,0x08,0x00,0x34,0x00,0x83,0x08,0x04,0x50,0x12,0x50,0x83,0x04,
    0x08,0x00,0x36,0x00,0x96,0x08,0x04,0x50,0x50,0x50,0x50,0x50,0x50,0x50,0x50,0x50,
    0x50,0x50,0x50,0x50,0x50,0x50,0x50,0x50,0x04,0x08,0x00,0x38,0x00,0x94,0x08,0x04,
    0x50,0x50,0x50,0x50,0x50,0x50,0x50,0x50,0x50,0x50,0x50,0x50,0x50,0x50,0x50,0x04,
    0x08,0x00,0x3a,0x00,0x92,0x2d,0x35,0x50,0x50,0x50,0x50,0x50,0x50,0x50,0x50,0x50,
    0x50,0x50,0x50,0x50,0x35,0x2d,0x00,0x3c,0x00,0x90,0x31,0x12,0x50,0x50,0x50,0x50,
    0x50,0x50,0x50,0x50,0x50,0x50,0x50,0x12,0x31,0x00,0x3e,0x00,0x8e,0x32,0x33,0x03,
    0x50,0x50,0x50,0x50,0x50,0x50,0x50,0x03,0x33,0x32,0x00,0x41,0x00,0x8a,0x30,0x0d,
    0x36,0x34,0x50,0x34,0x36,0x0d,0x30,0x00,0x21,0x00,

};

const lv_image_dsc_t HRS_I8 = {
  .header = {
    .magic = LV_IMAGE_HEADER_MAGIC,
    .cf = LV_COLOR_FORMAT_I8,
    .flags = 0 | LV_IMAGE_FLAGS_COMPRESSED,
    .w = 77,
    .h = 67,
    .stride = 77,
    .reserved_2 = 0,
  },
  .data_size = sizeof(HRS_I8_map),
  .data = HRS_I8_map,
  .reserved = NULL,
};

uint8_t HRS_map[] = {

    0x00,0x00,0x00,0x00,0x00,0x00,0x00,0x00,0x00,0x00,0x00,0x00,0x00,0x00,0x00,0x00,0x00,0x00,0x00,0x00,0x00,0x00,0x00,0x00,0x00,0x00,0x00,0x00,0x00,0x00,0x28,0xfa,0x28,0xfa,0x28,0xfa,0x28,0xfa,0x28,0xfa,0x28,0xfa,0x28,0xfa,0x28,0xfa,0x28,0xfa,0x28,0xfa,0x28,0xfa,0x28,0xfa,0x28,0xfa,0x28,0xfa,0x28,0xfa,0x00,0x00,0x00,0x00,0x00,0x00,0x00,0x00,0x00,0x00,0x00,0x00,0x00,0x00,0x00,0x00,0x00,0x00,0x00,0x00,0x00,0x00,0x00,0x00,0x00,0x00,0x00,0x00,0x00,0x00,0x00,0x00,0x00,0x00,0x28,0xfa,0x28,0xfa,0x28,0xfa,0x28,0xfa,0x28,0xfa,0x28,0xfa,0x28,0xfa,0x28,0xfa,0x28,0xfa,0x28,0xfa,0x28,0xfa,0x28,0xfa,0x28,0xfa,0x28,0xfa,0x28,0xfa,0x00,0x00,0x00,0x00,0x00,0x00,0x00,0x00,0x00,0x00,0x00,0x00,0x00,0x00,0x00,0x00,0x00,0x00,0x00,0x00,0x00,0x00,0x00,0x00,0x00,0x00,0x00,0x00,0x00,0x00,
    0x00,0x00,0x00,0x00,0x00,0x00,0x00,0x00,0x00,0x00,0x00,0x00,0x00,0x00,0x00,0x00,0x00,0x00,0x00,0x00,0x00,0x00,0x00,0x00,0x00,0x00,0x28,0xfa,0x28,0xfa,0x28,0xfa,0x28,0xfa,0x28,0xfa,0x28,0xfa,0x28,0xfa,0x28,0xfa,0x28,0xfa,0x28,0xfa,0x28,0xfa,0x28,0xfa,0x28,0xfa,0x28,0xfa,0x28,0xfa,0x28,0xfa,0x28,0xfa,0x28,0xfa,0x28,0xfa,0x00,0x00,0x00,0x00,0x00,0x00,0x00,0x00,0x00,0x00,0x00,0x00,0x00,0x00,0x00,0x00,0x00,0x00,0x00,0x00,0x00,0x00,0x00,0x00,0x00,0x00,0x28,0xfa,0x28,0xfa,0x28,0xfa,0x28,0xfa,0x28,0xfa,0x28,0xfa,0x28,0xfa,0x28,0xfa,0x28,0xfa,0x28,0xfa,0x28,0xfa,0x28,0xfa,0x28,0xfa,0x28,0xfa,0x28,0xfa,0x28,0xfa,0x28,0xfa,0x28,0xfa,0x28,0xfa,0x00,0x00,0x00,0x00,0x00,0x00,0x00,0x00,0x00,0x00,0x00,0x00,0x00,0x00,0x00,0x00,0x00,0x00,0x00,0x00,0x00,0x00,0x00,0x00,0x00,0x00,
    0x00,0x00,0x00,0x00,0x00,0x00,0x00,0x00,0x00,0x00,0x00,0x00,0x00,0x00,0x00,0x00,0x00,0x00,0x00,0x00,0x00,0x00,0x28,0xfa,0x28,0xfa,0x28,0xfa,0x28,0xfa,0x28,0xfa,0x28,0xfa,0x28,0xfa,0x28,0xfa,0x28,0xfa,0x28,0xfa,0x28,0xfa,0x28,0xfa,0x28,0xfa,0x28,0xfa,0x28,0xfa,0x28,0xfa,0x28,0xfa,0x28,0xfa,0x28,0xfa,0x28,0xfa,0x28,0xfa,0x28,0xfa,0x28,0xfa,0x00,0x00,0x00,0x00,0x00,0x00,0x00,0x00,0x00,0x00,0x00,0x00,0x00,0x00,0x00,0x00,0x00,0x00,0x28,0xfa,0x28,0xfa,0x28,0xfa,0x28,0xfa,0x28,0xfa,0x28,0xfa,0x28,0xfa,0x28,0xfa,0x28,0xfa,0x28,0xfa,0x28,0xfa,0x28,0xfa,0x28,0xfa,0x28,0xfa,0x28,0xfa,0x28,0xfa,0x28,0xfa,0x28,0xfa,0x28,0xfa,0x28,0xfa,0x28,0xfa,0x28,0xfa,0x28,0xfa,0x00,0x00,0x00,0x00,0x00,0x00,0x00,0x00,0x00,0x00,0x00,0x00,0x00,0x00,0x00,0x00,0x00,0x00,0x00,0x00,0x00,0x00,
    0x00,0x00,0x00,0x00,0x00,0x00,0x00,0x00,0x00,0x00,0x00,0x00,0x00,0x00,0x00,0x00,0x00,0x00,0x28,0xfa,0x28,0xfa,0x28,0xfa,0x28,0xfa,0x28,0xfa,0x28,0xfa,0x28,0xfa,0x28,0xfa,0x28,0xfa,0x28,0xfa,0x28,0xfa,0x28,0xfa,0x28,0xfa,0x28,0xfa,0x28,0xfa,0x28,0xfa,0x28,0xfa,0x28,0xfa,0x28,0xfa,0x28,0xfa,0x28,0xfa,0x28,0xfa,0x28,0xfa,0x28,0xfa,0x28,0xfa,0x28,0xfa,0x28,0xfa,0x00,0x00,0x00,0x00,0x00,0x00,0x00,0x00,0x00,0x00,0x28,0xfa,0x28,0xfa,0x28,0xfa,0x28,0xfa,0x28,0xfa,0x28,0xfa,0x28,0xfa,0x28,0xfa,0x28,0xfa,0x28,0xfa,0x28,0xfa,0x28,0xfa,0x28,0xfa,0x28,0xfa,0x28,0xfa,0x28,0xfa,0x28,0xfa,0x28,0xfa,0x28,0xfa,0x28,0xfa,0x28,0xfa,0x28,0xfa,0x28,0xfa,0x28,0xfa,0x28,0xfa,0x28,0xfa,0x28,0xfa,0x00,0x00,0x00,0x00,0x00,0x00,0x00,0x00,0x00,0x00,0x00,0x00,0x00,0x00,0x00,0x00,0x00,0x00,
    0x00,0x00,0x00,0x00,0x00,0x00,0x00,0x00,0x00,0x00,0x00,0x00,0x00,0x00,0x00,0x00,0x28,0xfa,0x28,0xfa,0x28,0xfa,0x28,0xfa,0x28,0xfa,0x28,0xfa,0x28,0xfa,0x28,0xfa,0x28,0xfa,0x28,0xfa,0x28,0xfa,0x28,0xfa,0x28,0xfa,0x28,0xfa,0x28,0xfa,0x28,0xfa,0x28,0xfa,0x28,0xfa,0x28,0xfa,0x28,0xfa,0x28,0xfa,0x28,0xfa,0x28,0xfa,0x28,0xfa,0x28,0xfa,0x28,0xfa,0x28,0xfa,0x28,0xfa,0x28,0xfa,0x00,0x00,0x00,0x00,0x00,0x00,0x28,0xfa,0x28,0xfa,0x28,0xfa,0x28,0xfa,0x28,0xfa,0x28,0xfa,0x28,0xfa,0x28,0xfa,0x28,0xfa,0x28,0xfa,0x28,0xfa,0x28,0xfa,0x28,0xfa,0x28,0xfa,0x28,0xfa,0x28,0xfa,0x28,0xfa,0x28,0xfa,0x28,0xfa,0x28,0xfa,0x28,0xfa,0x28,0xfa,0x28,0xfa,0x28,0xfa,0x28,0xfa,0x28,0xfa,0x28,0xfa,0x28,0xfa,0x28,0xfa,0x00,0x00,0x00,0x00,0x00,0x00,0x00,0x00,0x00,0x00,0x00,0x00,0x00,0x00,0x00,0x00,
    0x00,0x00,0x00,0x00,0x00,0x00,0x00,0x00,0x00,0x00,0x00,0x00,0x00,0x00,0x28,0xfa,0x28,0xfa,0x28,0xfa,0x28,0xfa,0x28,0xfa,0x28,0xfa,0x28,0xfa,0x28,0xfa,0x28,0xfa,0x28,0xfa,0x28,0xfa,0x28,0xfa,0x28,0xfa,0x28,0xfa,0x28,0xfa,0x28,0xfa,0x28,0xfa,0x28,0xfa,0x28,0xfa,0x28,0xfa,0x28,0xfa,0x28,0xfa,0x28,0xfa,0x28,0xfa,0x28,0xfa,0x28,0xfa,0x28,0xfa,0x28,0xfa,0x28,0xfa,0x28,0xfa,0x28,0xfa,0x00,0x00,0x28,0xfa,0x28,0xfa,0x28,0xfa,0x28,0xfa,0x28,0xfa,0x28,0xfa,0x28,0xfa,0x28,0xfa,0x28,0xfa,0x28,0xfa,0x28,0xfa,0x28,0xfa,0x28,0xfa,0x28,0xfa,0x28,0xfa,0x28,0xfa,0x28,0xfa,0x28,0xfa,0x28,0xfa,0x28,0xfa,0x28,0xfa,0x28,0xfa,0x28,0xfa,0x28,0xfa,0x28,0xfa,0x28,0xfa,0x28,0xfa,0x28,0xfa,0x28,0xfa,0x28,0xfa,0x28,0xfa,0x00,0x00,0x00,0x00,0x00,0x00,0x00,0x00,0x00,0x00,0x00,0x00,0x00,0x00,
    0x00,0x00,0x00,0x00,0x00,0x00,0x00,0x00,0x00,0x00,0x00,0x00,0x28,0xfa,0x28,0xfa,0x28,0xfa,0x28,0xfa,0x28,0xfa,0x28,0xfa,0x28,0xfa,0x28,0xfa,0x28,0xfa,0x28,0xfa,0x28,0xfa,0x28,0xfa,0x28,0xfa,0x28,0xfa,0x28,0xfa,0x28,0xfa,0x28,0xfa,0x28,0xfa,0x28,0xfa,0x28,0xfa,0x28,0xfa,0x28,0xfa,0x28,0xfa,0x28,0xfa,0x28,0xfa,0x28,0xfa,0x28,0xfa,0x28,0xfa,0x28,0xfa,0x28,0xfa,0x28,0xfa,0x28,0xfa,0x28,0xfa,0x28,0xfa,0x28,0xfa,0x28,0xfa,0x28,0xfa,0x28,0xfa,0x28,0xfa,0x28,0xfa,0x28,0xfa,0x28,0xfa,0x28,0xfa,0x28,0xfa,0x28,0xfa,0x28,0xfa,0x28,0xfa,0x28,0xfa,0x28,0xfa,0x28,0xfa,0x28,0xfa,0x28,0xfa,0x28,0xfa,0x28,0xfa,0x28,0xfa,0x28,0xfa,0x28,0xfa,0x28,0xfa,0x28,0xfa,0x28,0xfa,0x28,0xfa,0x28,0xfa,0x28,0xfa,0x28,0xfa,0x28,0xfa,0x00,0x00,0x00,0x00,0x00,0x00,0x00,0x00,0x00,0x00,0x00,0x00,
    0x00,0x00,0x00,0x00,0x00,0x00,0x00,0x00,0x00,0x00,0x28,0xfa,0x28,0xfa,0x28,0xfa,0x28,0xfa,0x28,0xfa,0x28,0xfa,0x28,0xfa,0x28,0xfa,0x28,0xfa,0x28,0xfa,0x28,0xfa,0x28,0xfa,0x28,0xfa,0x28,0xfa,0x28,0xfa,0x28,0xfa,0x28,0xfa,0x28,0xfa,0x28,0xfa,0x28,0xfa,0x28,0xfa,0x28,0xfa,0x28,0xfa,0x28,0xfa,0x28,0xfa,0x28,0xfa,0x28,0xfa,0x28,0xfa,0x28,0xfa,0x28,0xfa,0x28,0xfa,0x28,0xfa,0x28,0xfa,0x28,0xfa,0x28,0xfa,0x28,0xfa,0x28,0xfa,0x28,0xfa,0x28,0xfa,0x28,0xfa,0x28,0xfa,0x28,0xfa,0x28,0xfa,0x28,0xfa,0x28,0xfa,0x28,0xfa,0x28,0xfa,0x28,0xfa,0x28,0xfa,0x28,0xfa,0x28,0xfa,0x28,0xfa,0x28,0xfa,0x28,0xfa,0x28,0xfa,0x28,0xfa,0x28,0xfa,0x28,0xfa,0x28,0xfa,0x28,0xfa,0x28,0xfa,0x28,0xfa,0x28,0xfa,0x28,0xfa,0x28,0xfa,0x28,0xfa,0x28,0xfa,0x00,0x00,0x00,0x00,0x00,0x00,0x00,0x00,0x00,0x00,
    0x00,0x00,0x00,0x00,0x00,0x00,0x00,0x00,0x28,0xfa,0x28,0xfa,0x28,0xfa,0x28,0xfa,0x28,0xfa,0x28,0xfa,0x28,0xfa,0x28,0xfa,0x28,0xfa,0x28,0xfa,0x28,0xfa,0x28,0xfa,0x28,0xfa,0x28,0xfa,0x28,0xfa,0x28,0xfa,0x28,0xfa,0x28,0xfa,0x28,0xfa,0x28,0xfa,0x28,0xfa,0x28,0xfa,0x28,0xfa,0x28,0xfa,0x28,0xfa,0x28,0xfa,0x28,0xfa,0x28,0xfa,0x28,0xfa,0x28,0xfa,0x28,0xfa,0x28,0xfa,0x28,0xfa,0x28,0xfa,0x28,0xfa,0x28,0xfa,0x28,0xfa,0x28,0xfa,0x28,0xfa,0x28,0xfa,0x28,0xfa,0x28,0xfa,0x28,0xfa,0x28,0xfa,0x28,0xfa,0x28,0xfa,0x28,0xfa,0x28,0xfa,0x28,0xfa,0x28,0xfa,0x28,0xfa,0x28,0xfa,0x28,0xfa,0x28,0xfa,0x28,0xfa,0x28,0xfa,0x28,0xfa,0x28,0xfa,0x28,0xfa,0x28,0xfa,0x28,0xfa,0x28,0xfa,0x28,0xfa,0x28,0xfa,0x28,0xfa,0x28,0xfa,0x28,0xfa,0x28,0xfa,0x28,0xfa,0x00,0x00,0x00,0x00,0x00,0x00,0x00,0x00,
    0x00,0x00,0x00,0x00,0x00,0x00,0x28,0xfa,0x28,0xfa,0x28,0xfa,0x28,0xfa,0x28,0xfa,0x28,0xfa,0x28,0xfa,0x28,0xfa,0x28,0xfa,0x28,0xfa,0x28,0xfa,0x28,0xfa,0x28,0xfa,0x28,0xfa,0x28,0xfa,0x28,0xfa,0x28,0xfa,0x28,0xfa,0x28,0xfa,0x28,0xfa,0x28,0xfa,0x28,0xfa,0x28,0xfa,0x28,0xfa,0x28,0xfa,0x28,0xfa,0x28,0xfa,0x28,0xfa,0x28,0xfa,0x28,0xfa,0x28,0xfa,0x28,0xfa,0x28,0xfa,0x28,0xfa,0x28,0xfa,0x28,0xfa,0x28,0xfa,0x28,0xfa,0x28,0xfa,0x28,0xfa,0x28,0xfa,0x28,0xfa,0x28,0xfa,0x28,0xfa,0x28,0xfa,0x28,0xfa,0x28,0xfa,0x28,0xfa,0x28,0xfa,0x28,0xfa,0x28,0xfa,0x28,0xfa,0x28,0xfa,0x28,0xfa,0x28,0xfa,0x28,0xfa,0x28,0xfa,0x28,0xfa,0x28,0xfa,0x28,0xfa,0x28,0xfa,0x28,0xfa,0x28,0xfa,0x28,0xfa,0x28,0xfa,0x28,0xfa,0x28,0xfa,0x28,0xfa,0x28,0xfa,0x28,0xfa,0x28,0xfa,0x00,0x00,0x00,0x00,0x00,0x00,
    0x00,0x00,0x00,0x00,0x00,0x00,0x28,0xfa,0x28,0xfa,0x28,0xfa,0x28,0xfa,0x28,0xfa,0x28,0xfa,0x28,0xfa,0x28,0xfa,0x28,0xfa,0x28,0xfa,0x28,0xfa,0x28,0xfa,0x28,0xfa,0x28,0xfa,0x28,0xfa,0x28,0xfa,0x28,0xfa,0x28,0xfa,0x28,0xfa,0x28,0xfa,0x28,0xfa,0x28,0xfa,0x28,0xfa,0x28,0xfa,0x28,0xfa,0x28,0xfa,0x28,0xfa,0x28,0xfa,0x28,0xfa,0x28,0xfa,0x28,0xfa,0x28,0xfa,0x28,0xfa,0x28,0xfa,0x28,0xfa,0x28,0xfa,0x28,0xfa,0x28,0xfa,0x28,0xfa,0x28,0xfa,0x28,0xfa,0x28,0xfa,0x28,0xfa,0x28,0xfa,0x28,0xfa,0x28,0xfa,0x28,0xfa,0x28,0xfa,0x28,0xfa,0x28,0xfa,0x28,0xfa,0x28,0xfa,0x28,0xfa,0x28,0xfa,0x28,0xfa,0x28,0xfa,0x28,0xfa,0x28,0xfa,0x28,0xfa,0x28,0xfa,0x28,0xfa,0x28,0xfa,0x28,0xfa,0x28,0xfa,0x28,0xfa,0x28,0xfa,0x28,0xfa,0x28,0xfa,0x28,0xfa,0x28,0xfa,0x28,0xfa,0x00,0x00,0x00,0x00,0x00,0x00,
    0x00,0x00,0x00,0x00,0x28,0xfa,0x28,0xfa,0x28,0xfa,0x28,0xfa,0x28,0xfa,0x28,0xfa,0x28,0xfa,0x28,0xfa,0x28,0xfa,0x28,0xfa,0x28,0xfa,0x28,0xfa,0x28,0xfa,0x28,0xfa,0x28,0xfa,0x28,0xfa,0x28,0xfa,0x28,0xfa,0x28,0xfa,0x28,0xfa,0x28,0xfa,0x28,0xfa,0x28,0xfa,0x28,0xfa,0x28,0xfa,0x28,0xfa,0x28,0xfa,0x28,0xfa,0x28,0xfa,0x28,0xfa,0x28,0xfa,0x28,0xfa,0x28,0xfa,0x28,0xfa,0x28,0xfa,0x28,0xfa,0x28,0xfa,0x28,0xfa,0x28,0xfa,0x28,0xfa,0x28,0xfa,0x28,0xfa,0x28,0xfa,0x28,0xfa,0x28,0xfa,0x28,0xfa,0x28,0xfa,0x28,0xfa,0x28,0xfa,0x28,0xfa,0x28,0xfa,0x28,0xfa,0x28,0xfa,0x28,0xfa,0x28,0xfa,0x28,0xfa,0x28,0xfa,0x28,0xfa,0x28,0xfa,0x28,0xfa,0x28,0xfa,0x28,0xfa,0x28,0xfa,0x28,0xfa,0x28,0xfa,0x28,0xfa,0x28,0xfa,0x28,0xfa,0x28,0xfa,0x28,0xfa,0x28,0xfa,0x28,0xfa,0x28,0xfa,0x00,0x00,0x00,0x00,
    0x00,0x00,0x00,0x00,0x28,0xfa,0x28,0xfa,0x28,0xfa,0x28,0xfa,0x28,0xfa,0x28,0xfa,0x28,0xfa,0x28,0xfa,0x28,0xfa,0x28,0xfa,0x28,0xfa,0x28,0xfa,0x28,0xfa,0x28,0xfa,0x28,0xfa,0x28,0xfa,0x28,0xfa,0x28,0xfa,0x28,0xfa,0x28,0xfa,0x28,0xfa,0x28,0xfa,0x28,0xfa,0x28,0xfa,0x28,0xfa,0x28,0xfa,0x28,0xfa,0x28,0xfa,0x28,0xfa,0x28,0xfa,0x28,0xfa,0x28,0xfa,0x28,0xfa,0x28,0xfa,0x28,0xfa,0x28,0xfa,0x28,0xfa,0x28,0xfa,0x28,0xfa,0x28,0xfa,0x28,0xfa,0x28,0xfa,0x28,0xfa,0x28,0xfa,0x28,0xfa,0x28,0xfa,0x28,0xfa,0x28,0xfa,0x28,0xfa,0x28,0xfa,0x28,0xfa,0x28,0xfa,0x28,0xfa,0x28,0xfa,0x28,0xfa,0x28,0xfa,0x28,0xfa,0x28,0xfa,0x28,0xfa,0x28,0xfa,0x28,0xfa,0x28,0xfa,0x28,0xfa,0x28,0xfa,0x28,0xfa,0x28,0xfa,0x28,0xfa,0x28,0xfa,0x28,0xfa,0x28,0xfa,0x28,0xfa,0x28,0xfa,0x28,0xfa,0x00,0x00,0x00,0x00,
    0x00,0x00,0x28,0xfa,0x28,0xfa,0x28,0xfa,0x28,0xfa,0x28,0xfa,0x28,0xfa,0x28,0xfa,0x28,0xfa,0x28,0xfa,0x28,0xfa,0x28,0xfa,0x28,0xfa,0x28,0xfa,0x28,0xfa,0x28,0xfa,0x28,0xfa,0x28,0xfa,0x28,0xfa,0x28,0xfa,0x28,0xfa,0x28,0xfa,0x28,0xfa,0x28,0xfa,0x28,0xfa,0x28,0xfa,0x28,0xfa,0x28,0xfa,0x28,0xfa,0x28,0xfa,0x28,0xfa,0x28,0xfa,0x28,0xfa,0x28,0xfa,0x28,0xfa,0x28,0xfa,0x28,0xfa,0x28,0xfa,0x28,0xfa,0x28,0xfa,0x28,0xfa,0x28,0xfa,0x28,0xfa,0x28,0xfa,0x28,0xfa,0x28,0xfa,0x28,0xfa,0x28,0xfa,0x28,0xfa,0x28,0xfa,0x28,0xfa,0x28,0xfa,0x28,0xfa,0x28,0xfa,0x28,0xfa,0x28,0xfa,0x28,0xfa,0x28,0xfa,0x28,0xfa,0x28,0xfa,0x28,0xfa,0x28,0xfa,0x28,0xfa,0x28,0xfa,0x28,0xfa,0x28,0xfa,0x28,0xfa,0x28,0xfa,0x28,0xfa,0x28,0xfa,0x28,0xfa,0x28,0xfa,0x28,0xfa,0x28,0xfa,0x28,0xfa,0x28,0xfa,0x00,0x00,
    0x00,0x00,0x28,0xfa,0x28,0xfa,0x28,0xfa,0x28,0xfa,0x28,0xfa,0x28,0xfa,0x28,0xfa,0x28,0xfa,0x28,0xfa,0x28,0xfa,0x28,0xfa,0x28,0xfa,0x28,0xfa,0x28,0xfa,0x28,0xfa,0x28,0xfa,0x28,0xfa,0x28,0xfa,0x28,0xfa,0x28,0xfa,0x28,0xfa,0x28,0xfa,0x28,0xfa,0x28,0xfa,0x28,0xfa,0x28,0xfa,0x28,0xfa,0x28,0xfa,0x28,0xfa,0x28,0xfa,0x28,0xfa,0x28,0xfa,0x28,0xfa,0x28,0xfa,0x28,0xfa,0x28,0xfa,0x28,0xfa,0x28,0xfa,0x28,0xfa,0x28,0xfa,0x28,0xfa,0x28,0xfa,0x28,0xfa,0x28,0xfa,0x28,0xfa,0x28,0xfa,0x28,0xfa,0x28,0xfa,0x28,0xfa,0x28,0xfa,0x28,0xfa,0x28,0xfa,0x28,0xfa,0x28,0xfa,0x28,0xfa,0x28,0xfa,0x28,0xfa,0x28,0xfa,0x28,0xfa,0x28,0xfa,0x28,0xfa,0x28,0xfa,0x28,0xfa,0x28,0xfa,0x28,0xfa,0x28,0xfa,0x28,0xfa,0x28,0xfa,0x28,0xfa,0x28,0xfa,0x28,0xfa,0x28,0xfa,0x28,0xfa,0x28,0xfa,0x28,0xfa,0x00,0x00,
    0x00,0x00,0x28,0xfa,0x28,0xfa,0x28,0xfa,0x28,0xfa,0x28,0xfa,0x28,0xfa,0x28,0xfa,0x28,0xfa,0x28,0xfa,0x28,0xfa,0x28,0xfa,0x28,0xfa,0x28,0xfa,0x28,0xfa,0x28,0xfa,0x28,0xfa,0x28,0xfa,0x28,0xfa,0x28,0xfa,0x28,0xfa,0x28,0xfa,0x28,0xfa,0x28,0xfa,0x28,0xfa,0x28,0xfa,0x28,0xfa,0x28,0xfa,0x28,0xfa,0x28,0xfa,0x28,0xfa,0x28,0xfa,0x28,0xfa,0x28,0xfa,0x28,0xfa,0x28,0xfa,0x28,0xfa,0x28,0xfa,0x28,0xfa,0x28,0xfa,0x28,0xfa,0x28,0xfa,0x28,0xfa,0x28,0xfa,0x28,0xfa,0x28,0xfa,0x28,0xfa,0x28,0xfa,0x28,0xfa,0x28,0xfa,0x28,0xfa,0x28,0xfa,0x28,0xfa,0x28,0xfa,0x28,0xfa,0x28,0xfa,0x28,0xfa,0x28,0xfa,0x28,0xfa,0x28,0xfa,0x28,0xfa,0x28,0xfa,0x28,0xfa,0x28,0xfa,0x28,0xfa,0x28,0xfa,0x28,0xfa,0x28,0xfa,0x28,0xfa,0x28,0xfa,0x28,0xfa,0x28,0xfa,0x28,0xfa,0x28,0xfa,0x28,0xfa,0x28,0xfa,0x00,0x00,
    0x28,0xfa,0x28,0xfa,0x28,0xfa,0x28,0xfa,0x28,0xfa,0x28,0xfa,0x28,0xfa,0x28,0xfa,0x28,0xfa,0x28,0xfa,0x28,0xfa,0x28,0xfa,0x28,0xfa,0x28,0xfa,0x28,0xfa,0x28,0xfa,0x28,0xfa,0x28,0xfa,0x28,0xfa,0x28,0xfa,0x28,0xfa,0x28,0xfa,0x28,0xfa,0x28,0xfa,0x28,0xfa,0x28,0xfa,0x28,0xfa,0x28,0xfa,0x28,0xfa,0x28,0xfa,0x28,0xfa,0x28,0xfa,0x28,0xfa,0x28,0xfa,0x28,0xfa,0x28,0xfa,0x28,0xfa,0x28,0xfa,0x28,0xfa,0x28,0xfa,0x28,0xfa,0x28,0xfa,0x28,0xfa,0x28,0xfa,0x28,0xfa,0x28,0xfa,0x28,0xfa,0x28,0xfa,0x28,0xfa,0x28,0xfa,0x28,0xfa,0x28,0xfa,0x28,0xfa,0x28,0xfa,0x28,0xfa,0x28,0xfa,0x28,0xfa,0x28,0xfa,0x28,0xfa,0x28,0xfa,0x28,0xfa,0x28,0xfa,0x28,0xfa,0x28,0xfa,0x28,0xfa,0x28,0xfa,0x28,0xfa,0x28,0xfa,0x28,0xfa,0x28,0xfa,0x28,0xfa,0x28,0xfa,0x28,0xfa,0x28,0xfa,0x28,0xfa,0x28,0xfa,0x28,0xfa,
    0x28,0xfa,0x28,0xfa,0x28,0xfa,0x28,0xfa,0x28,0xfa,0x28,0xfa,0x28,0xfa,0x28,0xfa,0x28,0xfa,0x28,0xfa,0x28,0xfa,0x28,0xfa,0x28,0xfa,0x28,0xfa,0x28,0xfa,0x28,0xfa,0x28,0xfa,0x28,0xfa,0x28,0xfa,0x28,0xfa,0x28,0xfa,0x28,0xfa,0x28,0xfa,0x28,0xfa,0x28,0xfa,0x28,0xfa,0x28,0xfa,0x28,0xfa,0x28,0xfa,0x28,0xfa,0x28,0xfa,0x28,0xfa,0x28,0xfa,0x28,0xfa,0x28,0xfa,0x28,0xfa,0x28,0xfa,0x28,0xfa,0x28,0xfa,0x28,0xfa,0x28,0xfa,0x28,0xfa,0x28,0xfa,0x28,0xfa,0x28,0xfa,0x28,0xfa,0x28,0xfa,0x28,0xfa,0x28,0xfa,0x28,0xfa,0x28,0xfa,0x28,0xfa,0x28,0xfa,0x28,0xfa,0x28,0xfa,0x28,0xfa,0x28,0xfa,0x28,0xfa,0x28,0xfa,0x28,0xfa,0x28,0xfa,0x28,0xfa,0x28,0xfa,0x28,0xfa,0x28,0xfa,0x28,0xfa,0x28,0xfa,0x28,0xfa,0x28,0xfa,0x28,0xfa,0x28,0xfa,0x28,0xfa,0x28,0xfa,0x28,0xfa,0x28,0xfa,0x28,0xfa,0x28,0xfa,
    0x28,0xfa,0x28,0xfa,0x28,0xfa,0x28,0xfa,0x28,0xfa,0x28,0xfa,0x28,0xfa,0x28,0xfa,0x28,0xfa,0x28,0xfa,0x28,0xfa,0x28,0xfa,0x28,0xfa,0x28,0xfa,0x28,0xfa,0x28,0xfa,0x28,0xfa,0x28,0xfa,0x28,0xfa,0x28,0xfa,0x28,0xfa,0x28,0xfa,0x28,0xfa,0x28,0xfa,0x28,0xfa,0x28,0xfa,0x28,0xfa,0x28,0xfa,0x28,0xfa,0x28,0xfa,0x28,0xfa,0x28,0xfa,0x28,0xfa,0x28,0xfa,0x28,0xfa,0x28,0xfa,0x28,0xfa,0x28,0xfa,0x28,0xfa,0x28,0xfa,0x28,0xfa,0x28,0xfa,0x28,0xfa,0x28,0xfa,0x28,0xfa,0x28,0xfa,0x28,0xfa,0x28,0xfa,0x28,0xfa,0x28,0xfa,0x28,0xfa,0x28,0xfa,0x28,0xfa,0x28,0xfa,0x28,0xfa,0x28,0xfa,0x28,0xfa,0x28,0xfa,0x28,0xfa,0x28,0xfa,0x28,0xfa,0x28,0xfa,0x28,0xfa,0x28,0xfa,0x28,0xfa,0x28,0xfa,0x28,0xfa,0x28,0xfa,0x28,0xfa,0x28,0xfa,0x28,0xfa,0x28,0xfa,0x28,0xfa,0x28,0xfa,0x28,0xfa,0x28,0xfa,0x28,0xfa,
    0x28,0xfa,0x28,0xfa,0x28,0xfa,0x28,0xfa,0x28,0xfa,0x28,0xfa,0x28,0xfa,0x28,0xfa,0x28,0xfa,0x28,0xfa,0x28,0xfa,0x28,0xfa,0x28,0xfa,0x28,0xfa,0x28,0xfa,0x28,0xfa,0x28,0xfa,0x28,0xfa,0x28,0xfa,0x28,0xfa,0x28,0xfa,0x28,0xfa,0x28,0xfa,0x28,0xfa,0x28,0xfa,0x28,0xfa,0x28,0xfa,0x28,0xfa,0x28,0xfa,0x28,0xfa,0x28,0xfa,0x28,0xfa,0x28,0xfa,0x28,0xfa,0x28,0xfa,0x28,0xfa,0x28,0xfa,0x28,0xfa,0x28,0xfa,0x28,0xfa,0x28,0xfa,0x28,0xfa,0x28,0xfa,0x28,0xfa,0x28,0xfa,0x28,0xfa,0x28,0xfa,0x28,0xfa,0x28,0xfa,0x28,0xfa,0x28,0xfa,0x28,0xfa,0x28,0xfa,0x28,0xfa,0x28,0xfa,0x28,0xfa,0x28,0xfa,0x28,0xfa,0x28,0xfa,0x28,0xfa,0x28,0xfa,0x28,0xfa,0x28,0xfa,0x28,0xfa,0x28,0xfa,0x28,0xfa,0x28,0xfa,0x28,0xfa,0x28,0xfa,0x28,0xfa,0x28,0xfa,0x28,0xfa,0x28,0xfa,0x28,0xfa,0x28,0xfa,0x28,0xfa,0x28,0xfa,
    0x28,0xfa,0x28,0xfa,0x28,0xfa,0x28,0xfa,0x28,0xfa,0x28,0xfa,0x28,0xfa,0x28,0xfa,0x28,0xfa,0x28,0xfa,0x28,0xfa,0x28,0xfa,0x28,0xfa,0x28,0xfa,0x28,0xfa,0x28,0xfa,0x28,0xfa,0x28,0xfa,0x28,0xfa,0x28,0xfa,0x28,0xfa,0x28,0xfa,0x28,0xfa,0x28,0xfa,0x28,0xfa,0x28,0xfa,0x28,0xfa,0x28,0xfa,0x28,0xfa,0x28,0xfa,0x28,0xfa,0x28,0xfa,0x28,0xfa,0x28,0xfa,0x28,0xfa,0x28,0xfa,0x28,0xfa,0x28,0xfa,0x28,0xfa,0x28,0xfa,0x28,0xfa,0x28,0xfa,0x28,0xfa,0x28,0xfa,0x28,0xfa,0x28,0xfa,0x28,0xfa,0x28,0xfa,0x28,0xfa,0x28,0xfa,0x28,0xfa,0x28,0xfa,0x28,0xfa,0x28,0xfa,0x28,0xfa,0x28,0xfa,0x28,0xfa,0x28,0xfa,0x28,0xfa,0x28,0xfa,0x28,0xfa,0x28,0xfa,0x28,0xfa,0x28,0xfa,0x28,0xfa,0x28,0xfa,0x28,0xfa,0x28,0xfa,0x28,0xfa,0x28,0xfa,0x28,0xfa,0x28,0xfa,0x28,0xfa,0x28,0xfa,0x28,0xfa,0x28,0xfa,0x28,0xfa,
    0x28,0xfa,0x28,0xfa,0x28,0xfa,0x28,0xfa,0x28,0xfa,0x28,0xfa,0x28,0xfa,0x28,0xfa,0x28,0xfa,0x28,0xfa,0x28,0xfa,0x28,0xfa,0x28,0xfa,0x28,0xfa,0x28,0xfa,0x28,0xfa,0x28,0xfa,0x28,0xfa,0x28,0xfa,0x28,0xfa,0x28,0xfa,0x28,0xfa,0x28,0xfa,0x28,0xfa,0x28,0xfa,0x28,0xfa,0x28,0xfa,0x28,0xfa,0x28,0xfa,0x28,0xfa,0x28,0xfa,0x28,0xfa,0x28,0xfa,0x28,0xfa,0x28,0xfa,0x28,0xfa,0x28,0xfa,0x28,0xfa,0x28,0xfa,0x28,0xfa,0x28,0xfa,0x28,0xfa,0x28,0xfa,0x28,0xfa,0x28,0xfa,0x28,0xfa,0x28,0xfa,0x28,0xfa,0x28,0xfa,0x28,0xfa,0x28,0xfa,0x28,0xfa,0x28,0xfa,0x28,0xfa,0x28,0xfa,0x28,0xfa,0x28,0xfa,0x28,0xfa,0x28,0xfa,0x28,0xfa,0x28,0xfa,0x28,0xfa,0x28,0xfa,0x28,0xfa,0x28,0xfa,0x28,0xfa,0x28,0xfa,0x28,0xfa,0x28,0xfa,0x28,0xfa,0x28,0xfa,0x28,0xfa,0x28,0xfa,0x28,0xfa,0x28,0xfa,0x28,0xfa,0x28,0xfa,
    0x28,0xfa,0x28,0xfa,0x28,0xfa,0x28,0xfa,0x28,0xfa,0x28,0xfa,0x28,0xfa,0x28,0xfa,0x28,0xfa,0x28,0xfa,0x28,0xfa,0x28,0xfa,0x28,0xfa,0x28,0xfa,0x28,0xfa,0x28,0xfa,0x28,0xfa,0x28,0xfa,0x28,0xfa,0x28,0xfa,0x28,0xfa,0x28,0xfa,0x28,0xfa,0x28,0xfa,0x28,0xfa,0x28,0xfa,0x28,0xfa,0x28,0xfa,0x28,0xfa,0x28,0xfa,0x28,0xfa,0x28,0xfa,0x28,0xfa,0x28,0xfa,0x28,0xfa,0x28,0xfa,0x28,0xfa,0x28,0xfa,0x28,0xfa,0x28,0xfa,0x28,0xfa,0x28,0xfa,0x28,0xfa,0x28,0xfa,0x28,0xfa,0x28,0xfa,0x28,0xfa,0x28,0xfa,0x28,0xfa,0x28,0xfa,0x28,0xfa,0x28,0xfa,0x28,0xfa,0x28,0xfa,0x28,0xfa,0x28,0xfa,0x28,0xfa,0x28,0xfa,0x28,0xfa,0x28,0xfa,0x28,0xfa,0x28,0xfa,0x28,0xfa,0x28,0xfa,0x28,0xfa,0x28,0xfa,0x28,0xfa,0x28,0xfa,0x28,0xfa,0x28,0xfa,0x28,0xfa,0x28,0xfa,0x28,0xfa,0x28,0xfa,0x28,0xfa,0x28,0xfa,0x28,0xfa,
    0x28,0xfa,0x28,0xfa,0x28,0xfa,0x28,0xfa,0x28,0xfa,0x28,0xfa,0x28,0xfa,0x28,0xfa,0x28,0xfa,0x28,0xfa,0x28,0xfa,0x28,0xfa,0x28,0xfa,0x28,0xfa,0x28,0xfa,0x28,0xfa,0x28,0xfa,0x28,0xfa,0x28,0xfa,0x28,0xfa,0x28,0xfa,0x28,0xfa,0x28,0xfa,0x28,0xfa,0x28,0xfa,0x28,0xfa,0x28,0xfa,0x28,0xfa,0x28,0xfa,0x28,0xfa,0x28,0xfa,0x28,0xfa,0x28,0xfa,0x28,0xfa,0x28,0xfa,0x28,0xfa,0x28,0xfa,0x28,0xfa,0x28,0xfa,0x28,0xfa,0x28,0xfa,0x28,0xfa,0x28,0xfa,0x28,0xfa,0x28,0xfa,0x28,0xfa,0x28,0xfa,0x28,0xfa,0x28,0xfa,0x28,0xfa,0x28,0xfa,0x28,0xfa,0x28,0xfa,0x28,0xfa,0x28,0xfa,0x28,0xfa,0x28,0xfa,0x28,0xfa,0x28,0xfa,0x28,0xfa,0x28,0xfa,0x28,0xfa,0x28,0xfa,0x28,0xfa,0x28,0xfa,0x28,0xfa,0x28,0xfa,0x28,0xfa,0x28,0xfa,0x28,0xfa,0x28,0xfa,0x28,0xfa,0x28,0xfa,0x28,0xfa,0x28,0xfa,0x28,0xfa,0x28,0xfa,
    0x28,0xfa,0x28,0xfa,0x28,0xfa,0x28,0xfa,0x28,0xfa,0x28,0xfa,0x28,0xfa,0x28,0xfa,0x28,0xfa,0x28,0xfa,0x28,0xfa,0x28,0xfa,0x28,0xfa,0x28,0xfa,0x28,0xfa,0x28,0xfa,0x28,0xfa,0x28,0xfa,0x28,0xfa,0x28,0xfa,0x28,0xfa,0x28,0xfa,0x28,0xfa,0x28,0xfa,0x28,0xfa,0x28,0xfa,0x28,0xfa,0x28,0xfa,0x28,0xfa,0x28,0xfa,0x28,0xfa,0x28,0xfa,0x28,0xfa,0x28,0xfa,0x28,0xfa,0x28,0xfa,0x28,0xfa,0x28,0xfa,0x28,0xfa,0x28,0xfa,0x28,0xfa,0x28,0xfa,0x28,0xfa,0x28,0xfa,0x28,0xfa,0x28,0xfa,0x28,0xfa,0x28,0xfa,0x28,0xfa,0x28,0xfa,0x28,0xfa,0x28,0xfa,0x28,0xfa,0x28,0xfa,0x28,0xfa,0x28,0xfa,0x28,0xfa,0x28,0xfa,0x28,0xfa,0x28,0xfa,0x28,0xfa,0x28,0xfa,0x28,0xfa,0x28,0xfa,0x28,0xfa,0x28,0xfa,0x28,0xfa,0x28,0xfa,0x28,0xfa,0x28,0xfa,0x28,0xfa,0x28,0xfa,0x28,0xfa,0x28,0xfa,0x28,0xfa,0x28,0xfa,0x28,0xfa,
    0x28,0xfa,0x28,0xfa,0x28,0xfa,0x28,0xfa,0x28,0xfa,0x28,0xfa,0x28,0xfa,0x28,0xfa,0x28,0xfa,0x28,0xfa,0x28,0xfa,0x28,0xfa,0x28,0xfa,0x28,0xfa,0x28,0xfa,0x28,0xfa,0x28,0xfa,0x28,0xfa,0x28,0xfa,0x28,0xfa,0x28,0xfa,0x28,0xfa,0x28,0xfa,0x28,0xfa,0x28,0xfa,0x28,0xfa,0x28,0xfa,0x28,0xfa,0x28,0xfa,0x28,0xfa,0x28,0xfa,0x28,0xfa,0x28,0xfa,0x28,0xfa,0x28,0xfa,0x28,0xfa,0x28,0xfa,0x28,0xfa,0x28,0xfa,0x28,0xfa,0x28,0xfa,0x28,0xfa,0x28,0xfa,0x28,0xfa,0x28,0xfa,0x28,0xfa,0x28,0xfa,0x28,0xfa,0x28,0xfa,0x28,0xfa,0x28,0xfa,0x28,0xfa,0x28,0xfa,0x28,0xfa,0x28,0xfa,0x28,0xfa,0x28,0xfa,0x28,0xfa,0x28,0xfa,0x28,0xfa,0x28,0xfa,0x28,0xfa,0x28,0xfa,0x28,0xfa,0x28,0xfa,0x28,0xfa,0x28,0xfa,0x28,0xfa,0x28,0xfa,0x28,0xfa,0x28,0xfa,0x28,0xfa,0x28,0xfa,0x28,0xfa,0x28,0xfa,0x28,0xfa,0x28,0xfa,
    0x28,0xfa,0x28,0xfa,0x28,0xfa,0x28,0xfa,0x28,0xfa,0x28,0xfa,0x28,0xfa,0x28,0xfa,0x28,0xfa,0x28,0xfa,0x28,0xfa,0x28,0xfa,0x28,0xfa,0x28,0xfa,0x28,0xfa,0x28,0xfa,0x28,0xfa,0x28,0xfa,0x28,0xfa,0x28,0xfa,0x28,0xfa,0x28,0xfa,0x28,0xfa,0x28,0xfa,0x28,0xfa,0x28,0xfa,0x28,0xfa,0x28,0xfa,0x28,0xfa,0x28,0xfa,0x28,0xfa,0x28,0xfa,0x28,0xfa,0x28,0xfa,0x28,0xfa,0x28,0xfa,0x28,0xfa,0x28,0xfa,0x28,0xfa,0x28,0xfa,0x28,0xfa,0x28,0xfa,0x28,0xfa,0x28,0xfa,0x28,0xfa,0x28,0xfa,0x28,0xfa,0x28,0xfa,0x28,0xfa,0x28,0xfa,0x28,0xfa,0x28,0xfa,0x28,0xfa,0x28,0xfa,0x28,0xfa,0x28,0xfa,0x28,0xfa,0x28,0xfa,0x28,0xfa,0x28,0xfa,0x28,0xfa,0x28,0xfa,0x28,0xfa,0x28,0xfa,0x28,0xfa,0x28,0xfa,0x28,0xfa,0x28,0xfa,0x28,0xfa,0x28,0xfa,0x28,0xfa,0x28,0xfa,0x28,0xfa,0x28,0xfa,0x28,0xfa,0x28,0xfa,0x28,0xfa,
    0x28,0xfa,0x28,0xfa,0x28,0xfa,0x28,0xfa,0x28,0xfa,0x28,0xfa,0x28,0xfa,0x28,0xfa,0x28,0xfa,0x28,0xfa,0x28,0xfa,0x28,0xfa,0x28,0xfa,0x28,0xfa,0x28,0xfa,0x28,0xfa,0x28,0xfa,0x28,0xfa,0x28,0xfa,0x28,0xfa,0x28,0xfa,0x28,0xfa,0x28,0xfa,0x28,0xfa,0x28,0xfa,0x28,0xfa,0x28,0xfa,0x28,0xfa,0x28,0xfa,0x28,0xfa,0x28,0xfa,0x28,0xfa,0x28,0xfa,0x28,0xfa,0x28,0xfa,0x28,0xfa,0x28,0xfa,0x28,0xfa,0x28,0xfa,0x28,0xfa,0x28,0xfa,0x28,0xfa,0x28,0xfa,0x28,0xfa,0x28,0xfa,0x28,0xfa,0x28,0xfa,0x28,0xfa,0x28,0xfa,0x28,0xfa,0x28,0xfa,0x28,0xfa,0x28,0xfa,0x28,0xfa,0x28,0xfa,0x28,0xfa,0x28,0xfa,0x28,0xfa,0x28,0xfa,0x28,0xfa,0x28,0xfa,0x28,0xfa,0x28,0xfa,0x28,0xfa,0x28,0xfa,0x28,0xfa,0x28,0xfa,0x28,0xfa,0x28,0xfa,0x28,0xfa,0x28,0xfa,0x28,0xfa,0x28,0xfa,0x28,0xfa,0x28,0xfa,0x28,0xfa,0x28,0xfa,
    0x28,0xfa,0x28,0xfa,0x28,0xfa,0x28,0xfa,0x28,0xfa,0x28,0xfa,0x28,0xfa,0x28,0xfa,0x28,0xfa,0x28,0xfa,0x28,0xfa,0x28,0xfa,0x28,0xfa,0x28,0xfa,0x28,0xfa,0x28,0xfa,0x28,0xfa,0x28,0xfa,0x28,0xfa,0x28,0xfa,0x28,0xfa,0x28,0xfa,0x28,0xfa,0x28,0xfa,0x28,0xfa,0x28,0xfa,0x28,0xfa,0x28,0xfa,0x28,0xfa,0x28,0xfa,0x28,0xfa,0x28,0xfa,0x28,0xfa,0x28,0xfa,0x28,0xfa,0x28,0xfa,0x28,0xfa,0x28,0xfa,0x28,0xfa,0x28,0xfa,0x28,0xfa,0x28,0xfa,0x28,0xfa,0x28,0xfa,0x28,0xfa,0x28,0xfa,0x28,0xfa,0x28,0xfa,0x28,0xfa,0x28,0xfa,0x28,0xfa,0x28,0xfa,0x28,0xfa,0x28,0xfa,0x28,0xfa,0x28,0xfa,0x28,0xfa,0x28,0xfa,0x28,0xfa,0x28,0xfa,0x28,0xfa,0x28,0xfa,0x28,0xfa,0x28,0xfa,0x28,0xfa,0x28,0xfa,0x28,0xfa,0x28,0xfa,0x28,0xfa,0x28,0xfa,0x28,0xfa,0x28,0xfa,0x28,0xfa,0x28,0xfa,0x28,0xfa,0x28,0xfa,0x28,0xfa,
    0x28,0xfa,0x28,0xfa,0x28,0xfa,0x28,0xfa,0x28,0xfa,0x28,0xfa,0x28,0xfa,0x28,0xfa,0x28,0xfa,0x28,0xfa,0x28,0xfa,0x28,0xfa,0x28,0xfa,0x28,0xfa,0x28,0xfa,0x28,0xfa,0x28,0xfa,0x28,0xfa,0x28,0xfa,0x28,0xfa,0x28,0xfa,0x28,0xfa,0x28,0xfa,0x28,0xfa,0x28,0xfa,0x28,0xfa,0x28,0xfa,0x28,0xfa,0x28,0xfa,0x28,0xfa,0x28,0xfa,0x28,0xfa,0x28,0xfa,0x28,0xfa,0x28,0xfa,0x28,0xfa,0x28,0xfa,0x28,0xfa,0x28,0xfa,0x28,0xfa,0x28,0xfa,0x28,0xfa,0x28,0xfa,0x28,0xfa,0x28,0xfa,0x28,0xfa,0x28,0xfa,0x28,0xfa,0x28,0xfa,0x28,0xfa,0x28,0xfa,0x28,0xfa,0x28,0xfa,0x28,0xfa,0x28,0xfa,0x28,0xfa,0x28,0xfa,0x28,0xfa,0x28,0xfa,0x28,0xfa,0x28,0xfa,0x28,0xfa,0x28,0xfa,0x28,0xfa,0x28,0xfa,0x28,0xfa,0x28,0xfa,0x28,0xfa,0x28,0xfa,0x28,0xfa,0x28,0xfa,0x28,0xfa,0x28,0xfa,0x28,0xfa,0x28,0xfa,0x28,0xfa,0x28,0xfa,
    0x00,0x00,0x28,0xfa,0x28,0xfa,0x28,0xfa,0x28,0xfa,0x28,0xfa,0x28,0xfa,0x28,0xfa,0x28,0xfa,0x28,0xfa,0x28,0xfa,0x28,0xfa,0x28,0xfa,0x28,0xfa,0x28,0xfa,0x28,0xfa,0x28,0xfa,0x28,0xfa,0x28,0xfa,0x28,0xfa,0x28,0xfa,0x28,0xfa,0x28,0xfa,0x28,0xfa,0x28,0xfa,0x28,0xfa,0x28,0xfa,0x28,0xfa,0x28,0xfa,0x28,0xfa,0x28,0xfa,0x28,0xfa,0x28,0xfa,0x28,0xfa,0x28,0xfa,0x28,0xfa,0x28,0xfa,0x28,0xfa,0x28,0xfa,0x28,0xfa,0x28,0xfa,0x28,0xfa,0x28,0xfa,0x28,0xfa,0x28,0xfa,0x28,0xfa,0x28,0xfa,0x28,0xfa,0x28,0xfa,0x28,0xfa,0x28,0xfa,0x28,0xfa,0x28,0xfa,0x28,0xfa,0x28,0xfa,0x28,0xfa,0x28,0xfa,0x28,0xfa,0x28,0xfa,0x28,0xfa,0x28,0xfa,0x28,0xfa,0x28,0xfa,0x28,0xfa,0x28,0xfa,0x28,0xfa,0x28,0xfa,0x28,0xfa,0x28,0xfa,0x28,0xfa,0x28,0xfa,0x28,0xfa,0x28,0xfa,0x28,0xfa,0x28,0xfa,0x28,0xfa,0x00,0x00,
    0x00,0x00,0x28,0xfa,0x28,0xfa,0x28,0xfa,0x28,0xfa,0x28,0xfa,0x28,0xfa,0x28,0xfa,0x28,0xfa,0x28,0xfa,0x28,0xfa,0x28,0xfa,0x28,0xfa,0x28,0xfa,0x28,0xfa,0x28,0xfa,0x28,0xfa,0x28,0xfa,0x28,0xfa,0x28,0xfa,0x28,0xfa,0x28,0xfa,0x28,0xfa,0x28,0xfa,0x28,0xfa,0x28,0xfa,0x28,0xfa,0x28,0xfa,0x28,0xfa,0x28,0xfa,0x28,0xfa,0x28,0xfa,0x28,0xfa,0x28,0xfa,0x28,0xfa,0x28,0xfa,0x28,0xfa,0x28,0xfa,0x28,0xfa,0x28,0xfa,0x28,0xfa,0x28,0xfa,0x28,0xfa,0x28,0xfa,0x28,0xfa,0x28,0xfa,0x28,0xfa,0x28,0xfa,0x28,0xfa,0x28,0xfa,0x28,0xfa,0x28,0xfa,0x28,0xfa,0x28,0xfa,0x28,0xfa,0x28,0xfa,0x28,0xfa,0x28,0xfa,0x28,0xfa,0x28,0xfa,0x28,0xfa,0x28,0xfa,0x28,0xfa,0x28,0xfa,0x28,0xfa,0x28,0xfa,0x28,0xfa,0x28,0xfa,0x28,0xfa,0x28,0xfa,0x28,0xfa,0x28,0xfa,0x28,0xfa,0x28,0xfa,0x28,0xfa,0x28,0xfa,0x00,0x00,
    0x00,0x00,0x28,0xfa,0x28,0xfa,0x28,0xfa,0x28,0xfa,0x28,0xfa,0x28,0xfa,0x28,0xfa,0x28,0xfa,0x28,0xfa,0x28,0xfa,0x28,0xfa,0x28,0xfa,0x28,0xfa,0x28,0xfa,0x28,0xfa,0x28,0xfa,0x28,0xfa,0x28,0xfa,0x28,0xfa,0x28,0xfa,0x28,0xfa,0x28,0xfa,0x28,0xfa,0x28,0xfa,0x28,0xfa,0x28,0xfa,0x28,0xfa,0x28,0xfa,0x28,0xfa,0x28,0xfa,0x28,0xfa,0x28,0xfa,0x28,0xfa,0x28,0xfa,0x28,0xfa,0x28,0xfa,0x28,0xfa,0x28,0xfa,0x28,0xfa,0x28,0xfa,0x28,0xfa,0x28,0xfa,0x28,0xfa,0x28,0xfa,0x28,0xfa,0x28,0xfa,0x28,0xfa,0x28,0xfa,0x28,0xfa,0x28,0xfa,0x28,0xfa,0x28,0xfa,0x28,0xfa,0x28,0xfa,0x28,0xfa,0x28,0xfa,0x28,0xfa,0x28,0xfa,0x28,0xfa,0x28,0xfa,0x28,0xfa,0x28,0xfa,0x28,0xfa,0x28,0xfa,0x28,0xfa,0x28,0xfa,0x28,0xfa,0x28,0xfa,0x28,0xfa,0x28,0xfa,0x28,0xfa,0x28,0xfa,0x28,0xfa,0x28,0xfa,0x28,0xfa,0x00,0x00,
    0x00,0x00,0x00,0x00,0x28,0xfa,0x28,0xfa,0x28,0xfa,0x28,0xfa,0x28,0xfa,0x28,0xfa,0x28,0xfa,0x28,0xfa,0x28,0xfa,0x28,0xfa,0x28,0xfa,0x28,0xfa,0x28,0xfa,0x28,0xfa,0x28,0xfa,0x28,0xfa,0x28,0xfa,0x28,0xfa,0x28,0xfa,0x28,0xfa,0x28,0xfa,0x28,0xfa,0x28,0xfa,0x28,0xfa,0x28,0xfa,0x28,0xfa,0x28,0xfa,0x28,0xfa,0x28,0xfa,0x28,0xfa,0x28,0xfa,0x28,0xfa,0x28,0xfa,0x28,0xfa,0x28,0xfa,0x28,0xfa,0x28,0xfa,0x28,0xfa,0x28,0xfa,0x28,0xfa,0x28,0xfa,0x28,0xfa,0x28,0xfa,0x28,0xfa,0x28,0xfa,0x28,0xfa,0x28,0xfa,0x28,0xfa,0x28,0xfa,0x28,0xfa,0x28,0xfa,0x28,0xfa,0x28,0xfa,0x28,0xfa,0x28,0xfa,0x28,0xfa,0x28,0xfa,0x28,0xfa,0x28,0xfa,0x28,0xfa,0x28,0xfa,0x28,0xfa,0x28,0xfa,0x28,0xfa,0x28,0xfa,0x28,0xfa,0x28,0xfa,0x28,0xfa,0x28,0xfa,0x28,0xfa,0x28,0xfa,0x28,0xfa,0x28,0xfa,0x00,0x00,0x00,0x00,
    0x00,0x00,0x00,0x00,0x00,0x00,0x28,0xfa,0x28,0xfa,0x28,0xfa,0x28,0xfa,0x28,0xfa,0x28,0xfa,0x28,0xfa,0x28,0xfa,0x28,0xfa,0x28,0xfa,0x28,0xfa,0x28,0xfa,0x28,0xfa,0x28,0xfa,0x28,0xfa,0x28,0xfa,0x28,0xfa,0x28,0xfa,0x28,0xfa,0x28,0xfa,0x28,0xfa,0x28,0xfa,0x28,0xfa,0x28,0xfa,0x28,0xfa,0x28,0xfa,0x28,0xfa,0x28,0xfa,0x28,0xfa,0x28,0xfa,0x28,0xfa,0x28,0xfa,0x28,0xfa,0x28,0xfa,0x28,0xfa,0x28,0xfa,0x28,0xfa,0x28,0xfa,0x28,0xfa,0x28,0xfa,0x28,0xfa,0x28,0xfa,0x28,0xfa,0x28,0xfa,0x28,0xfa,0x28,0xfa,0x28,0xfa,0x28,0xfa,0x28,0xfa,0x28,0xfa,0x28,0xfa,0x28,0xfa,0x28,0xfa,0x28,0xfa,0x28,0xfa,0x28,0xfa,0x28,0xfa,0x28,0xfa,0x28,0xfa,0x28,0xfa,0x28,0xfa,0x28,0xfa,0x28,0xfa,0x28,0xfa,0x28,0xfa,0x28,0xfa,0x28,0xfa,0x28,0xfa,0x28,0xfa,0x28,0xfa,0x28,0xfa,0x00,0x00,0x00,0x00,0x00,0x00,
    0x00,0x00,0x00,0x00,0x00,0x00,0x28,0xfa,0x28,0xfa,0x28,0xfa,0x28,0xfa,0x28,0xfa,0x28,0xfa,0x28,0xfa,0x28,0xfa,0x28,0xfa,0x28,0xfa,0x28,0xfa,0x28,0xfa,0x28,0xfa,0x28,0xfa,0x28,0xfa,0x28,0xfa,0x28,0xfa,0x28,0xfa,0x28,0xfa,0x28,0xfa,0x28,0xfa,0x28,0xfa,0x28,0xfa,0x28,0xfa,0x28,0xfa,0x28,0xfa,0x28,0xfa,0x28,0xfa,0x28,0xfa,0x28,0xfa,0x28,0xfa,0x28,0xfa,0x28,0xfa,0x28,0xfa,0x28,0xfa,0x28,0xfa,0x28,0xfa,0x28,0xfa,0x28,0xfa,0x28,0xfa,0x28,0xfa,0x28,0xfa,0x28,0xfa,0x28,0xfa,0x28,0xfa,0x28,0xfa,0x28,0xfa,0x28,0xfa,0x28,0xfa,0x28,0xfa,0x28,0xfa,0x28,0xfa,0x28,0xfa,0x28,0xfa,0x28,0xfa,0x28,0xfa,0x28,0xfa,0x28,0xfa,0x28,0xfa,0x28,0xfa,0x28,0xfa,0x28,0xfa,0x28,0xfa,0x28,0xfa,0x28,0xfa,0x28,0xfa,0x28,0xfa,0x28,0xfa,0x28,0xfa,0x28,0xfa,0x28,0xfa,0x00,0x00,0x00,0x00,0x00,0x00,
    0x00,0x00,0x00,0x00,0x00,0x00,0x00,0x00,0x28,0xfa,0x28,0xfa,0x28,0xfa,0x28,0xfa,0x28,0xfa,0x28,0xfa,0x28,0xfa,0x28,0xfa,0x28,0xfa,0x28,0xfa,0x28,0xfa,0x28,0xfa,0x28,0xfa,0x28,0xfa,0x28,0xfa,0x28,0xfa,0x28,0xfa,0x28,0xfa,0x28,0xfa,0x28,0xfa,0x28,0xfa,0x28,0xfa,0x28,0xfa,0x28,0xfa,0x28,0xfa,0x28,0xfa,0x28,0xfa,0x28,0xfa,0x28,0xfa,0x28,0xfa,0x28,0xfa,0x28,0xfa,0x28,0xfa,0x28,0xfa,0x28,0xfa,0x28,0xfa,0x28,0xfa,0x28,0xfa,0x28,0xfa,0x28,0xfa,0x28,0xfa,0x28,0xfa,0x28,0xfa,0x28,0xfa,0x28,0xfa,0x28,0xfa,0x28,0xfa,0x28,0xfa,0x28,0xfa,0x28,0xfa,0x28,0xfa,0x28,0xfa,0x28,0xfa,0x28,0xfa,0x28,0xfa,0x28,0xfa,0x28,0xfa,0x28,0xfa,0x28,0xfa,0x28,0xfa,0x28,0xfa,0x28,0xfa,0x28,0xfa,0x28,0xfa,0x28,0xfa,0x28,0xfa,0x28,0xfa,0x28,0xfa,0x28,0xfa,0x00,0x00,0x00,0x00,0x00,0x00,0x00,0x00,
    0x00,0x00,0x00,0x00,0x00,0x00,0x00,0x00,0x00,0x00,0x28,0xfa,0x28,0xfa,0x28,0xfa,0x28,0xfa,0x28,0xfa,0x28,0xfa,0x28,0xfa,0x28,0xfa,0x28,0xfa,0x28,0xfa,0x28,0xfa,0x28,0xfa,0x28,0xfa,0x28,0xfa,0x28,0xfa,0x28,0xfa,0x28,0xfa,0x28,0xfa,0x28,0xfa,0x28,0xfa,0x28,0xfa,0x28,0xfa,0x28,0xfa,0x28,0xfa,0x28,0xfa,0x28,0xfa,0x28,0xfa,0x28,0xfa,0x28,0xfa,0x28,0xfa,0x28,0xfa,0x28,0xfa,0x28,0xfa,0x28,0xfa,0x28,0xfa,0x28,0xfa,0x28,0xfa,0x28,0xfa,0x28,0xfa,0x28,0xfa,0x28,0xfa,0x28,0xfa,0x28,0xfa,0x28,0xfa,0x28,0xfa,0x28,0xfa,0x28,0xfa,0x28,0xfa,0x28,0xfa,0x28,0xfa,0x28,0xfa,0x28,0xfa,0x28,0xfa,0x28,0xfa,0x28,0xfa,0x28,0xfa,0x28,0xfa,0x28,0xfa,0x28,0xfa,0x28,0xfa,0x28,0xfa,0x28,0xfa,0x28,0xfa,0x28,0xfa,0x28,0xfa,0x28,0xfa,0x28,0xfa,0x00,0x00,0x00,0x00,0x00,0x00,0x00,0x00,0x00,0x00,
    0x00,0x00,0x00,0x00,0x00,0x00,0x00,0x00,0x00,0x00,0x28,0xfa,0x28,0xfa,0x28,0xfa,0x28,0xfa,0x28,0xfa,0x28,0xfa,0x28,0xfa,0x28,0xfa,0x28,0xfa,0x28,0xfa,0x28,0xfa,0x28,0xfa,0x28,0xfa,0x28,0xfa,0x28,0xfa,0x28,0xfa,0x28,0xfa,0x28,0xfa,0x28,0xfa,0x28,0xfa,0x28,0xfa,0x28,0xfa,0x28,0xfa,0x28,0xfa,0x28,0xfa,0x28,0xfa,0x28,0xfa,0x28,0xfa,0x28,0xfa,0x28,0xfa,0x28,0xfa,0x28,0xfa,0x28,0xfa,0x28,0xfa,0x28,0xfa,0x28,0xfa,0x28,0xfa,0x28,0xfa,0x28,0xfa,0x28,0xfa,0x28,0xfa,0x28,0xfa,0x28,0xfa,0x28,0xfa,0x28,0xfa,0x28,0xfa,0x28,0xfa,0x28,0xfa,0x28,0xfa,0x28,0xfa,0x28,0xfa,0x28,0xfa,0x28,0xfa,0x28,0xfa,0x28,0xfa,0x28,0xfa,0x28,0xfa,0x28,0xfa,0x28,0xfa,0x28,0xfa,0x28,0xfa,0x28,0xfa,0x28,0xfa,0x28,0xfa,0x28,0xfa,0x28,0xfa,0x28,0xfa,0x00,0x00,0x00,0x00,0x00,0x00,0x00,0x00,0x00,0x00,
    0x00,0x00,0x00,0x00,0x00,0x00,0x00,0x00,0x00,0x00,0x00,0x00,0x28,0xfa,0x28,0xfa,0x28,0xfa,0x28,0xfa,0x28,0xfa,0x28,0xfa,0x28,0xfa,0x28,0xfa,0x28,0xfa,0x28,0xfa,0x28,0xfa,0x28,0xfa,0x28,0xfa,0x28,0xfa,0x28,0xfa,0x28,0xfa,0x28,0xfa,0x28,0xfa,0x28,0xfa,0x28,0xfa,0x28,0xfa,0x28,0xfa,0x28,0xfa,0x28,0xfa,0x28,0xfa,0x28,0xfa,0x28,0xfa,0x28,0xfa,0x28,0xfa,0x28,0xfa,0x28,0xfa,0x28,0xfa,0x28,0xfa,0x28,0xfa,0x28,0xfa,0x28,0xfa,0x28,0xfa,0x28,0xfa,0x28,0xfa,0x28,0xfa,0x28,0xfa,0x28,0xfa,0x28,0xfa,0x28,0xfa,0x28,0xfa,0x28,0xfa,0x28,0xfa,0x28,0xfa,0x28,0xfa,0x28,0xfa,0x28,0xfa,0x28,0xfa,0x28,0xfa,0x28,0xfa,0x28,0xfa,0x28,0xfa,0x28,0xfa,0x28,0xfa,0x28,0xfa,0x28,0xfa,0x28,0xfa,0x28,0xfa,0x28,0xfa,0x28,0xfa,0x28,0xfa,0x00,0x00,0x00,0x00,0x00,0x00,0x00,0x00,0x00,0x00,0x00,0x00,
    0x00,0x00,0x00,0x00,0x00,0x00,0x00,0x00,0x00,0x00,0x00,0x00,0x00,0x00,0x28,0xfa,0x28,0xfa,0x28,0xfa,0x28,0xfa,0x28,0xfa,0x28,0xfa,0x28,0xfa,0x28,0xfa,0x28,0xfa,0x28,0xfa,0x28,0xfa,0x28,0xfa,0x28,0xfa,0x28,0xfa,0x28,0xfa,0x28,0xfa,0x28,0xfa,0x28,0xfa,0x28,0xfa,0x28,0xfa,0x28,0xfa,0x28,0xfa,0x28,0xfa,0x28,0xfa,0x28,0xfa,0x28,0xfa,0x28,0xfa,0x28,0xfa,0x28,0xfa,0x28,0xfa,0x28,0xfa,0x28,0xfa,0x28,0xfa,0x28,0xfa,0x28,0xfa,0x28,0xfa,0x28,0xfa,0x28,0xfa,0x28,0xfa,0x28,0xfa,0x28,0xfa,0x28,0xfa,0x28,0xfa,0x28,0xfa,0x28,0xfa,0x28,0xfa,0x28,0xfa,0x28,0xfa,0x28,0xfa,0x28,0xfa,0x28,0xfa,0x28,0xfa,0x28,0xfa,0x28,0xfa,0x28,0xfa,0x28,0xfa,0x28,0xfa,0x28,0xfa,0x28,0xfa,0x28,0xfa,0x28,0xfa,0x28,0xfa,0x28,0xfa,0x00,0x00,0x00,0x00,0x00,0x00,0x00,0x00,0x00,0x00,0x00,0x00,0x00,0x00,
    0x00,0x00,0x00,0x00,0x00,0x00,0x00,0x00,0x00,0x00,0x00,0x00,0x00,0x00,0x00,0x00,0x28,0xfa,0x28,0xfa,0x28,0xfa,0x28,0xfa,0x28,0xfa,0x28,0xfa,0x28,0xfa,0x28,0xfa,0x28,0xfa,0x28,0xfa,0x28,0xfa,0x28,0xfa,0x28,0xfa,0x28,0xfa,0x28,0xfa,0x28,0xfa,0x28,0xfa,0x28,0xfa,0x28,0xfa,0x28,0xfa,0x28,0xfa,0x28,0xfa,0x28,0xfa,0x28,0xfa,0x28,0xfa,0x28,0xfa,0x28,0xfa,0x28,0xfa,0x28,0xfa,0x28,0xfa,0x28,0xfa,0x28,0xfa,0x28,0xfa,0x28,0xfa,0x28,0xfa,0x28,0xfa,0x28,0xfa,0x28,0xfa,0x28,0xfa,0x28,0xfa,0x28,0xfa,0x28,0xfa,0x28,0xfa,0x28,0xfa,0x28,0xfa,0x28,0xfa,0x28,0xfa,0x28,0xfa,0x28,0xfa,0x28,0xfa,0x28,0xfa,0x28,0xfa,0x28,0xfa,0x28,0xfa,0x28,0xfa,0x28,0xfa,0x28,0xfa,0x28,0xfa,0x28,0xfa,0x28,0xfa,0x28,0xfa,0x00,0x00,0x00,0x00,0x00,0x00,0x00,0x00,0x00,0x00,0x00,0x00,0x00,0x00,0x00,0x00,
    0x00,0x00,0x00,0x00,0x00,0x00,0x00,0x00,0x00,0x00,0x00,0x00,0x00,0x00,0x00,0x00,0x00,0x00,0x28,0xfa,0x28,0xfa,0x28,0xfa,0x28,0xfa,0x28,0xfa,0x28,0xfa,0x28,0xfa,0x28,0xfa,0x28,0xfa,0x28,0xfa,0x28,0xfa,0x28,0xfa,0x28,0xfa,0x28,0xfa,0x28,0xfa,0x28,0xfa,0x28,0xfa,0x28,0xfa,0x28,0xfa,0x28,0xfa,0x28,0xfa,0x28,0xfa,0x28,0xfa,0x28,0xfa,0x28,0xfa,0x28,0xfa,0x28,0xfa,0x28,0xfa,0x28,0xfa,0x28,0xfa,0x28,0xfa,0x28,0xfa,0x28,0xfa,0x28,0xfa,0x28,0xfa,0x28,0xfa,0x28,0xfa,0x28,0xfa,0x28,0xfa,0x28,0xfa,0x28,0xfa,0x28,0xfa,0x28,0xfa,0x28,0xfa,0x28,0xfa,0x28,0xfa,0x28,0xfa,0x28,0xfa,0x28,0xfa,0x28,0xfa,0x28,0xfa,0x28,0xfa,0x28,0xfa,0x28,0xfa,0x28,0xfa,0x28,0xfa,0x28,0xfa,0x28,0xfa,0x28,0xfa,0x00,0x00,0x00,0x00,0x00,0x00,0x00,0x00,0x00,0x00,0x00,0x00,0x00,0x00,0x00,0x00,0x00,0x00,
    0x00,0x00,0x00,0x00,0x00,0x00,0x00,0x00,0x00,0x00,0x00,0x00,0x00,0x00,0x00,0x00,0x00,0x00,0x00,0x00,0x28,0xfa,0x28,0xfa,0x28,0xfa,0x28,0xfa,0x28,0xfa,0x28,0xfa,0x28,0xfa,0x28,0xfa,0x28,0xfa,0x28,0xfa,0x28,0xfa,0x28,0xfa,0x28,0xfa,0x28,0xfa,0x28,0xfa,0x28,0xfa,0x28,0xfa,0x28,0xfa,0x28,0xfa,0x28,0xfa,0x28,0xfa,0x28,0xfa,0x28,0xfa,0x28,0xfa,0x28,0xfa,0x28,0xfa,0x28,0xfa,0x28,0xfa,0x28,0xfa,0x28,0xfa,0x28,0xfa,0x28,0xfa,0x28,0xfa,0x28,0xfa,0x28,0xfa,0x28,0xfa,0x28,0xfa,0x28,0xfa,0x28,0xfa,0x28,0xfa,0x28,0xfa,0x28,0xfa,0x28,0xfa,0x28,0xfa,0x28,0xfa,0x28,0xfa,0x28,0xfa,0x28,0xfa,0x28,0xfa,0x28,0xfa,0x28,0xfa,0x28,0xfa,0x28,0xfa,0x28,0xfa,0x28,0xfa,0x28,0xfa,0x28,0xfa,0x00,0x00,0x00,0x00,0x00,0x00,0x00,0x00,0x00,0x00,0x00,0x00,0x00,0x00,0x00,0x00,0x00,0x00,0x00,0x00,
    0x00,0x00,0x00,0x00,0x00,0x00,0x00,0x00,0x00,0x00,0x00,0x00,0x00,0x00,0x00,0x00,0x00,0x00,0x00,0x00,0x00,0x00,0x28,0xfa,0x28,0xfa,0x28,0xfa,0x28,0xfa,0x28,0xfa,0x28,0xfa,0x28,0xfa,0x28,0xfa,0x28,0xfa,0x28,0xfa,0x28,0xfa,0x28,0xfa,0x28,0xfa,0x28,0xfa,0x28,0xfa,0x28,0xfa,0x28,0xfa,0x28,0xfa,0x28,0xfa,0x28,0xfa,0x28,0xfa,0x28,0xfa,0x28,0xfa,0x28,0xfa,0x28,0xfa,0x28,0xfa,0x28,0xfa,0x28,0xfa,0x28,0xfa,0x28,0xfa,0x28,0xfa,0x28,0xfa,0x28,0xfa,0x28,0xfa,0x28,0xfa,0x28,0xfa,0x28,0xfa,0x28,0xfa,0x28,0xfa,0x28,0xfa,0x28,0xfa,0x28,0xfa,0x28,0xfa,0x28,0xfa,0x28,0xfa,0x28,0xfa,0x28,0xfa,0x28,0xfa,0x28,0xfa,0x28,0xfa,0x28,0xfa,0x28,0xfa,0x28,0xfa,0x28,0xfa,0x28,0xfa,0x00,0x00,0x00,0x00,0x00,0x00,0x00,0x00,0x00,0x00,0x00,0x00,0x00,0x00,0x00,0x00,0x00,0x00,0x00,0x00,0x00,0x00,
    0x00,0x00,0x00,0x00,0x00,0x00,0x00,0x00,0x00,0x00,0x00,0x00,0x00,0x00,0x00,0x00,0x00,0x00,0x00,0x00,0x00,0x00,0x00,0x00,0x28,0xfa,0x28,0xfa,0x28,0xfa,0x28,0xfa,0x28,0xfa,0x28,0xfa,0x28,0xfa,0x28,0xfa,0x28,0xfa,0x28,0xfa,0x28,0xfa,0x28,0xfa,0x28,0xfa,0x28,0xfa,0x28,0xfa,0x28,0xfa,0x28,0xfa,0x28,0xfa,0x28,0xfa,0x28,0xfa,0x28,0xfa,0x28,0xfa,0x28,0xfa,0x28,0xfa,0x28,0xfa,0x28,0xfa,0x28,0xfa,0x28,0xfa,0x28,0xfa,0x28,0xfa,0x28,0xfa,0x28,0xfa,0x28,0xfa,0x28,0xfa,0x28,0xfa,0x28,0xfa,0x28,0xfa,0x28,0xfa,0x28,0xfa,0x28,0xfa,0x28,0xfa,0x28,0xfa,0x28,0xfa,0x28,0xfa,0x28,0xfa,0x28,0xfa,0x28,0xfa,0x28,0xfa,0x28,0xfa,0x28,0xfa,0x28,0xfa,0x28,0xfa,0x28,0xfa,0x00,0x00,0x00,0x00,0x00,0x00,0x00,0x00,0x00,0x00,0x00,0x00,0x00,0x00,0x00,0x00,0x00,0x00,0x00,0x00,0x00,0x00,0x00,0x00,
    0x00,0x00,0x00,0x00,0x00,0x00,0x00,0x00,0x00,0x00,0x00,0x00,0x00,0x00,0x00,0x00,0x00,0x00,0x00,0x00,0x00,0x00,0x00,0x00,0x00,0x00,0x28,0xfa,0x28,0xfa,0x28,0xfa,0x28,0xfa,0x28,0xfa,0x28,0xfa,0x28,0xfa,0x28,0xfa,0x28,0xfa,0x28,0xfa,0x28,0xfa,0x28,0xfa,0x28,0xfa,0x28,0xfa,0x28,0xfa,0x28,0xfa,0x28,0xfa,0x28,0xfa,0x28,0xfa,0x28,0xfa,0x28,0xfa,0x28,0xfa,0x28,0xfa,0x28,0xfa,0x28,0xfa,0x28,0xfa,0x28,0xfa,0x28,0xfa,0x28,0xfa,0x28,0xfa,0x28,0xfa,0x28,0xfa,0x28,0xfa,0x28,0xfa,0x28,0xfa,0x28,0xfa,0x28,0xfa,0x28,0xfa,0x28,0xfa,0x28,0xfa,0x28,0xfa,0x28,0xfa,0x28,0xfa,0x28,0xfa,0x28,0xfa,0x28,0xfa,0x28,0xfa,0x28,0xfa,0x28,0xfa,0x28,0xfa,0x28,0xfa,0x00,0x00,0x00,0x00,0x00,0x00,0x00,0x00,0x00,0x00,0x00,0x00,0x00,0x00,0x00,0x00,0x00,0x00,0x00,0x00,0x00,0x00,0x00,0x00,0x00,0x00,
    0x00,0x00,0x00,0x00,0x00,0x00,0x00,0x00,0x00,0x00,0x00,0x00,0x00,0x00,0x00,0x00,0x00,0x00,0x00,0x00,0x00,0x00,0x00,0x00,0x00,0x00,0x00,0x00,0x28,0xfa,0x28,0xfa,0x28,0xfa,0x28,0xfa,0x28,0xfa,0x28,0xfa,0x28,0xfa,0x28,0xfa,0x28,0xfa,0x28,0xfa,0x28,0xfa,0x28,0xfa,0x28,0xfa,0x28,0xfa,0x28,0xfa,0x28,0xfa,0x28,0xfa,0x28,0xfa,0x28,0xfa,0x28,0xfa,0x28,0xfa,0x28,0xfa,0x28,0xfa,0x28,0xfa,0x28,0xfa,0x28,0xfa,0x28,0xfa,0x28,0xfa,0x28,0xfa,0x28,0xfa,0x28,0xfa,0x28,0xfa,0x28,0xfa,0x28,0xfa,0x28,0xfa,0x28,0xfa,0x28,0xfa,0x28,0xfa,0x28,0xfa,0x28,0xfa,0x28,0xfa,0x28,0xfa,0x28,0xfa,0x28,0xfa,0x28,0xfa,0x28,0xfa,0x28,0xfa,0x28,0xfa,0x28,0xfa,0x00,0x00,0x00,0x00,0x00,0x00,0x00,0x00,0x00,0x00,0x00,0x00,0x00,0x00,0x00,0x00,0x00,0x00,0x00,0x00,0x00,0x00,0x00,0x00,0x00,0x00,0x00,0x00,
    0x00,0x00,0x00,0x00,0x00,0x00,0x00,0x00,0x00,0x00,0x00,0x00,0x00,0x00,0x00,0x00,0x00,0x00,0x00,0x00,0x00,0x00,0x00,0x00,0x00,0x00,0x00,0x00,0x00,0x00,0x28,0xfa,0x28,0xfa,0x28,0xfa,0x28,0xfa,0x28,0xfa,0x28,0xfa,0x28,0xfa,0x28,0xfa,0x28,0xfa,0x28,0xfa,0x28,0xfa,0x28,0xfa,0x28,0xfa,0x28,0xfa,0x28,0xfa,0x28,0xfa,0x28,0xfa,0x28,0xfa,0x28,0xfa,0x28,0xfa,0x28,0xfa,0x28,0xfa,0x28,0xfa,0x28,0xfa,0x28,0xfa,0x28,0xfa,0x28,0xfa,0x28,0xfa,0x28,0xfa,0x28,0xfa,0x28,0xfa,0x28,0xfa,0x28,0xfa,0x28,0xfa,0x28,0xfa,0x28,0xfa,0x28,0xfa,0x28,0xfa,0x28,0xfa,0x28,0xfa,0x28,0xfa,0x28,0xfa,0x28,0xfa,0x28,0xfa,0x28,0xfa,0x28,0xfa,0x28,0xfa,0x00,0x00,0x00,0x00,0x00,0x00,0x00,0x00,0x00,0x00,0x00,0x00,0x00,0x00,0x00,0x00,0x00,0x00,0x00,0x00,0x00,0x00,0x00,0x00,0x00,0x00,0x00,0x00,0x00,0x00,
    0x00,0x00,0x00,0x00,0x00,0x00,0x00,0x00,0x00,0x00,0x00,0x00,0x00,0x00,0x00,0x00,0x00,0x00,0x00,0x00,0x00,0x00,0x00,0x00,0x00,0x00,0x00,0x00,0x00,0x00,0x00,0x00,0x28,0xfa,0x28,0xfa,0x28,0xfa,0x28,0xfa,0x28,0xfa,0x28,0xfa,0x28,0xfa,0x28,0xfa,0x28,0xfa,0x28,0xfa,0x28,0xfa,0x28,0xfa,0x28,0xfa,0x28,0xfa,0x28,0xfa,0x28,0xfa,0x28,0xfa,0x28,0xfa,0x28,0xfa,0x28,0xfa,0x28,0xfa,0x28,0xfa,0x28,0xfa,0x28,0xfa,0x28,0xfa,0x28,0xfa,0x28,0xfa,0x28,0xfa,0x28,0xfa,0x28,0xfa,0x28,0xfa,0x28,0xfa,0x28,0xfa,0x28,0xfa,0x28,0xfa,0x28,0xfa,0x28,0xfa,0x28,0xfa,0x28,0xfa,0x28,0xfa,0x28,0xfa,0x28,0xfa,0x28,0xfa,0x28,0xfa,0x28,0xfa,0x00,0x00,0x00,0x00,0x00,0x00,0x00,0x00,0x00,0x00,0x00,0x00,0x00,0x00,0x00,0x00,0x00,0x00,0x00,0x00,0x00,0x00,0x00,0x00,0x00,0x00,0x00,0x00,0x00,0x00,0x00,0x00,
    0x00,0x00,0x00,0x00,0x00,0x00,0x00,0x00,0x00,0x00,0x00,0x00,0x00,0x00,0x00,0x00,0x00,0x00,0x00,0x00,0x00,0x00,0x00,0x00,0x00,0x00,0x00,0x00,0x00,0x00,0x00,0x00,0x00,0x00,0x28,0xfa,0x28,0xfa,0x28,0xfa,0x28,0xfa,0x28,0xfa,0x28,0xfa,0x28,0xfa,0x28,0xfa,0x28,0xfa,0x28,0xfa,0x28,0xfa,0x28,0xfa,0x28,0xfa,0x28,0xfa,0x28,0xfa,0x28,0xfa,0x28,0xfa,0x28,0xfa,0x28,0xfa,0x28,0xfa,0x28,0xfa,0x28,0xfa,0x28,0xfa,0x28,0xfa,0x28,0xfa,0x28,0xfa,0x28,0xfa,0x28,0xfa,0x28,0xfa,0x28,0xfa,0x28,0xfa,0x28,0xfa,0x28,0xfa,0x28,0xfa,0x28,0xfa,0x28,0xfa,0x28,0xfa,0x28,0xfa,0x28,0xfa,0x28,0xfa,0x28,0xfa,0x28,0xfa,0x28,0xfa,0x00,0x00,0x00,0x00,0x00,0x00,0x00,0x00,0x00,0x00,0x00,0x00,0x00,0x00,0x00,0x00,0x00,0x00,0x00,0x00,0x00,0x00,0x00,0x00,0x00,0x00,0x00,0x00,0x00,0x00,0x00,0x00,0x00,0x00,
    0x00,0x00,0x00,0x00,0x00,0x00,0x00,0x00,0x00,0x00,0x00,0x00,0x00,0x00,0x00,0x00,0x00,0x00,0x00,0x00,0x00,0x00,0x00,0x00,0x00,0x00,0x00,0x00,0x00,0x00,0x00,0x00,0x00,0x00,0x00,0x00,0x28,0xfa,0x28,0xfa,0x28,0xfa,0x28,0xfa,0x28,0xfa,0x28,0xfa,0x28,0xfa,0x28,0xfa,0x28,0xfa,0x28,0xfa,0x28,0xfa,0x28,0xfa,0x28,0xfa,0x28,0xfa,0x28,0xfa,0x28,0xfa,0x28,0xfa,0x28,0xfa,0x28,0xfa,0x28,0xfa,0x28,0xfa,0x28,0xfa,0x28,0xfa,0x28,0xfa,0x28,0xfa,0x28,0xfa,0x28,0xfa,0x28,0xfa,0x28,0xfa,0x28,0xfa,0x28,0xfa,0x28,0xfa,0x28,0xfa,0x28,0xfa,0x28,0xfa,0x28,0xfa,0x28,0xfa,0x28,0xfa,0x28,0xfa,0x28,0xfa,0x28,0xfa,0x00,0x00,0x00,0x00,0x00,0x00,0x00,0x00,0x00,0x00,0x00,0x00,0x00,0x00,0x00,0x00,0x00,0x00,0x00,0x00,0x00,0x00,0x00,0x00,0x00,0x00,0x00,0x00,0x00,0x00,0x00,0x00,0x00,0x00,0x00,0x00,
    0x00,0x00,0x00,0x00,0x00,0x00,0x00,0x00,0x00,0x00,0x00,0x00,0x00,0x00,0x00,0x00,0x00,0x00,0x00,0x00,0x00,0x00,0x00,0x00,0x00,0x00,0x00,0x00,0x00,0x00,0x00,0x00,0x00,0x00,0x00,0x00,0x00,0x00,0x28,0xfa,0x28,0xfa,0x28,0xfa,0x28,0xfa,0x28,0xfa,0x28,0xfa,0x28,0xfa,0x28,0xfa,0x28,0xfa,0x28,0xfa,0x28,0xfa,0x28,0xfa,0x28,0xfa,0x28,0xfa,0x28,0xfa,0x28,0xfa,0x28,0xfa,0x28,0xfa,0x28,0xfa,0x28,0xfa,0x28,0xfa,0x28,0xfa,0x28,0xfa,0x28,0xfa,0x28,0xfa,0x28,0xfa,0x28,0xfa,0x28,0xfa,0x28,0xfa,0x28,0xfa,0x28,0xfa,0x28,0xfa,0x28,0xfa,0x28,0xfa,0x28,0xfa,0x28,0xfa,0x28,0xfa,0x28,0xfa,0x28,0xfa,0x00,0x00,0x00,0x00,0x00,0x00,0x00,0x00,0x00,0x00,0x00,0x00,0x00,0x00,0x00,0x00,0x00,0x00,0x00,0x00,0x00,0x00,0x00,0x00,0x00,0x00,0x00,0x00,0x00,0x00,0x00,0x00,0x00,0x00,0x00,0x00,0x00,0x00,
    0x00,0x00,0x00,0x00,0x00,0x00,0x00,0x00,0x00,0x00,0x00,0x00,0x00,0x00,0x00,0x00,0x00,0x00,0x00,0x00,0x00,0x00,0x00,0x00,0x00,0x00,0x00,0x00,0x00,0x00,0x00,0x00,0x00,0x00,0x00,0x00,0x00,0x00,0x00,0x00,0x28,0xfa,0x28,0xfa,0x28,0xfa,0x28,0xfa,0x28,0xfa,0x28,0xfa,0x28,0xfa,0x28,0xfa,0x28,0xfa,0x28,0xfa,0x28,0xfa,0x28,0xfa,0x28,0xfa,0x28,0xfa,0x28,0xfa,0x28,0xfa,0x28,0xfa,0x28,0xfa,0x28,0xfa,0x28,0xfa,0x28,0xfa,0x28,0xfa,0x28,0xfa,0x28,0xfa,0x28,0xfa,0x28,0xfa,0x28,0xfa,0x28,0xfa,0x28,0xfa,0x28,0xfa,0x28,0xfa,0x28,0xfa,0x28,0xfa,0x28,0xfa,0x28,0xfa,0x28,0xfa,0x28,0xfa,0x00,0x00,0x00,0x00,0x00,0x00,0x00,0x00,0x00,0x00,0x00,0x00,0x00,0x00,0x00,0x00,0x00,0x00,0x00,0x00,0x00,0x00,0x00,0x00,0x00,0x00,0x00,0x00,0x00,0x00,0x00,0x00,0x00,0x00,0x00,0x00,0x00,0x00,0x00,0x00,
    0x00,0x00,0x00,0x00,0x00,0x00,0x00,0x00,0x00,0x00,0x00,0x00,0x00,0x00,0x00,0x00,0x00,0x00,0x00,0x00,0x00,0x00,0x00,0x00,0x00,0x00,0x00,0x00,0x00,0x00,0x00,0x00,0x00,0x00,0x00,0x00,0x00,0x00,0x00,0x00,0x00,0x00,0x28,0xfa,0x28,0xfa,0x28,0xfa,0x28,0xfa,0x28,0xfa,0x28,0xfa,0x28,0xfa,0x28,0xfa,0x28,0xfa,0x28,0xfa,0x28,0xfa,0x28,0xfa,0x28,0xfa,0x28,0xfa,0x28,0xfa,0x28,0xfa,0x28,0xfa,0x28,0xfa,0x28,0xfa,0x28,0xfa,0x28,0xfa,0x28,0xfa,0x28,0xfa,0x28,0xfa,0x28,0xfa,0x28,0xfa,0x28,0xfa,0x28,0xfa,0x28,0xfa,0x28,0xfa,0x28,0xfa,0x28,0xfa,0x28,0xfa,0x28,0xfa,0x28,0xfa,0x00,0x00,0x00,0x00,0x00,0x00,0x00,0x00,0x00,0x00,0x00,0x00,0x00,0x00,0x00,0x00,0x00,0x00,0x00,0x00,0x00,0x00,0x00,0x00,0x00,0x00,0x00,0x00,0x00,0x00,0x00,0x00,0x00,0x00,0x00,0x00,0x00,0x00,0x00,0x00,0x00,0x00,
    0x00,0x00,0x00,0x00,0x00,0x00,0x00,0x00,0x00,0x00,0x00,0x00,0x00,0x00,0x00,0x00,0x00,0x00,0x00,0x00,0x00,0x00,0x00,0x00,0x00,0x00,0x00,0x00,0x00,0x00,0x00,0x00,0x00,0x00,0x00,0x00,0x00,0x00,0x00,0x00,0x00,0x00,0x00,0x00,0x28,0xfa,0x28,0xfa,0x28,0xfa,0x28,0xfa,0x28,0xfa,0x28,0xfa,0x28,0xfa,0x28,0xfa,0x28,0xfa,0x28,0xfa,0x28,0xfa,0x28,0xfa,0x28,0xfa,0x28,0xfa,0x28,0xfa,0x28,0xfa,0x28,0xfa,0x28,0xfa,0x28,0xfa,0x28,0xfa,0x28,0xfa,0x28,0xfa,0x28,0xfa,0x28,0xfa,0x28,0xfa,0x28,0xfa,0x28,0xfa,0x28,0xfa,0x28,0xfa,0x28,0xfa,0x28,0xfa,0x28,0xfa,0x28,0xfa,0x00,0x00,0x00,0x00,0x00,0x00,0x00,0x00,0x00,0x00,0x00,0x00,0x00,0x00,0x00,0x00,0x00,0x00,0x00,0x00,0x00,0x00,0x00,0x00,0x00,0x00,0x00,0x00,0x00,0x00,0x00,0x00,0x00,0x00,0x00,0x00,0x00,0x00,0x00,0x00,0x00,0x00,0x00,0x00,
    0x00,0x00,0x00,0x00,0x00,0x00,0x00,0x00,0x00,0x00,0x00,0x00,0x00,0x00,0x00,0x00,0x00,0x00,0x00,0x00,0x00,0x00,0x00,0x00,0x00,0x00,0x00,0x00,0x00,0x00,0x00,0x00,0x00,0x00,0x00,0x00,0x00,0x00,0x00,0x00,0x00,0x00,0x00,0x00,0x00,0x00,0x28,0xfa,0x28,0xfa,0x28,0xfa,0x28,0xfa,0x28,0xfa,0x28,0xfa,0x28,0xfa,0x28,0xfa,0x28,0xfa,0x28,0xfa,0x28,0xfa,0x28,0xfa,0x28,0xfa,0x28,0xfa,0x28,0xfa,0x28,0xfa,0x28,0xfa,0x28,0xfa,0x28,0xfa,0x28,0xfa,0x28,0xfa,0x28,0xfa,0x28,0xfa,0x28,0xfa,0x28,0xfa,0x28,0xfa,0x28,0xfa,0x28,0xfa,0x28,0xfa,0x28,0xfa,0x28,0xfa,0x00,0x00,0x00,0x00,0x00,0x00,0x00,0x00,0x00,0x00,0x00,0x00,0x00,0x00,0x00,0x00,0x00,0x00,0x00,0x00,0x00,0x00,0x00,0x00,0x00,0x00,0x00,0x00,0x00,0x00,0x00,0x00,0x00,0x00,0x00,0x00,0x00,0x00,0x00,0x00,0x00,0x00,0x00,0x00,0x00,0x00,
    0x00,0x00,0x00,0x00,0x00,0x00,0x00,0x00,0x00,0x00,0x00,0x00,0x00,0x00,0x00,0x00,0x00,0x00,0x00,0x00,0x00,0x00,0x00,0x00,0x00,0x00,0x00,0x00,0x00,0x00,0x00,0x00,0x00,0x00,0x00,0x00,0x00,0x00,0x00,0x00,0x00,0x00,0x00,0x00,0x00,0x00,0x00,0x00,0x28,0xfa,0x28,0xfa,0x28,0xfa,0x28,0xfa,0x28,0xfa,0x28,0xfa,0x28,0xfa,0x28,0xfa,0x28,0xfa,0x28,0xfa,0x28,0xfa,0x28,0xfa,0x28,0xfa,0x28,0xfa,0x28,0xfa,0x28,0xfa,0x28,0xfa,0x28,0xfa,0x28,0xfa,0x28,0xfa,0x28,0xfa,0x28,0xfa,0x28,0xfa,0x28,0xfa,0x28,0xfa,0x28,0xfa,0x28,0xfa,0x28,0xfa,0x28,0xfa,0x00,0x00,0x00,0x00,0x00,0x00,0x00,0x00,0x00,0x00,0x00,0x00,0x00,0x00,0x00,0x00,0x00,0x00,0x00,0x00,0x00,0x00,0x00,0x00,0x00,0x00,0x00,0x00,0x00,0x00,0x00,0x00,0x00,0x00,0x00,0x00,0x00,0x00,0x00,0x00,0x00,0x00,0x00,0x00,0x00,0x00,0x00,0x00,
    0x00,0x00,0x00,0x00,0x00,0x00,0x00,0x00,0x00,0x00,0x00,0x00,0x00,0x00,0x00,0x00,0x00,0x00,0x00,0x00,0x00,0x00,0x00,0x00,0x00,0x00,0x00,0x00,0x00,0x00,0x00,0x00,0x00,0x00,0x00,0x00,0x00,0x00,0x00,0x00,0x00,0x00,0x00,0x00,0x00,0x00,0x00,0x00,0x00,0x00,0x28,0xfa,0x28,0xfa,0x28,0xfa,0x28,0xfa,0x28,0xfa,0x28,0xfa,0x28,0xfa,0x28,0xfa,0x28,0xfa,0x28,0xfa,0x28,0xfa,0x28,0xfa,0x28,0xfa,0x28,0xfa,0x28,0xfa,0x28,0xfa,0x28,0xfa,0x28,0xfa,0x28,0xfa,0x28,0xfa,0x28,0xfa,0x28,0xfa,0x28,0xfa,0x28,0xfa,0x28,0xfa,0x28,0xfa,0x28,0xfa,0x00,0x00,0x00,0x00,0x00,0x00,0x00,0x00,0x00,0x00,0x00,0x00,0x00,0x00,0x00,0x00,0x00,0x00,0x00,0x00,0x00,0x00,0x00,0x00,0x00,0x00,0x00,0x00,0x00,0x00,0x00,0x00,0x00,0x00,0x00,0x00,0x00,0x00,0x00,0x00,0x00,0x00,0x00,0x00,0x00,0x00,0x00,0x00,0x00,0x00,
    0x00,0x00,0x00,0x00,0x00,0x00,0x00,0x00,0x00,0x00,0x00,0x00,0x00,0x00,0x00,0x00,0x00,0x00,0x00,0x00,0x00,0x00,0x00,0x00,0x00,0x00,0x00,0x00,0x00,0x00,0x00,0x00,0x00,0x00,0x00,0x00,0x00,0x00,0x00,0x00,0x00,0x00,0x00,0x00,0x00,0x00,0x00,0x00,0x00,0x00,0x00,0x00,0x28,0xfa,0x28,0xfa,0x28,0xfa,0x28,0xfa,0x28,0xfa,0x28,0xfa,0x28,0xfa,0x28,0xfa,0x28,0xfa,0x28,0xfa,0x28,0xfa,0x28,0xfa,0x28,0xfa,0x28,0xfa,0x28,0xfa,0x28,0xfa,0x28,0xfa,0x28,0xfa,0x28,0xfa,0x28,0xfa,0x28,0xfa,0x28,0xfa,0x28,0xfa,0x28,0xfa,0x28,0xfa,0x00,0x00,0x00,0x00,0x00,0x00,0x00,0x00,0x00,0x00,0x00,0x00,0x00,0x00,0x00,0x00,0x00,0x00,0x00,0x00,0x00,0x00,0x00,0x00,0x00,0x00,0x00,0x00,0x00,0x00,0x00,0x00,0x00,0x00,0x00,0x00,0x00,0x00,0x00,0x00,0x00,0x00,0x00,0x00,0x00,0x00,0x00,0x00,0x00,0x00,0x00,0x00,
    0x00,0x00,0x00,0x00,0x00,0x00,0x00,0x00,0x00,0x00,0x00,0x00,0x00,0x00,0x00,0x00,0x00,0x00,0x00,0x00,0x00,0x00,0x00,0x00,0x00,0x00,0x00,0x00,0x00,0x00,0x00,0x00,0x00,0x00,0x00,0x00,0x00,0x00,0x00,0x00,0x00,0x00,0x00,0x00,0x00,0x00,0x00,0x00,0x00,0x00,0x00,0x00,0x00,0x00,0x28,0xfa,0x28,0xfa,0x28,0xfa,0x28,0xfa,0x28,0xfa,0x28,0xfa,0x28,0xfa,0x28,0xfa,0x28,0xfa,0x28,0xfa,0x28,0xfa,0x28,0xfa,0x28,0xfa,0x28,0xfa,0x28,0xfa,0x28,0xfa,0x28,0xfa,0x28,0xfa,0x28,0xfa,0x28,0xfa,0x28,0xfa,0x28,0xfa,0x28,0xfa,0x00,0x00,0x00,0x00,0x00,0x00,0x00,0x00,0x00,0x00,0x00,0x00,0x00,0x00,0x00,0x00,0x00,0x00,0x00,0x00,0x00,0x00,0x00,0x00,0x00,0x00,0x00,0x00,0x00,0x00,0x00,0x00,0x00,0x00,0x00,0x00,0x00,0x00,0x00,0x00,0x00,0x00,0x00,0x00,0x00,0x00,0x00,0x00,0x00,0x00,0x00,0x00,0x00,0x00,
    0x00,0x00,0x00,0x00,0x00,0x00,0x00,0x00,0x00,0x00,0x00,0x00,0x00,0x00,0x00,0x00,0x00,0x00,0x00,0x00,0x00,0x00,0x00,0x00,0x00,0x00,0x00,0x00,0x00,0x00,0x00,0x00,0x00,0x00,0x00,0x00,0x00,0x00,0x00,0x00,0x00,0x00,0x00,0x00,0x00,0x00,0x00,0x00,0x00,0x00,0x00,0x00,0x00,0x00,0x00,0x00,0x28,0xfa,0x28,0xfa,0x28,0xfa,0x28,0xfa,0x28,0xfa,0x28,0xfa,0x28,0xfa,0x28,0xfa,0x28,0xfa,0x28,0xfa,0x28,0xfa,0x28,0xfa,0x28,0xfa,0x28,0xfa,0x28,0xfa,0x28,0xfa,0x28,0xfa,0x28,0xfa,0x28,0xfa,0x28,0xfa,0x28,0xfa,0x00,0x00,0x00,0x00,0x00,0x00,0x00,0x00,0x00,0x00,0x00,0x00,0x00,0x00,0x00,0x00,0x00,0x00,0x00,0x00,0x00,0x00,0x00,0x00,0x00,0x00,0x00,0x00,0x00,0x00,0x00,0x00,0x00,0x00,0x00,0x00,0x00,0x00,0x00,0x00,0x00,0x00,0x00,0x00,0x00,0x00,0x00,0x00,0x00,0x00,0x00,0x00,0x00,0x00,0x00,0x00,
    0x00,0x00,0x00,0x00,0x00,0x00,0x00,0x00,0x00,0x00,0x00,0x00,0x00,0x00,0x00,0x00,0x00,0x00,0x00,0x00,0x00,0x00,0x00,0x00,0x00,0x00,0x00,0x00,0x00,0x00,0x00,0x00,0x00,0x00,0x00,0x00,0x00,0x00,0x00,0x00,0x00,0x00,0x00,0x00,0x00,0x00,0x00,0x00,0x00,0x00,0x00,0x00,0x00,0x00,0x00,0x00,0x00,0x00,0x28,0xfa,0x28,0xfa,0x28,0xfa,0x28,0xfa,0x28,0xfa,0x28,0xfa,0x28,0xfa,0x28,0xfa,0x28,0xfa,0x28,0xfa,0x28,0xfa,0x28,0xfa,0x28,0xfa,0x28,0xfa,0x28,0xfa,0x28,0xfa,0x28,0xfa,0x28,0xfa,0x28,0xfa,0x00,0x00,0x00,0x00,0x00,0x00,0x00,0x00,0x00,0x00,0x00,0x00,0x00,0x00,0x00,0x00,0x00,0x00,0x00,0x00,0x00,0x00,0x00,0x00,0x00,0x00,0x00,0x00,0x00,0x00,0x00,0x00,0x00,0x00,0x00,0x00,0x00,0x00,0x00,0x00,0x00,0x00,0x00,0x00,0x00,0x00,0x00,0x00,0x00,0x00,0x00,0x00,0x00,0x00,0x00,0x00,0x00,0x00,
    0x00,0x00,0x00,0x00,0x00,0x00,0x00,0x00,0x00,0x00,0x00,0x00,0x00,0x00,0x00,0x00,0x00,0x00,0x00,0x00,0x00,0x00,0x00,0x00,0x00,0x00,0x00,0x00,0x00,0x00,0x00,0x00,0x00,0x00,0x00,0x00,0x00,0x00,0x00,0x00,0x00,0x00,0x00,0x00,0x00,0x00,0x00,0x00,0x00,0x00,0x00,0x00,0x00,0x00,0x00,0x00,0x00,0x00,0x00,0x00,0x28,0xfa,0x28,0xfa,0x28,0xfa,0x28,0xfa,0x28,0xfa,0x28,0xfa,0x28,0xfa,0x28,0xfa,0x28,0xfa,0x28,0xfa,0x28,0xfa,0x28,0xfa,0x28,0xfa,0x28,0xfa,0x28,0xfa,0x28,0xfa,0x28,0xfa,0x00,0x00,0x00,0x00,0x00,0x00,0x00,0x00,0x00,0x00,0x00,0x00,0x00,0x00,0x00,0x00,0x00,0x00,0x00,0x00,0x00,0x00,0x00,0x00,0x00,0x00,0x00,0x00,0x00,0x00,0x00,0x00,0x00,0x00,0x00,0x00,0x00,0x00,0x00,0x00,0x00,0x00,0x00,0x00,0x00,0x00,0x00,0x00,0x00,0x00,0x00,0x00,0x00,0x00,0x00,0x00,0x00,0x00,0x00,0x00,
    0x00,0x00,0x00,0x00,0x00,0x00,0x00,0x00,0x00,0x00,0x00,0x00,0x00,0x00,0x00,0x00,0x00,0x00,0x00,0x00,0x00,0x00,0x00,0x00,0x00,0x00,0x00,0x00,0x00,0x00,0x00,0x00,0x00,0x00,0x00,0x00,0x00,0x00,0x00,0x00,0x00,0x00,0x00,0x00,0x00,0x00,0x00,0x00,0x00,0x00,0x00,0x00,0x00,0x00,0x00,0x00,0x00,0x00,0x00,0x00,0x00,0x00,0x28,0xfa,0x28,0xfa,0x28,0xfa,0x28,0xfa,0x28,0xfa,0x28,0xfa,0x28,0xfa,0x28,0xfa,0x28,0xfa,0x28,0xfa,0x28,0xfa,0x28,0xfa,0x28,0xfa,0x28,0xfa,0x28,0xfa,0x00,0x00,0x00,0x00,0x00,0x00,0x00,0x00,0x00,0x00,0x00,0x00,0x00,0x00,0x00,0x00,0x00,0x00,0x00,0x00,0x00,0x00,0x00,0x00,0x00,0x00,0x00,0x00,0x00,0x00,0x00,0x00,0x00,0x00,0x00,0x00,0x00,0x00,0x00,0x00,0x00,0x00,0x00,0x00,0x00,0x00,0x00,0x00,0x00,0x00,0x00,0x00,0x00,0x00,0x00,0x00,0x00,0x00,0x00,0x00,0x00,0x00,
    0x00,0x00,0x00,0x00,0x00,0x00,0x00,0x00,0x00,0x00,0x00,0x00,0x00,0x00,0x00,0x00,0x00,0x00,0x00,0x00,0x00,0x00,0x00,0x00,0x00,0x00,0x00,0x00,0x00,0x00,0x00,0x00,0x00,0x00,0x00,0x00,0x00,0x00,0x00,0x00,0x00,0x00,0x00,0x00,0x00,0x00,0x00,0x00,0x00,0x00,0x00,0x00,0x00,0x00,0x00,0x00,0x00,0x00,0x00,0x00,0x00,0x00,0x00,0x00,0x28,0xfa,0x28,0xfa,0x28,0xfa,0x28,0xfa,0x28,0xfa,0x28,0xfa,0x28,0xfa,0x28,0xfa,0x28,0xfa,0x28,0xfa,0x28,0xfa,0x28,0xfa,0x28,0xfa,0x00,0x00,0x00,0x00,0x00,0x00,0x00,0x00,0x00,0x00,0x00,0x00,0x00,0x00,0x00,0x00,0x00,0x00,0x00,0x00,0x00,0x00,0x00,0x00,0x00,0x00,0x00,0x00,0x00,0x00,0x00,0x00,0x00,0x00,0x00,0x00,0x00,0x00,0x00,0x00,0x00,0x00,0x00,0x00,0x00,0x00,0x00,0x00,0x00,0x00,0x00,0x00,0x00,0x00,0x00,0x00,0x00,0x00,0x00,0x00,0x00,0x00,0x00,0x00,
    0x00,0x00,0x00,0x00,0x00,0x00,0x00,0x00,0x00,0x00,0x00,0x00,0x00,0x00,0x00,0x00,0x00,0x00,0x00,0x00,0x00,0x00,0x00,0x00,0x00,0x00,0x00,0x00,0x00,0x00,0x00,0x00,0x00,0x00,0x00,0x00,0x00,0x00,0x00,0x00,0x00,0x00,0x00,0x00,0x00,0x00,0x00,0x00,0x00,0x00,0x00,0x00,0x00,0x00,0x00,0x00,0x00,0x00,0x00,0x00,0x00,0x00,0x00,0x00,0x00,0x00,0x00,0x00,0x28,0xfa,0x28,0xfa,0x28,0xfa,0x28,0xfa,0x28,0xfa,0x28,0xfa,0x28,0xfa,0x28,0xfa,0x28,0xfa,0x00,0x00,0x00,0x00,0x00,0x00,0x00,0x00,0x00,0x00,0x00,0x00,0x00,0x00,0x00,0x00,0x00,0x00,0x00,0x00,0x00,0x00,0x00,0x00,0x00,0x00,0x00,0x00,0x00,0x00,0x00,0x00,0x00,0x00,0x00,0x00,0x00,0x00,0x00,0x00,0x00,0x00,0x00,0x00,0x00,0x00,0x00,0x00,0x00,0x00,0x00,0x00,0x00,0x00,0x00,0x00,0x00,0x00,0x00,0x00,0x00,0x00,0x00,0x00,0x00,0x00,0x00,0x00,
    0x00,0x00,0x00,0x00,0x00,0x00,0x00,0x00,0x00,0x00,0x00,0x00,0x00,0x00,0x00,0x01,0x30,0x70,0xa7,0xcd,0xed,0xfc,0xff,0xfe,0xee,0xd1,0xad,0x78,0x38,0x03,0x00,0x00,0x00,0x00,0x00,0x00,0x00,0x00,0x00,0x00,0x00,0x00,0x00,0x00,0x00,0x00,0x00,0x03,0x38,0x78,0xad,0xd1,0xee,0xfe,0xff,0xfc,0xed,0xcd,0xa7,0x70,0x30,0x01,0x00,0x00,0x00,0x00,0x00,0x00,0x00,0x00,0x00,0x00,0x00,0x00,0x00,0x00,0x00,0x00,0x00,0x00,0x00,0x00,0x00,0x00,0x00,0x00,0x00,0x00,0x00,0x00,0x22,0x88,0xe2,0xff,0xff,0xff,0xff,0xff,0xff,0xff,0xff,0xff,0xff,0xff,0xff,0xff,0xe9,0x92,0x2c,0x00,0x00,0x00,0x00,0x00,0x00,0x00,0x00,0x00,0x00,0x00,0x00,0x00,0x2c,0x92,0xe9,0xff,0xff,0xff,0xff,0xff,0xff,0xff,0xff,0xff,0xff,0xff,0xff,0xff,0xe2,0x88,0x22,0x00,0x00,0x00,0x00,0x00,0x00,0x00,0x00,0x00,0x00,0x00,0x00,0x00,
    0x00,0x00,0x00,0x00,0x00,0x00,0x00,0x00,0x00,0x00,0x00,0x25,0xa7,0xfc,0xff,0xff,0xff,0xff,0xff,0xff,0xff,0xff,0xff,0xff,0xff,0xff,0xff,0xff,0xff,0xff,0xff,0xff,0xb4,0x31,0x00,0x00,0x00,0x00,0x00,0x00,0x00,0x00,0x00,0x31,0xb4,0xff,0xff,0xff,0xff,0xff,0xff,0xff,0xff,0xff,0xff,0xff,0xff,0xff,0xff,0xff,0xff,0xff,0xff,0xfc,0xa7,0x25,0x00,0x00,0x00,0x00,0x00,0x00,0x00,0x00,0x00,0x00,0x00,0x00,0x00,0x00,0x00,0x00,0x00,0x00,0x00,0x00,0x07,0x85,0xf9,0xff,0xff,0xff,0xff,0xff,0xff,0xff,0xff,0xff,0xff,0xff,0xff,0xff,0xff,0xff,0xff,0xff,0xff,0xff,0xff,0xff,0xfd,0x95,0x0e,0x00,0x00,0x00,0x00,0x00,0x0e,0x95,0xfd,0xff,0xff,0xff,0xff,0xff,0xff,0xff,0xff,0xff,0xff,0xff,0xff,0xff,0xff,0xff,0xff,0xff,0xff,0xff,0xff,0xff,0xf9,0x85,0x07,0x00,0x00,0x00,0x00,0x00,0x00,0x00,0x00,0x00,
    0x00,0x00,0x00,0x00,0x00,0x00,0x00,0x00,0x25,0xd0,0xff,0xff,0xff,0xff,0xff,0xff,0xff,0xff,0xff,0xff,0xff,0xff,0xff,0xff,0xff,0xff,0xff,0xff,0xff,0xff,0xff,0xff,0xff,0xff,0xff,0xdd,0x33,0x00,0x00,0x00,0x33,0xdd,0xff,0xff,0xff,0xff,0xff,0xff,0xff,0xff,0xff,0xff,0xff,0xff,0xff,0xff,0xff,0xff,0xff,0xff,0xff,0xff,0xff,0xff,0xff,0xff,0xff,0xd0,0x25,0x00,0x00,0x00,0x00,0x00,0x00,0x00,0x00,0x00,0x00,0x00,0x00,0x00,0x00,0x00,0x40,0xf1,0xff,0xff,0xff,0xff,0xff,0xff,0xff,0xff,0xff,0xff,0xff,0xff,0xff,0xff,0xff,0xff,0xff,0xff,0xff,0xff,0xff,0xff,0xff,0xff,0xff,0xff,0xff,0xf9,0x54,0x00,0x54,0xf9,0xff,0xff,0xff,0xff,0xff,0xff,0xff,0xff,0xff,0xff,0xff,0xff,0xff,0xff,0xff,0xff,0xff,0xff,0xff,0xff,0xff,0xff,0xff,0xff,0xff,0xff,0xff,0xf1,0x40,0x00,0x00,0x00,0x00,0x00,0x00,0x00,
    0x00,0x00,0x00,0x00,0x00,0x00,0x4e,0xf9,0xff,0xff,0xff,0xff,0xff,0xff,0xff,0xff,0xff,0xff,0xff,0xff,0xff,0xff,0xff,0xff,0xff,0xff,0xff,0xff,0xff,0xff,0xff,0xff,0xff,0xff,0xff,0xff,0xff,0xfd,0xa4,0xfd,0xff,0xff,0xff,0xff,0xff,0xff,0xff,0xff,0xff,0xff,0xff,0xff,0xff,0xff,0xff,0xff,0xff,0xff,0xff,0xff,0xff,0xff,0xff,0xff,0xff,0xff,0xff,0xff,0xff,0xf9,0x4e,0x00,0x00,0x00,0x00,0x00,0x00,0x00,0x00,0x00,0x00,0x00,0x3f,0xf9,0xff,0xff,0xff,0xff,0xff,0xff,0xff,0xff,0xff,0xff,0xff,0xff,0xff,0xff,0xff,0xff,0xff,0xff,0xff,0xff,0xff,0xff,0xff,0xff,0xff,0xff,0xff,0xff,0xff,0xff,0xff,0xff,0xff,0xff,0xff,0xff,0xff,0xff,0xff,0xff,0xff,0xff,0xff,0xff,0xff,0xff,0xff,0xff,0xff,0xff,0xff,0xff,0xff,0xff,0xff,0xff,0xff,0xff,0xff,0xff,0xff,0xff,0xff,0xf9,0x3f,0x00,0x00,0x00,0x00,0x00,
    0x00,0x00,0x00,0x00,0x24,0xf1,0xff,0xff,0xff,0xff,0xff,0xff,0xff,0xff,0xff,0xff,0xff,0xff,0xff,0xff,0xff,0xff,0xff,0xff,0xff,0xff,0xff,0xff,0xff,0xff,0xff,0xff,0xff,0xff,0xff,0xff,0xff,0xff,0xff,0xff,0xff,0xff,0xff,0xff,0xff,0xff,0xff,0xff,0xff,0xff,0xff,0xff,0xff,0xff,0xff,0xff,0xff,0xff,0xff,0xff,0xff,0xff,0xff,0xff,0xff,0xff,0xff,0xff,0xff,0xff,0xff,0xf1,0x24,0x00,0x00,0x00,0x00,0x00,0x00,0x00,0x06,0xcc,0xff,0xff,0xff,0xff,0xff,0xff,0xff,0xff,0xff,0xff,0xff,0xff,0xff,0xff,0xff,0xff,0xff,0xff,0xff,0xff,0xff,0xff,0xff,0xff,0xff,0xff,0xff,0xff,0xff,0xff,0xff,0xff,0xff,0xff,0xff,0xff,0xff,0xff,0xff,0xff,0xff,0xff,0xff,0xff,0xff,0xff,0xff,0xff,0xff,0xff,0xff,0xff,0xff,0xff,0xff,0xff,0xff,0xff,0xff,0xff,0xff,0xff,0xff,0xff,0xff,0xff,0xff,0xcc,0x06,0x00,0x00,0x00,
    0x00,0x00,0x00,0x80,0xff,0xff,0xff,0xff,0xff,0xff,0xff,0xff,0xff,0xff,0xff,0xff,0xff,0xff,0xff,0xff,0xff,0xff,0xff,0xff,0xff,0xff,0xff,0xff,0xff,0xff,0xff,0xff,0xff,0xff,0xff,0xff,0xff,0xff,0xff,0xff,0xff,0xff,0xff,0xff,0xff,0xff,0xff,0xff,0xff,0xff,0xff,0xff,0xff,0xff,0xff,0xff,0xff,0xff,0xff,0xff,0xff,0xff,0xff,0xff,0xff,0xff,0xff,0xff,0xff,0xff,0xff,0xff,0xff,0x80,0x00,0x00,0x00,0x00,0x00,0x20,0xf7,0xff,0xff,0xff,0xff,0xff,0xff,0xff,0xff,0xff,0xff,0xff,0xff,0xff,0xff,0xff,0xff,0xff,0xff,0xff,0xff,0xff,0xff,0xff,0xff,0xff,0xff,0xff,0xff,0xff,0xff,0xff,0xff,0xff,0xff,0xff,0xff,0xff,0xff,0xff,0xff,0xff,0xff,0xff,0xff,0xff,0xff,0xff,0xff,0xff,0xff,0xff,0xff,0xff,0xff,0xff,0xff,0xff,0xff,0xff,0xff,0xff,0xff,0xff,0xff,0xff,0xff,0xff,0xff,0xff,0xf7,0x20,0x00,0x00,
    0x00,0x00,0xa1,0xff,0xff,0xff,0xff,0xff,0xff,0xff,0xff,0xff,0xff,0xff,0xff,0xff,0xff,0xff,0xff,0xff,0xff,0xff,0xff,0xff,0xff,0xff,0xff,0xff,0xff,0xff,0xff,0xff,0xff,0xff,0xff,0xff,0xff,0xff,0xff,0xff,0xff,0xff,0xff,0xff,0xff,0xff,0xff,0xff,0xff,0xff,0xff,0xff,0xff,0xff,0xff,0xff,0xff,0xff,0xff,0xff,0xff,0xff,0xff,0xff,0xff,0xff,0xff,0xff,0xff,0xff,0xff,0xff,0xff,0xff,0xa1,0x00,0x00,0x00,0x1d,0xfa,0xff,0xff,0xff,0xff,0xff,0xff,0xff,0xff,0xff,0xff,0xff,0xff,0xff,0xff,0xff,0xff,0xff,0xff,0xff,0xff,0xff,0xff,0xff,0xff,0xff,0xff,0xff,0xff,0xff,0xff,0xff,0xff,0xff,0xff,0xff,0xff,0xff,0xff,0xff,0xff,0xff,0xff,0xff,0xff,0xff,0xff,0xff,0xff,0xff,0xff,0xff,0xff,0xff,0xff,0xff,0xff,0xff,0xff,0xff,0xff,0xff,0xff,0xff,0xff,0xff,0xff,0xff,0xff,0xff,0xff,0xff,0xfa,0x1d,0x00,
    0x00,0x82,0xff,0xff,0xff,0xff,0xff,0xff,0xff,0xff,0xff,0xff,0xff,0xff,0xff,0xff,0xff,0xff,0xff,0xff,0xff,0xff,0xff,0xff,0xff,0xff,0xff,0xff,0xff,0xff,0xff,0xff,0xff,0xff,0xff,0xff,0xff,0xff,0xff,0xff,0xff,0xff,0xff,0xff,0xff,0xff,0xff,0xff,0xff,0xff,0xff,0xff,0xff,0xff,0xff,0xff,0xff,0xff,0xff,0xff,0xff,0xff,0xff,0xff,0xff,0xff,0xff,0xff,0xff,0xff,0xff,0xff,0xff,0xff,0xff,0x82,0x00,0x00,0xdb,0xff,0xff,0xff,0xff,0xff,0xff,0xff,0xff,0xff,0xff,0xff,0xff,0xff,0xff,0xff,0xff,0xff,0xff,0xff,0xff,0xff,0xff,0xff,0xff,0xff,0xff,0xff,0xff,0xff,0xff,0xff,0xff,0xff,0xff,0xff,0xff,0xff,0xff,0xff,0xff,0xff,0xff,0xff,0xff,0xff,0xff,0xff,0xff,0xff,0xff,0xff,0xff,0xff,0xff,0xff,0xff,0xff,0xff,0xff,0xff,0xff,0xff,0xff,0xff,0xff,0xff,0xff,0xff,0xff,0xff,0xff,0xff,0xff,0xdb,0x00,
    0x2c,0xff,0xff,0xff,0xff,0xff,0xff,0xff,0xff,0xff,0xff,0xff,0xff,0xff,0xff,0xff,0xff,0xff,0xff,0xff,0xff,0xff,0xff,0xff,0xff,0xff,0xff,0xff,0xff,0xff,0xff,0xff,0xff,0xff,0xff,0xff,0xff,0xff,0xff,0xff,0xff,0xff,0xff,0xff,0xff,0xff,0xff,0xff,0xff,0xff,0xff,0xff,0xff,0xff,0xff,0xff,0xff,0xff,0xff,0xff,0xff,0xff,0xff,0xff,0xff,0xff,0xff,0xff,0xff,0xff,0xff,0xff,0xff,0xff,0xff,0xff,0x2c,0x6a,0xff,0xff,0xff,0xff,0xff,0xff,0xff,0xff,0xff,0xff,0xff,0xff,0xff,0xff,0xff,0xff,0xff,0xff,0xff,0xff,0xff,0xff,0xff,0xff,0xff,0xff,0xff,0xff,0xff,0xff,0xff,0xff,0xff,0xff,0xff,0xff,0xff,0xff,0xff,0xff,0xff,0xff,0xff,0xff,0xff,0xff,0xff,0xff,0xff,0xff,0xff,0xff,0xff,0xff,0xff,0xff,0xff,0xff,0xff,0xff,0xff,0xff,0xff,0xff,0xff,0xff,0xff,0xff,0xff,0xff,0xff,0xff,0xff,0xff,0xff,0x6a,
    0xa2,0xff,0xff,0xff,0xff,0xff,0xff,0xff,0xff,0xff,0xff,0xff,0xff,0xff,0xff,0xff,0xff,0xff,0xff,0xff,0xff,0xff,0xff,0xff,0xff,0xff,0xff,0xff,0xff,0xff,0xff,0xff,0xff,0xff,0xff,0xff,0xff,0xff,0xff,0xff,0xff,0xff,0xff,0xff,0xff,0xff,0xff,0xff,0xff,0xff,0xff,0xff,0xff,0xff,0xff,0xff,0xff,0xff,0xff,0xff,0xff,0xff,0xff,0xff,0xff,0xff,0xff,0xff,0xff,0xff,0xff,0xff,0xff,0xff,0xff,0xff,0xa2,0xc8,0xff,0xff,0xff,0xff,0xff,0xff,0xff,0xff,0xff,0xff,0xff,0xff,0xff,0xff,0xff,0xff,0xff,0xff,0xff,0xff,0xff,0xff,0xff,0xff,0xff,0xff,0xff,0xff,0xff,0xff,0xff,0xff,0xff,0xff,0xff,0xff,0xff,0xff,0xff,0xff,0xff,0xff,0xff,0xff,0xff,0xff,0xff,0xff,0xff,0xff,0xff,0xff,0xff,0xff,0xff,0xff,0xff,0xff,0xff,0xff,0xff,0xff,0xff,0xff,0xff,0xff,0xff,0xff,0xff,0xff,0xff,0xff,0xff,0xff,0xff,0xc8,
    0xea,0xff,0xff,0xff,0xff,0xff,0xff,0xff,0xff,0xff,0xff,0xff,0xff,0xff,0xff,0xff,0xff,0xff,0xff,0xff,0xff,0xff,0xff,0xff,0xff,0xff,0xff,0xff,0xff,0xff,0xff,0xff,0xff,0xff,0xff,0xff,0xff,0xff,0xff,0xff,0xff,0xff,0xff,0xff,0xff,0xff,0xff,0xff,0xff,0xff,0xff,0xff,0xff,0xff,0xff,0xff,0xff,0xff,0xff,0xff,0xff,0xff,0xff,0xff,0xff,0xff,0xff,0xff,0xff,0xff,0xff,0xff,0xff,0xff,0xff,0xff,0xea,0xfa,0xff,0xff,0xff,0xff,0xff,0xff,0xff,0xff,0xff,0xff,0xff,0xff,0xff,0xff,0xff,0xff,0xff,0xff,0xff,0xff,0xff,0xff,0xff,0xff,0xff,0xff,0xff,0xff,0xff,0xff,0xff,0xff,0xff,0xff,0xff,0xff,0xff,0xff,0xff,0xff,0xff,0xff,0xff,0xff,0xff,0xff,0xff,0xff,0xff,0xff,0xff,0xff,0xff,0xff,0xff,0xff,0xff,0xff,0xff,0xff,0xff,0xff,0xff,0xff,0xff,0xff,0xff,0xff,0xff,0xff,0xff,0xff,0xff,0xff,0xff,0xfa,
    0xff,0xff,0xff,0xff,0xff,0xff,0xff,0xff,0xff,0xff,0xff,0xff,0xff,0xff,0xff,0xff,0xff,0xff,0xff,0xff,0xff,0xff,0xff,0xff,0xff,0xff,0xff,0xff,0xff,0xff,0xff,0xff,0xff,0xff,0xff,0xff,0xff,0xff,0xff,0xff,0xff,0xff,0xff,0xff,0xff,0xff,0xff,0xff,0xff,0xff,0xff,0xff,0xff,0xff,0xff,0xff,0xff,0xff,0xff,0xff,0xff,0xff,0xff,0xff,0xff,0xff,0xff,0xff,0xff,0xff,0xff,0xff,0xff,0xff,0xff,0xff,0xff,0xff,0xff,0xff,0xff,0xff,0xff,0xff,0xff,0xff,0xff,0xff,0xff,0xff,0xff,0xff,0xff,0xff,0xff,0xff,0xff,0xff,0xff,0xff,0xff,0xff,0xff,0xff,0xff,0xff,0xff,0xff,0xff,0xff,0xff,0xff,0xff,0xff,0xff,0xff,0xff,0xff,0xff,0xff,0xff,0xff,0xff,0xff,0xff,0xff,0xff,0xff,0xff,0xff,0xff,0xff,0xff,0xff,0xff,0xff,0xff,0xff,0xff,0xff,0xff,0xff,0xff,0xff,0xff,0xff,0xff,0xff,0xff,0xff,0xff,0xff,0xff,0xff,
    0xf1,0xff,0xff,0xff,0xff,0xff,0xff,0xff,0xff,0xff,0xff,0xff,0xff,0xff,0xff,0xff,0xff,0xff,0xff,0xff,0xff,0xff,0xff,0xff,0xff,0xff,0xff,0xff,0xff,0xff,0xff,0xff,0xff,0xff,0xff,0xff,0xff,0xff,0xff,0xff,0xff,0xff,0xff,0xff,0xff,0xff,0xff,0xff,0xff,0xff,0xff,0xff,0xff,0xff,0xff,0xff,0xff,0xff,0xff,0xff,0xff,0xff,0xff,0xff,0xff,0xff,0xff,0xff,0xff,0xff,0xff,0xff,0xff,0xff,0xff,0xff,0xf1,0xd8,0xff,0xff,0xff,0xff,0xff,0xff,0xff,0xff,0xff,0xff,0xff,0xff,0xff,0xff,0xff,0xff,0xff,0xff,0xff,0xff,0xff,0xff,0xff,0xff,0xff,0xff,0xff,0xff,0xff,0xff,0xff,0xff,0xff,0xff,0xff,0xff,0xff,0xff,0xff,0xff,0xff,0xff,0xff,0xff,0xff,0xff,0xff,0xff,0xff,0xff,0xff,0xff,0xff,0xff,0xff,0xff,0xff,0xff,0xff,0xff,0xff,0xff,0xff,0xff,0xff,0xff,0xff,0xff,0xff,0xff,0xff,0xff,0xff,0xff,0xff,0xd8,
    0xb3,0xff,0xff,0xff,0xff,0xff,0xff,0xff,0xff,0xff,0xff,0xff,0xff,0xff,0xff,0xff,0xff,0xff,0xff,0xff,0xff,0xff,0xff,0xff,0xff,0xff,0xff,0xff,0xff,0xff,0xff,0xff,0xff,0xff,0xff,0xff,0xff,0xff,0xff,0xff,0xff,0xff,0xff,0xff,0xff,0xff,0xff,0xff,0xff,0xff,0xff,0xff,0xff,0xff,0xff,0xff,0xff,0xff,0xff,0xff,0xff,0xff,0xff,0xff,0xff,0xff,0xff,0xff,0xff,0xff,0xff,0xff,0xff,0xff,0xff,0xff,0xb3,0x84,0xff,0xff,0xff,0xff,0xff,0xff,0xff,0xff,0xff,0xff,0xff,0xff,0xff,0xff,0xff,0xff,0xff,0xff,0xff,0xff,0xff,0xff,0xff,0xff,0xff,0xff,0xff,0xff,0xff,0xff,0xff,0xff,0xff,0xff,0xff,0xff,0xff,0xff,0xff,0xff,0xff,0xff,0xff,0xff,0xff,0xff,0xff,0xff,0xff,0xff,0xff,0xff,0xff,0xff,0xff,0xff,0xff,0xff,0xff,0xff,0xff,0xff,0xff,0xff,0xff,0xff,0xff,0xff,0xff,0xff,0xff,0xff,0xff,0xff,0xff,0x84,
    0x45,0xff,0xff,0xff,0xff,0xff,0xff,0xff,0xff,0xff,0xff,0xff,0xff,0xff,0xff,0xff,0xff,0xff,0xff,0xff,0xff,0xff,0xff,0xff,0xff,0xff,0xff,0xff,0xff,0xff,0xff,0xff,0xff,0xff,0xff,0xff,0xff,0xff,0xff,0xff,0xff,0xff,0xff,0xff,0xff,0xff,0xff,0xff,0xff,0xff,0xff,0xff,0xff,0xff,0xff,0xff,0xff,0xff,0xff,0xff,0xff,0xff,0xff,0xff,0xff,0xff,0xff,0xff,0xff,0xff,0xff,0xff,0xff,0xff,0xff,0xff,0x45,0x0a,0xf4,0xff,0xff,0xff,0xff,0xff,0xff,0xff,0xff,0xff,0xff,0xff,0xff,0xff,0xff,0xff,0xff,0xff,0xff,0xff,0xff,0xff,0xff,0xff,0xff,0xff,0xff,0xff,0xff,0xff,0xff,0xff,0xff,0xff,0xff,0xff,0xff,0xff,0xff,0xff,0xff,0xff,0xff,0xff,0xff,0xff,0xff,0xff,0xff,0xff,0xff,0xff,0xff,0xff,0xff,0xff,0xff,0xff,0xff,0xff,0xff,0xff,0xff,0xff,0xff,0xff,0xff,0xff,0xff,0xff,0xff,0xff,0xff,0xff,0xf4,0x0a,
    0x00,0xa7,0xff,0xff,0xff,0xff,0xff,0xff,0xff,0xff,0xff,0xff,0xff,0xff,0xff,0xff,0xff,0xff,0xff,0xff,0xff,0xff,0xff,0xff,0xff,0xff,0xff,0xff,0xff,0xff,0xff,0xff,0xff,0xff,0xff,0xff,0xff,0xff,0xff,0xff,0xff,0xff,0xff,0xff,0xff,0xff,0xff,0xff,0xff,0xff,0xff,0xff,0xff,0xff,0xff,0xff,0xff,0xff,0xff,0xff,0xff,0xff,0xff,0xff,0xff,0xff,0xff,0xff,0xff,0xff,0xff,0xff,0xff,0xff,0xff,0xa7,0x00,0x00,0x45,0xff,0xff,0xff,0xff,0xff,0xff,0xff,0xff,0xff,0xff,0xff,0xff,0xff,0xff,0xff,0xff,0xff,0xff,0xff,0xff,0xff,0xff,0xff,0xff,0xff,0xff,0xff,0xff,0xff,0xff,0xff,0xff,0xff,0xff,0xff,0xff,0xff,0xff,0xff,0xff,0xff,0xff,0xff,0xff,0xff,0xff,0xff,0xff,0xff,0xff,0xff,0xff,0xff,0xff,0xff,0xff,0xff,0xff,0xff,0xff,0xff,0xff,0xff,0xff,0xff,0xff,0xff,0xff,0xff,0xff,0xff,0xff,0xff,0x45,0x00,
    0x00,0x01,0xd1,0xff,0xff,0xff,0xff,0xff,0xff,0xff,0xff,0xff,0xff,0xff,0xff,0xff,0xff,0xff,0xff,0xff,0xff,0xff,0xff,0xff,0xff,0xff,0xff,0xff,0xff,0xff,0xff,0xff,0xff,0xff,0xff,0xff,0xff,0xff,0xff,0xff,0xff,0xff,0xff,0xff,0xff,0xff,0xff,0xff,0xff,0xff,0xff,0xff,0xff,0xff,0xff,0xff,0xff,0xff,0xff,0xff,0xff,0xff,0xff,0xff,0xff,0xff,0xff,0xff,0xff,0xff,0xff,0xff,0xff,0xff,0xd1,0x01,0x00,0x00,0x00,0x53,0xff,0xff,0xff,0xff,0xff,0xff,0xff,0xff,0xff,0xff,0xff,0xff,0xff,0xff,0xff,0xff,0xff,0xff,0xff,0xff,0xff,0xff,0xff,0xff,0xff,0xff,0xff,0xff,0xff,0xff,0xff,0xff,0xff,0xff,0xff,0xff,0xff,0xff,0xff,0xff,0xff,0xff,0xff,0xff,0xff,0xff,0xff,0xff,0xff,0xff,0xff,0xff,0xff,0xff,0xff,0xff,0xff,0xff,0xff,0xff,0xff,0xff,0xff,0xff,0xff,0xff,0xff,0xff,0xff,0xff,0xff,0x53,0x00,0x00,
    0x00,0x00,0x00,0xbe,0xff,0xff,0xff,0xff,0xff,0xff,0xff,0xff,0xff,0xff,0xff,0xff,0xff,0xff,0xff,0xff,0xff,0xff,0xff,0xff,0xff,0xff,0xff,0xff,0xff,0xff,0xff,0xff,0xff,0xff,0xff,0xff,0xff,0xff,0xff,0xff,0xff,0xff,0xff,0xff,0xff,0xff,0xff,0xff,0xff,0xff,0xff,0xff,0xff,0xff,0xff,0xff,0xff,0xff,0xff,0xff,0xff,0xff,0xff,0xff,0xff,0xff,0xff,0xff,0xff,0xff,0xff,0xff,0xff,0xbe,0x00,0x00,0x00,0x00,0x00,0x00,0x27,0xf5,0xff,0xff,0xff,0xff,0xff,0xff,0xff,0xff,0xff,0xff,0xff,0xff,0xff,0xff,0xff,0xff,0xff,0xff,0xff,0xff,0xff,0xff,0xff,0xff,0xff,0xff,0xff,0xff,0xff,0xff,0xff,0xff,0xff,0xff,0xff,0xff,0xff,0xff,0xff,0xff,0xff,0xff,0xff,0xff,0xff,0xff,0xff,0xff,0xff,0xff,0xff,0xff,0xff,0xff,0xff,0xff,0xff,0xff,0xff,0xff,0xff,0xff,0xff,0xff,0xff,0xff,0xff,0xf5,0x27,0x00,0x00,0x00,
    0x00,0x00,0x00,0x00,0x63,0xff,0xff,0xff,0xff,0xff,0xff,0xff,0xff,0xff,0xff,0xff,0xff,0xff,0xff,0xff,0xff,0xff,0xff,0xff,0xff,0xff,0xff,0xff,0xff,0xff,0xff,0xff,0xff,0xff,0xff,0xff,0xff,0xff,0xff,0xff,0xff,0xff,0xff,0xff,0xff,0xff,0xff,0xff,0xff,0xff,0xff,0xff,0xff,0xff,0xff,0xff,0xff,0xff,0xff,0xff,0xff,0xff,0xff,0xff,0xff,0xff,0xff,0xff,0xff,0xff,0xff,0xff,0x63,0x00,0x00,0x00,0x00,0x00,0x00,0x00,0x00,0x00,0x94,0xff,0xff,0xff,0xff,0xff,0xff,0xff,0xff,0xff,0xff,0xff,0xff,0xff,0xff,0xff,0xff,0xff,0xff,0xff,0xff,0xff,0xff,0xff,0xff,0xff,0xff,0xff,0xff,0xff,0xff,0xff,0xff,0xff,0xff,0xff,0xff,0xff,0xff,0xff,0xff,0xff,0xff,0xff,0xff,0xff,0xff,0xff,0xff,0xff,0xff,0xff,0xff,0xff,0xff,0xff,0xff,0xff,0xff,0xff,0xff,0xff,0xff,0xff,0xff,0xff,0x94,0x00,0x00,0x00,0x00,0x00,
    0x00,0x00,0x00,0x00,0x00,0x03,0xac,0xff,0xff,0xff,0xff,0xff,0xff,0xff,0xff,0xff,0xff,0xff,0xff,0xff,0xff,0xff,0xff,0xff,0xff,0xff,0xff,0xff,0xff,0xff,0xff,0xff,0xff,0xff,0xff,0xff,0xff,0xff,0xff,0xff,0xff,0xff,0xff,0xff,0xff,0xff,0xff,0xff,0xff,0xff,0xff,0xff,0xff,0xff,0xff,0xff,0xff,0xff,0xff,0xff,0xff,0xff,0xff,0xff,0xff,0xff,0xff,0xff,0xff,0xff,0xac,0x03,0x00,0x00,0x00,0x00,0x00,0x00,0x00,0x00,0x00,0x00,0x00,0x06,0xb2,0xff,0xff,0xff,0xff,0xff,0xff,0xff,0xff,0xff,0xff,0xff,0xff,0xff,0xff,0xff,0xff,0xff,0xff,0xff,0xff,0xff,0xff,0xff,0xff,0xff,0xff,0xff,0xff,0xff,0xff,0xff,0xff,0xff,0xff,0xff,0xff,0xff,0xff,0xff,0xff,0xff,0xff,0xff,0xff,0xff,0xff,0xff,0xff,0xff,0xff,0xff,0xff,0xff,0xff,0xff,0xff,0xff,0xff,0xff,0xff,0xff,0xb2,0x06,0x00,0x00,0x00,0x00,0x00,0x00,
    0x00,0x00,0x00,0x00,0x00,0x00,0x00,0x06,0xb2,0xff,0xff,0xff,0xff,0xff,0xff,0xff,0xff,0xff,0xff,0xff,0xff,0xff,0xff,0xff,0xff,0xff,0xff,0xff,0xff,0xff,0xff,0xff,0xff,0xff,0xff,0xff,0xff,0xff,0xff,0xff,0xff,0xff,0xff,0xff,0xff,0xff,0xff,0xff,0xff,0xff,0xff,0xff,0xff,0xff,0xff,0xff,0xff,0xff,0xff,0xff,0xff,0xff,0xff,0xff,0xff,0xff,0xff,0xff,0xb2,0x06,0x00,0x00,0x00,0x00,0x00,0x00,0x00,0x00,0x00,0x00,0x00,0x00,0x00,0x00,0x00,0x06,0xb2,0xff,0xff,0xff,0xff,0xff,0xff,0xff,0xff,0xff,0xff,0xff,0xff,0xff,0xff,0xff,0xff,0xff,0xff,0xff,0xff,0xff,0xff,0xff,0xff,0xff,0xff,0xff,0xff,0xff,0xff,0xff,0xff,0xff,0xff,0xff,0xff,0xff,0xff,0xff,0xff,0xff,0xff,0xff,0xff,0xff,0xff,0xff,0xff,0xff,0xff,0xff,0xff,0xff,0xff,0xff,0xff,0xff,0xb2,0x06,0x00,0x00,0x00,0x00,0x00,0x00,0x00,0x00,
    0x00,0x00,0x00,0x00,0x00,0x00,0x00,0x00,0x00,0x06,0xb2,0xff,0xff,0xff,0xff,0xff,0xff,0xff,0xff,0xff,0xff,0xff,0xff,0xff,0xff,0xff,0xff,0xff,0xff,0xff,0xff,0xff,0xff,0xff,0xff,0xff,0xff,0xff,0xff,0xff,0xff,0xff,0xff,0xff,0xff,0xff,0xff,0xff,0xff,0xff,0xff,0xff,0xff,0xff,0xff,0xff,0xff,0xff,0xff,0xff,0xff,0xff,0xff,0xff,0xff,0xff,0xb2,0x06,0x00,0x00,0x00,0x00,0x00,0x00,0x00,0x00,0x00,0x00,0x00,0x00,0x00,0x00,0x00,0x00,0x00,0x00,0x00,0x06,0xb2,0xff,0xff,0xff,0xff,0xff,0xff,0xff,0xff,0xff,0xff,0xff,0xff,0xff,0xff,0xff,0xff,0xff,0xff,0xff,0xff,0xff,0xff,0xff,0xff,0xff,0xff,0xff,0xff,0xff,0xff,0xff,0xff,0xff,0xff,0xff,0xff,0xff,0xff,0xff,0xff,0xff,0xff,0xff,0xff,0xff,0xff,0xff,0xff,0xff,0xff,0xff,0xff,0xff,0xb2,0x06,0x00,0x00,0x00,0x00,0x00,0x00,0x00,0x00,0x00,0x00,
    0x00,0x00,0x00,0x00,0x00,0x00,0x00,0x00,0x00,0x00,0x00,0x06,0xbc,0xff,0xff,0xff,0xff,0xff,0xff,0xff,0xff,0xff,0xff,0xff,0xff,0xff,0xff,0xff,0xff,0xff,0xff,0xff,0xff,0xff,0xff,0xff,0xff,0xff,0xff,0xff,0xff,0xff,0xff,0xff,0xff,0xff,0xff,0xff,0xff,0xff,0xff,0xff,0xff,0xff,0xff,0xff,0xff,0xff,0xff,0xff,0xff,0xff,0xff,0xff,0xbc,0x06,0x00,0x00,0x00,0x00,0x00,0x00,0x00,0x00,0x00,0x00,0x00,0x00,0x00,0x00,0x00,0x00,0x00,0x00,0x00,0x00,0x00,0x00,0x00,0x0a,0xbe,0xff,0xff,0xff,0xff,0xff,0xff,0xff,0xff,0xff,0xff,0xff,0xff,0xff,0xff,0xff,0xff,0xff,0xff,0xff,0xff,0xff,0xff,0xff,0xff,0xff,0xff,0xff,0xff,0xff,0xff,0xff,0xff,0xff,0xff,0xff,0xff,0xff,0xff,0xff,0xff,0xff,0xff,0xff,0xff,0xff,0xff,0xff,0xff,0xff,0xbe,0x0a,0x00,0x00,0x00,0x00,0x00,0x00,0x00,0x00,0x00,0x00,0x00,0x00,
    0x00,0x00,0x00,0x00,0x00,0x00,0x00,0x00,0x00,0x00,0x00,0x00,0x00,0x0a,0xbe,0xff,0xff,0xff,0xff,0xff,0xff,0xff,0xff,0xff,0xff,0xff,0xff,0xff,0xff,0xff,0xff,0xff,0xff,0xff,0xff,0xff,0xff,0xff,0xff,0xff,0xff,0xff,0xff,0xff,0xff,0xff,0xff,0xff,0xff,0xff,0xff,0xff,0xff,0xff,0xff,0xff,0xff,0xff,0xff,0xff,0xff,0xff,0xbe,0x0a,0x00,0x00,0x00,0x00,0x00,0x00,0x00,0x00,0x00,0x00,0x00,0x00,0x00,0x00,0x00,0x00,0x00,0x00,0x00,0x00,0x00,0x00,0x00,0x00,0x00,0x00,0x00,0x0a,0xbe,0xff,0xff,0xff,0xff,0xff,0xff,0xff,0xff,0xff,0xff,0xff,0xff,0xff,0xff,0xff,0xff,0xff,0xff,0xff,0xff,0xff,0xff,0xff,0xff,0xff,0xff,0xff,0xff,0xff,0xff,0xff,0xff,0xff,0xff,0xff,0xff,0xff,0xff,0xff,0xff,0xff,0xff,0xff,0xff,0xff,0xbe,0x0a,0x00,0x00,0x00,0x00,0x00,0x00,0x00,0x00,0x00,0x00,0x00,0x00,0x00,0x00,
    0x00,0x00,0x00,0x00,0x00,0x00,0x00,0x00,0x00,0x00,0x00,0x00,0x00,0x00,0x00,0x0a,0xbe,0xff,0xff,0xff,0xff,0xff,0xff,0xff,0xff,0xff,0xff,0xff,0xff,0xff,0xff,0xff,0xff,0xff,0xff,0xff,0xff,0xff,0xff,0xff,0xff,0xff,0xff,0xff,0xff,0xff,0xff,0xff,0xff,0xff,0xff,0xff,0xff,0xff,0xff,0xff,0xff,0xff,0xff,0xff,0xbe,0x0a,0x00,0x00,0x00,0x00,0x00,0x00,0x00,0x00,0x00,0x00,0x00,0x00,0x00,0x00,0x00,0x00,0x00,0x00,0x00,0x00,0x00,0x00,0x00,0x00,0x00,0x00,0x00,0x00,0x00,0x00,0x00,0x0a,0xbe,0xff,0xff,0xff,0xff,0xff,0xff,0xff,0xff,0xff,0xff,0xff,0xff,0xff,0xff,0xff,0xff,0xff,0xff,0xff,0xff,0xff,0xff,0xff,0xff,0xff,0xff,0xff,0xff,0xff,0xff,0xff,0xff,0xff,0xff,0xff,0xff,0xff,0xff,0xff,0xff,0xff,0xbe,0x0a,0x00,0x00,0x00,0x00,0x00,0x00,0x00,0x00,0x00,0x00,0x00,0x00,0x00,0x00,0x00,0x00,
    0x00,0x00,0x00,0x00,0x00,0x00,0x00,0x00,0x00,0x00,0x00,0x00,0x00,0x00,0x00,0x00,0x00,0x0a,0xbe,0xff,0xff,0xff,0xff,0xff,0xff,0xff,0xff,0xff,0xff,0xff,0xff,0xff,0xff,0xff,0xff,0xff,0xff,0xff,0xff,0xff,0xff,0xff,0xff,0xff,0xff,0xff,0xff,0xff,0xff,0xff,0xff,0xff,0xff,0xff,0xff,0xff,0xff,0xff,0xbe,0x0a,0x00,0x00,0x00,0x00,0x00,0x00,0x00,0x00,0x00,0x00,0x00,0x00,0x00,0x00,0x00,0x00,0x00,0x00,0x00,0x00,0x00,0x00,0x00,0x00,0x00,0x00,0x00,0x00,0x00,0x00,0x00,0x00,0x00,0x00,0x00,0x0a,0xbe,0xff,0xff,0xff,0xff,0xff,0xff,0xff,0xff,0xff,0xff,0xff,0xff,0xff,0xff,0xff,0xff,0xff,0xff,0xff,0xff,0xff,0xff,0xff,0xff,0xff,0xff,0xff,0xff,0xff,0xff,0xff,0xff,0xff,0xff,0xff,0xff,0xff,0xbe,0x0a,0x00,0x00,0x00,0x00,0x00,0x00,0x00,0x00,0x00,0x00,0x00,0x00,0x00,0x00,0x00,0x00,0x00,0x00,
    0x00,0x00,0x00,0x00,0x00,0x00,0x00,0x00,0x00,0x00,0x00,0x00,0x00,0x00,0x00,0x00,0x00,0x00,0x00,0x0a,0xbe,0xff,0xff,0xff,0xff,0xff,0xff,0xff,0xff,0xff,0xff,0xff,0xff,0xff,0xff,0xff,0xff,0xff,0xff,0xff,0xff,0xff,0xff,0xff,0xff,0xff,0xff,0xff,0xff,0xff,0xff,0xff,0xff,0xff,0xff,0xff,0xbe,0x0a,0x00,0x00,0x00,0x00,0x00,0x00,0x00,0x00,0x00,0x00,0x00,0x00,0x00,0x00,0x00,0x00,0x00,0x00,0x00,0x00,0x00,0x00,0x00,0x00,0x00,0x00,0x00,0x00,0x00,0x00,0x00,0x00,0x00,0x00,0x00,0x00,0x00,0x00,0x00,0x0a,0xc1,0xff,0xff,0xff,0xff,0xff,0xff,0xff,0xff,0xff,0xff,0xff,0xff,0xff,0xff,0xff,0xff,0xff,0xff,0xff,0xff,0xff,0xff,0xff,0xff,0xff,0xff,0xff,0xff,0xff,0xff,0xff,0xff,0xff,0xc1,0x0a,0x00,0x00,0x00,0x00,0x00,0x00,0x00,0x00,0x00,0x00,0x00,0x00,0x00,0x00,0x00,0x00,0x00,0x00,0x00,0x00,
    0x00,0x00,0x00,0x00,0x00,0x00,0x00,0x00,0x00,0x00,0x00,0x00,0x00,0x00,0x00,0x00,0x00,0x00,0x00,0x00,0x00,0x0f,0xc9,0xff,0xff,0xff,0xff,0xff,0xff,0xff,0xff,0xff,0xff,0xff,0xff,0xff,0xff,0xff,0xff,0xff,0xff,0xff,0xff,0xff,0xff,0xff,0xff,0xff,0xff,0xff,0xff,0xff,0xff,0xff,0xc9,0x0f,0x00,0x00,0x00,0x00,0x00,0x00,0x00,0x00,0x00,0x00,0x00,0x00,0x00,0x00,0x00,0x00,0x00,0x00,0x00,0x00,0x00,0x00,0x00,0x00,0x00,0x00,0x00,0x00,0x00,0x00,0x00,0x00,0x00,0x00,0x00,0x00,0x00,0x00,0x00,0x00,0x00,0x00,0x00,0x0f,0xc9,0xff,0xff,0xff,0xff,0xff,0xff,0xff,0xff,0xff,0xff,0xff,0xff,0xff,0xff,0xff,0xff,0xff,0xff,0xff,0xff,0xff,0xff,0xff,0xff,0xff,0xff,0xff,0xff,0xff,0xc9,0x0f,0x00,0x00,0x00,0x00,0x00,0x00,0x00,0x00,0x00,0x00,0x00,0x00,0x00,0x00,0x00,0x00,0x00,0x00,0x00,0x00,0x00,0x00,
    0x00,0x00,0x00,0x00,0x00,0x00,0x00,0x00,0x00,0x00,0x00,0x00,0x00,0x00,0x00,0x00,0x00,0x00,0x00,0x00,0x00,0x00,0x00,0x0f,0xc9,0xff,0xff,0xff,0xff,0xff,0xff,0xff,0xff,0xff,0xff,0xff,0xff,0xff,0xff,0xff,0xff,0xff,0xff,0xff,0xff,0xff,0xff,0xff,0xff,0xff,0xff,0xff,0xc9,0x0f,0x00,0x00,0x00,0x00,0x00,0x00,0x00,0x00,0x00,0x00,0x00,0x00,0x00,0x00,0x00,0x00,0x00,0x00,0x00,0x00,0x00,0x00,0x00,0x00,0x00,0x00,0x00,0x00,0x00,0x00,0x00,0x00,0x00,0x00,0x00,0x00,0x00,0x00,0x00,0x00,0x00,0x00,0x00,0x00,0x00,0x00,0x00,0x0f,0xc9,0xff,0xff,0xff,0xff,0xff,0xff,0xff,0xff,0xff,0xff,0xff,0xff,0xff,0xff,0xff,0xff,0xff,0xff,0xff,0xff,0xff,0xff,0xff,0xff,0xff,0xc9,0x0f,0x00,0x00,0x00,0x00,0x00,0x00,0x00,0x00,0x00,0x00,0x00,0x00,0x00,0x00,0x00,0x00,0x00,0x00,0x00,0x00,0x00,0x00,0x00,0x00,
    0x00,0x00,0x00,0x00,0x00,0x00,0x00,0x00,0x00,0x00,0x00,0x00,0x00,0x00,0x00,0x00,0x00,0x00,0x00,0x00,0x00,0x00,0x00,0x00,0x00,0x0f,0xc9,0xff,0xff,0xff,0xff,0xff,0xff,0xff,0xff,0xff,0xff,0xff,0xff,0xff,0xff,0xff,0xff,0xff,0xff,0xff,0xff,0xff,0xff,0xff,0xc9,0x0f,0x00,0x00,0x00,0x00,0x00,0x00,0x00,0x00,0x00,0x00,0x00,0x00,0x00,0x00,0x00,0x00,0x00,0x00,0x00,0x00,0x00,0x00,0x00,0x00,0x00,0x00,0x00,0x00,0x00,0x00,0x00,0x00,0x00,0x00,0x00,0x00,0x00,0x00,0x00,0x00,0x00,0x00,0x00,0x00,0x00,0x00,0x00,0x00,0x00,0x00,0x00,0x0f,0xc9,0xff,0xff,0xff,0xff,0xff,0xff,0xff,0xff,0xff,0xff,0xff,0xff,0xff,0xff,0xff,0xff,0xff,0xff,0xff,0xff,0xff,0xc9,0x0f,0x00,0x00,0x00,0x00,0x00,0x00,0x00,0x00,0x00,0x00,0x00,0x00,0x00,0x00,0x00,0x00,0x00,0x00,0x00,0x00,0x00,0x00,0x00,0x00,0x00,0x00,
    0x00,0x00,0x00,0x00,0x00,0x00,0x00,0x00,0x00,0x00,0x00,0x00,0x00,0x00,0x00,0x00,0x00,0x00,0x00,0x00,0x00,0x00,0x00,0x00,0x00,0x00,0x00,0x0f,0xc9,0xff,0xff,0xff,0xff,0xff,0xff,0xff,0xff,0xff,0xff,0xff,0xff,0xff,0xff,0xff,0xff,0xff,0xff,0xff,0xc9,0x0f,0x00,0x00,0x00,0x00,0x00,0x00,0x00,0x00,0x00,0x00,0x00,0x00,0x00,0x00,0x00,0x00,0x00,0x00,0x00,0x00,0x00,0x00,0x00,0x00,0x00,0x00,0x00,0x00,0x00,0x00,0x00,0x00,0x00,0x00,0x00,0x00,0x00,0x00,0x00,0x00,0x00,0x00,0x00,0x00,0x00,0x00,0x00,0x00,0x00,0x00,0x00,0x00,0x00,0x00,0x00,0x0f,0xc9,0xff,0xff,0xff,0xff,0xff,0xff,0xff,0xff,0xff,0xff,0xff,0xff,0xff,0xff,0xff,0xff,0xff,0xc9,0x0f,0x00,0x00,0x00,0x00,0x00,0x00,0x00,0x00,0x00,0x00,0x00,0x00,0x00,0x00,0x00,0x00,0x00,0x00,0x00,0x00,0x00,0x00,0x00,0x00,0x00,0x00,0x00,0x00,
    0x00,0x00,0x00,0x00,0x00,0x00,0x00,0x00,0x00,0x00,0x00,0x00,0x00,0x00,0x00,0x00,0x00,0x00,0x00,0x00,0x00,0x00,0x00,0x00,0x00,0x00,0x00,0x00,0x00,0x0f,0xc9,0xff,0xff,0xff,0xff,0xff,0xff,0xff,0xff,0xff,0xff,0xff,0xff,0xff,0xff,0xff,0xc9,0x0f,0x00,0x00,0x00,0x00,0x00,0x00,0x00,0x00,0x00,0x00,0x00,0x00,0x00,0x00,0x00,0x00,0x00,0x00,0x00,0x00,0x00,0x00,0x00,0x00,0x00,0x00,0x00,0x00,0x00,0x00,0x00,0x00,0x00,0x00,0x00,0x00,0x00,0x00,0x00,0x00,0x00,0x00,0x00,0x00,0x00,0x00,0x00,0x00,0x00,0x00,0x00,0x00,0x00,0x00,0x00,0x00,0x00,0x00,0x00,0x11,0xd3,0xff,0xff,0xff,0xff,0xff,0xff,0xff,0xff,0xff,0xff,0xff,0xff,0xff,0xd3,0x11,0x00,0x00,0x00,0x00,0x00,0x00,0x00,0x00,0x00,0x00,0x00,0x00,0x00,0x00,0x00,0x00,0x00,0x00,0x00,0x00,0x00,0x00,0x00,0x00,0x00,0x00,0x00,0x00,0x00,0x00,
    0x00,0x00,0x00,0x00,0x00,0x00,0x00,0x00,0x00,0x00,0x00,0x00,0x00,0x00,0x00,0x00,0x00,0x00,0x00,0x00,0x00,0x00,0x00,0x00,0x00,0x00,0x00,0x00,0x00,0x00,0x00,0x15,0xc8,0xff,0xff,0xff,0xff,0xff,0xff,0xff,0xff,0xff,0xff,0xff,0xc8,0x15,0x00,0x00,0x00,0x00,0x00,0x00,0x00,0x00,0x00,0x00,0x00,0x00,0x00,0x00,0x00,0x00,0x00,0x00,0x00,0x00,0x00,0x00,0x00,0x00,0x00,0x00,0x00,0x00,0x00,0x00,0x00,0x00,0x00,0x00,0x00,0x00,0x00,0x00,0x00,0x00,0x00,0x00,0x00,0x00,0x00,0x00,0x00,0x00,0x00,0x00,0x00,0x00,0x00,0x00,0x00,0x00,0x00,0x00,0x00,0x00,0x00,0x00,0x00,0x08,0x90,0xfc,0xff,0xff,0xff,0xff,0xff,0xff,0xff,0xfc,0x90,0x08,0x00,0x00,0x00,0x00,0x00,0x00,0x00,0x00,0x00,0x00,0x00,0x00,0x00,0x00,0x00,0x00,0x00,0x00,0x00,0x00,0x00,0x00,0x00,0x00,0x00,0x00,0x00,0x00,0x00,0x00,0x00,0x00,
    0x00,0x00,0x00,0x00,0x00,0x00,0x00,0x00,0x00,0x00,0x00,0x00,0x00,0x00,0x00,0x00,0x00,0x00,0x00,0x00,0x00,0x00,0x00,0x00,0x00,0x00,0x00,0x00,0x00,0x00,0x00,0x00,0x00,0x00,0x23,0x80,0xcb,0xf0,0xff,0xf0,0xcb,0x80,0x23,0x00,0x00,0x00,0x00,0x00,0x00,0x00,0x00,0x00,0x00,0x00,0x00,0x00,0x00,0x00,0x00,0x00,0x00,0x00,0x00,0x00,0x00,0x00,0x00,0x00,0x00,0x00,0x00,0x00,0x00,0x00,0x00,0x00,0x00,

};

const lv_image_dsc_t HRS = {
  .header = {
    .magic = LV_IMAGE_HEADER_MAGIC,
    .cf = LV_COLOR_FORMAT_RGB565A8,
    .flags = 0,
    .w = 77,
    .h = 67,
    .stride = 154,
    .reserved_2 = 0,
  },
  .data_size = sizeof(HRS_map),
  .data = HRS_map,
  .reserved = NULL,
};


uint8_t HRS_RLE_map[] = {

    0x01,0x00,0x00,0x00,0x0b,0x0b,0x00,0x00,0x75,0x3c,0x00,0x00,0xbf,0x00,0x00,0x00,
    0x00,0x00,0x00,0x00,0x00,0x00,0x00,0x00,0x00,0x00,0x00,0x00,0x00,0x00,0x00,0x00,
    0x00,0x00,0x00,0x00,0x00,0x00,0x00,0x00,0x00,0x00,0x00,0x28,0xfa,0x28,0xfa,0x28,
    0xfa,0x28,0xfa,0x28,0xfa,0x28,0xfa,0x28,0xfa,0x28,0xfa,0x28,0xfa,0x28,0xfa,0x28,
    0xfa,0x28,0xfa,0x28,0xfa,0x28,0xfa,0x28,0xfa,0x00,0x00,0x00,0x00,0x00,0x00,0x00,
    0x00,0x00,0x00,0x00,0x00,0x00,0x00,0x00,0x00,0x00,0x00,0x00,0x00,0x00,0x00,0x00,
    0x00,0x00,0x00,0x00,0x00,0x00,0x00,0x00,0x00,0x00,0x00,0x28,0xfa,0x28,0xfa,0x28,
    0xfa,0x28,0xfa,0x28,0xfa,0x28,0xfa,0x28,0xfa,0x28,0xfa,0x28,0xfa,0x28,0xfa,0x28,
    0xfa,0x28,0xfa,0x28,0xfa,0x28,0xfa,0x28,0xfa,0x00,0x00,0x1b,0x00,0x00,0x13,0x28,
    0xfa,0x8e,0x00,0x00,0x00,0x00,0x00,0x00,0x00,0x00,0x00,0x00,0x00,0x00,0x00,0x00,
    0x00,0x00,0x00,0x00,0x00,0x00,0x00,0x00,0x00,0x00,0x00,0x00,0x28,0xfa,0x12,0x28,
    0xfa,0x18,0x00,0x00,0x17,0x28,0xfa,0x8a,0x00,0x00,0x00,0x00,0x00,0x00,0x00,0x00,
    0x00,0x00,0x00,0x00,0x00,0x00,0x00,0x00,0x00,0x00,0x28,0xfa,0x16,0x28,0xfa,0x14,
    0x00,0x00,0x1b,0x28,0xfa,0x86,0x00,0x00,0x00,0x00,0x00,0x00,0x00,0x00,0x00,0x00,
    0x28,0xfa,0x1a,0x28,0xfa,0x11,0x00,0x00,0x1d,0x28,0xfa,0x84,0x00,0x00,0x00,0x00,
    0x00,0x00,0x28,0xfa,0x1c,0x28,0xfa,0x90,0x00,0x00,0x00,0x00,0x00,0x00,0x00,0x00,
    0x00,0x00,0x00,0x00,0x00,0x00,0x00,0x00,0x00,0x00,0x00,0x00,0x00,0x00,0x00,0x00,
    0x00,0x00,0x00,0x00,0x00,0x00,0x28,0xfa,0x1e,0x28,0xfa,0x82,0x00,0x00,0x28,0xfa,
    0x1e,0x28,0xfa,0x8e,0x00,0x00,0x00,0x00,0x00,0x00,0x00,0x00,0x00,0x00,0x00,0x00,
    0x00,0x00,0x00,0x00,0x00,0x00,0x00,0x00,0x00,0x00,0x00,0x00,0x00,0x00,0x28,0xfa,
    0x40,0x28,0xfa,0x8c,0x00,0x00,0x00,0x00,0x00,0x00,0x00,0x00,0x00,0x00,0x00,0x00,
    0x00,0x00,0x00,0x00,0x00,0x00,0x00,0x00,0x00,0x00,0x28,0xfa,0x42,0x28,0xfa,0x8a,
    0x00,0x00,0x00,0x00,0x00,0x00,0x00,0x00,0x00,0x00,0x00,0x00,0x00,0x00,0x00,0x00,
    0x00,0x00,0x28,0xfa,0x44,0x28,0xfa,0x88,0x00,0x00,0x00,0x00,0x00,0x00,0x00,0x00,
    0x00,0x00,0x00,0x00,0x00,0x00,0x28,0xfa,0x46,0x28,0xfa,0x87,0x00,0x00,0x00,0x00,
    0x00,0x00,0x00,0x00,0x00,0x00,0x00,0x00,0x28,0xfa,0x46,0x28,0xfa,0x86,0x00,0x00,
    0x00,0x00,0x00,0x00,0x00,0x00,0x00,0x00,0x28,0xfa,0x48,0x28,0xfa,0x85,0x00,0x00,
    0x00,0x00,0x00,0x00,0x00,0x00,0x28,0xfa,0x48,0x28,0xfa,0x84,0x00,0x00,0x00,0x00,
    0x00,0x00,0x28,0xfa,0x4a,0x28,0xfa,0x83,0x00,0x00,0x00,0x00,0x28,0xfa,0x4a,0x28,
    0xfa,0x83,0x00,0x00,0x00,0x00,0x28,0xfa,0x4a,0x28,0xfa,0x82,0x00,0x00,0x28,0xfa,
    0x7f,0x28,0xfa,0x7f,0x28,0xfa,0x7f,0x28,0xfa,0x7f,0x28,0xfa,0x7f,0x28,0xfa,0x7f,
    0x28,0xfa,0x7f,0x28,0xfa,0x7f,0x28,0xfa,0x3d,0x28,0xfa,0x82,0x00,0x00,0x28,0xfa,
    0x4a,0x28,0xfa,0x83,0x00,0x00,0x00,0x00,0x28,0xfa,0x4a,0x28,0xfa,0x83,0x00,0x00,
    0x00,0x00,0x28,0xfa,0x4a,0x28,0xfa,0x84,0x00,0x00,0x00,0x00,0x00,0x00,0x28,0xfa,
    0x48,0x28,0xfa,0x86,0x00,0x00,0x00,0x00,0x00,0x00,0x00,0x00,0x00,0x00,0x28,0xfa,
    0x46,0x28,0xfa,0x87,0x00,0x00,0x00,0x00,0x00,0x00,0x00,0x00,0x00,0x00,0x00,0x00,
    0x28,0xfa,0x46,0x28,0xfa,0x88,0x00,0x00,0x00,0x00,0x00,0x00,0x00,0x00,0x00,0x00,
    0x00,0x00,0x00,0x00,0x28,0xfa,0x44,0x28,0xfa,0x8a,0x00,0x00,0x00,0x00,0x00,0x00,
    0x00,0x00,0x00,0x00,0x00,0x00,0x00,0x00,0x00,0x00,0x00,0x00,0x28,0xfa,0x42,0x28,
    0xfa,0x8b,0x00,0x00,0x00,0x00,0x00,0x00,0x00,0x00,0x00,0x00,0x00,0x00,0x00,0x00,
    0x00,0x00,0x00,0x00,0x00,0x00,0x28,0xfa,0x42,0x28,0xfa,0x8c,0x00,0x00,0x00,0x00,
    0x00,0x00,0x00,0x00,0x00,0x00,0x00,0x00,0x00,0x00,0x00,0x00,0x00,0x00,0x00,0x00,
    0x00,0x00,0x28,0xfa,0x40,0x28,0xfa,0x8e,0x00,0x00,0x00,0x00,0x00,0x00,0x00,0x00,
    0x00,0x00,0x00,0x00,0x00,0x00,0x00,0x00,0x00,0x00,0x00,0x00,0x00,0x00,0x00,0x00,
    0x00,0x00,0x28,0xfa,0x3e,0x28,0xfa,0x90,0x00,0x00,0x00,0x00,0x00,0x00,0x00,0x00,
    0x00,0x00,0x00,0x00,0x00,0x00,0x00,0x00,0x00,0x00,0x00,0x00,0x00,0x00,0x00,0x00,
    0x00,0x00,0x00,0x00,0x00,0x00,0x28,0xfa,0x3c,0x28,0xfa,0x11,0x00,0x00,0x3b,0x28,
    0xfa,0x13,0x00,0x00,0x39,0x28,0xfa,0x15,0x00,0x00,0x37,0x28,0xfa,0x17,0x00,0x00,
    0x35,0x28,0xfa,0x19,0x00,0x00,0x33,0x28,0xfa,0x1b,0x00,0x00,0x31,0x28,0xfa,0x1d,
    0x00,0x00,0x2f,0x28,0xfa,0x1f,0x00,0x00,0x2d,0x28,0xfa,0x21,0x00,0x00,0x2b,0x28,
    0xfa,0x23,0x00,0x00,0x29,0x28,0xfa,0x25,0x00,0x00,0x27,0x28,0xfa,0x27,0x00,0x00,
    0x25,0x28,0xfa,0x29,0x00,0x00,0x23,0x28,0xfa,0x2b,0x00,0x00,0x21,0x28,0xfa,0x2d,
    0x00,0x00,0x1f,0x28,0xfa,0x2f,0x00,0x00,0x1d,0x28,0xfa,0x31,0x00,0x00,0x1b,0x28,
    0xfa,0x33,0x00,0x00,0x19,0x28,0xfa,0x35,0x00,0x00,0x17,0x28,0xfa,0x37,0x00,0x00,
    0x15,0x28,0xfa,0x39,0x00,0x00,0x13,0x28,0xfa,0x3b,0x00,0x00,0x11,0x28,0xfa,0x3d,
    0x00,0x00,0x90,0x28,0xfa,0x28,0xfa,0x28,0xfa,0x28,0xfa,0x28,0xfa,0x28,0xfa,0x28,
    0xfa,0x28,0xfa,0x28,0xfa,0x28,0xfa,0x28,0xfa,0x28,0xfa,0x28,0xfa,0x28,0xfa,0x28,
    0xfa,0x00,0x00,0x3e,0x00,0x00,0x8e,0x28,0xfa,0x28,0xfa,0x28,0xfa,0x28,0xfa,0x28,
    0xfa,0x28,0xfa,0x28,0xfa,0x28,0xfa,0x28,0xfa,0x28,0xfa,0x28,0xfa,0x28,0xfa,0x28,
    0xfa,0x00,0x00,0x41,0x00,0x00,0x8a,0x28,0xfa,0x28,0xfa,0x28,0xfa,0x28,0xfa,0x28,
    0xfa,0x28,0xfa,0x28,0xfa,0x28,0xfa,0x28,0xfa,0x00,0x00,0x28,0x00,0x00,0xff,0x00,
    0x01,0x30,0x70,0xa7,0xcd,0xed,0xfc,0xff,0xfe,0xee,0xd1,0xad,0x78,0x38,0x03,0x00,
    0x00,0x00,0x00,0x00,0x00,0x00,0x00,0x00,0x00,0x00,0x00,0x00,0x00,0x00,0x00,0x00,
    0x03,0x38,0x78,0xad,0xd1,0xee,0xfe,0xff,0xfc,0xed,0xcd,0xa7,0x70,0x30,0x01,0x00,
    0x00,0x00,0x00,0x00,0x00,0x00,0x00,0x00,0x00,0x00,0x00,0x00,0x00,0x00,0x00,0x00,
    0x00,0x00,0x00,0x00,0x00,0x00,0x00,0x00,0x00,0x00,0x00,0x22,0x88,0xe2,0xff,0xff,
    0xff,0xff,0xff,0xff,0xff,0xff,0xff,0xff,0xff,0xff,0xff,0xe9,0x92,0x2c,0x00,0x00,
    0x00,0x00,0x00,0x00,0x00,0x00,0x00,0x00,0x00,0x00,0x00,0x2c,0x92,0xe9,0xff,0xff,
    0xff,0xff,0xff,0xff,0xff,0xff,0xff,0xff,0xff,0xff,0xff,0xe2,0x88,0x22,0x00,0x00,
    0x00,0x00,0x00,0x00,0x00,0x00,0x00,0x00,0x00,0x00,0x00,0x00,0x00,0x00,0x00,0x00,
    0x00,0x00,0x00,0x00,0x00,0x00,0x25,0xa7,0xfc,0xff,0xff,0xff,0xff,0xff,0xff,0xff,
    0xff,0xff,0xff,0xff,0xff,0xff,0xff,0xff,0xff,0xff,0xff,0xb4,0x31,0x00,0x00,0x00,
    0x00,0x00,0x00,0x00,0x00,0x00,0x31,0xb4,0xff,0xff,0xff,0xff,0xff,0xff,0xff,0xff,
    0xff,0xff,0xff,0xff,0xff,0xff,0xff,0xff,0xff,0xff,0xfc,0xa7,0x25,0x00,0x00,0x00,
    0x00,0x00,0x00,0x00,0x00,0x00,0x00,0x00,0x00,0x00,0x00,0x00,0x00,0x00,0x00,0x00,
    0x00,0x07,0x85,0xf9,0xff,0xff,0xff,0xff,0xff,0xff,0xff,0xff,0xff,0xff,0xff,0xff,
    0xff,0xff,0xff,0xff,0xff,0xff,0xff,0xff,0xff,0xfd,0x95,0x0e,0x00,0xff,0x00,0x00,
    0x00,0x00,0x0e,0x95,0xfd,0xff,0xff,0xff,0xff,0xff,0xff,0xff,0xff,0xff,0xff,0xff,
    0xff,0xff,0xff,0xff,0xff,0xff,0xff,0xff,0xff,0xff,0xf9,0x85,0x07,0x00,0x00,0x00,
    0x00,0x00,0x00,0x00,0x00,0x00,0x00,0x00,0x00,0x00,0x00,0x00,0x00,0x00,0x25,0xd0,
    0xff,0xff,0xff,0xff,0xff,0xff,0xff,0xff,0xff,0xff,0xff,0xff,0xff,0xff,0xff,0xff,
    0xff,0xff,0xff,0xff,0xff,0xff,0xff,0xff,0xff,0xdd,0x33,0x00,0x00,0x00,0x33,0xdd,
    0xff,0xff,0xff,0xff,0xff,0xff,0xff,0xff,0xff,0xff,0xff,0xff,0xff,0xff,0xff,0xff,
    0xff,0xff,0xff,0xff,0xff,0xff,0xff,0xff,0xff,0xd0,0x25,0x00,0x00,0x00,0x00,0x00,
    0x00,0x00,0x00,0x00,0x00,0x00,0x00,0x00,0x00,0x00,0x40,0xf1,0xff,0xff,0xff,0xff,
    0xff,0xff,0xff,0xff,0xff,0xff,0xff,0xff,0xff,0xff,0xff,0xff,0xff,0xff,0xff,0xff,
    0xff,0xff,0xff,0xff,0xff,0xff,0xff,0xf9,0x54,0x00,0x54,0xf9,0xff,0xff,0xff,0xff,
    0xff,0xff,0xff,0xff,0xff,0xff,0xff,0xff,0xff,0xff,0xff,0xff,0xff,0xff,0xff,0xff,
    0xff,0xff,0xff,0xff,0xff,0xff,0xff,0xf1,0x40,0x00,0x00,0x00,0x00,0x00,0x00,0x00,
    0x00,0x00,0x00,0x00,0x00,0x00,0x4e,0xf9,0xff,0xff,0xff,0xff,0xff,0xff,0xff,0xff,
    0xff,0xff,0xff,0xff,0xff,0xff,0xff,0xff,0xff,0xff,0xff,0xff,0xff,0xff,0xff,0xff,
    0xff,0xff,0xff,0xff,0xff,0xfd,0xa4,0xfd,0xff,0xff,0xff,0xff,0xff,0xff,0xff,0xff,
    0xff,0xff,0xff,0xff,0xff,0xff,0xff,0xff,0xff,0xff,0xff,0xff,0x8d,0xff,0xff,0xff,
    0xff,0xff,0xff,0xff,0xff,0xff,0xf9,0x4e,0x00,0x00,0x00,0x00,0x00,0x00,0x00,0x00,
    0x00,0x00,0x00,0x3f,0xf9,0xff,0xff,0x1e,0xff,0xff,0x88,0xff,0xf9,0x3f,0x00,0x00,
    0x00,0x00,0x00,0x00,0x00,0x00,0x00,0x24,0xf1,0xff,0xff,0x1f,0xff,0xff,0x87,0xff,
    0xf1,0x24,0x00,0x00,0x00,0x00,0x00,0x00,0x00,0x06,0xcc,0xff,0xff,0x20,0xff,0xff,
    0x86,0xff,0xcc,0x06,0x00,0x00,0x00,0x00,0x00,0x00,0x80,0xff,0xff,0x21,0xff,0xff,
    0x86,0xff,0x80,0x00,0x00,0x00,0x00,0x00,0x20,0xf7,0xff,0xff,0xff,0x21,0xff,0xff,
    0x85,0xf7,0x20,0x00,0x00,0x00,0x00,0xa1,0xff,0xff,0xff,0x22,0xff,0xff,0x84,0xa1,
    0x00,0x00,0x00,0x1d,0xfa,0xff,0xff,0x22,0xff,0xff,0x84,0xff,0xfa,0x1d,0x00,0x00,
    0x82,0xff,0xff,0x23,0xff,0xff,0x84,0xff,0x82,0x00,0x00,0xdb,0xff,0xff,0xff,0x23,
    0xff,0xff,0x83,0xdb,0x00,0x2c,0xff,0xff,0xff,0x24,0xff,0xff,0x82,0x2c,0x6a,0xff,
    0xff,0x24,0xff,0xff,0x83,0xff,0x6a,0xa2,0xff,0xff,0xff,0x24,0xff,0xff,0x82,0xa2,
    0xc8,0xff,0xff,0x24,0xff,0xff,0x83,0xff,0xc8,0xea,0xff,0xff,0xff,0x24,0xff,0xff,
    0x82,0xea,0xfa,0xff,0xff,0x24,0xff,0xff,0x82,0xff,0xfa,0xff,0xff,0x4c,0xff,0xff,
    0x82,0xf1,0xff,0xff,0xff,0x24,0xff,0xff,0x82,0xf1,0xd8,0xff,0xff,0x24,0xff,0xff,
    0x83,0xff,0xd8,0xb3,0xff,0xff,0xff,0x24,0xff,0xff,0x82,0xb3,0x84,0xff,0xff,0x24,
    0xff,0xff,0x83,0xff,0x84,0x45,0xff,0xff,0xff,0x24,0xff,0xff,0x83,0x45,0x0a,0xf4,
    0xff,0xff,0xff,0x23,0xff,0xff,0x83,0xf4,0x0a,0x00,0xa7,0xff,0xff,0x23,0xff,0xff,
    0x84,0xff,0xa7,0x00,0x00,0x45,0xff,0xff,0xff,0x23,0xff,0xff,0x84,0x45,0x00,0x00,
    0x01,0xd1,0xff,0xff,0xff,0x22,0xff,0xff,0x84,0xd1,0x01,0x00,0x00,0x00,0x53,0xff,
    0xff,0x22,0xff,0xff,0x85,0xff,0x53,0x00,0x00,0x00,0x00,0x00,0xbe,0xff,0xff,0x21,
    0xff,0xff,0x86,0xff,0xbe,0x00,0x00,0x00,0x00,0x00,0x00,0x27,0xf5,0xff,0xff,0x20,
    0xff,0xff,0x87,0xff,0xf5,0x27,0x00,0x00,0x00,0x00,0x00,0x00,0x00,0x63,0xff,0xff,
    0xff,0x20,0xff,0xff,0x87,0x63,0x00,0x00,0x00,0x00,0x00,0x00,0x00,0x00,0x00,0x94,
    0xff,0xff,0xff,0x1f,0xff,0xff,0x88,0x94,0x00,0x00,0x00,0x00,0x00,0x00,0x00,0x00,
    0x00,0x00,0x03,0xac,0xff,0xff,0xff,0x1e,0xff,0xff,0x89,0xac,0x03,0x00,0x00,0x00,
    0x00,0x00,0x00,0x00,0x00,0x00,0x00,0x00,0x06,0xb2,0xff,0xff,0xff,0x1d,0xff,0xff,
    0x8a,0xb2,0x06,0x00,0x00,0x00,0x00,0x00,0x00,0x00,0x00,0x00,0x00,0x00,0x00,0x00,
    0x06,0xb2,0xff,0xff,0xff,0x1c,0xff,0xff,0x8b,0xb2,0x06,0x00,0x00,0x00,0x00,0x00,
    0x00,0x00,0x00,0x00,0x00,0x00,0x00,0x00,0x00,0x00,0x06,0xb2,0xff,0xff,0xff,0x1b,
    0xff,0xff,0x8c,0xb2,0x06,0x00,0x00,0x00,0x00,0x00,0x00,0x00,0x00,0x00,0x00,0x00,
    0x00,0x00,0x00,0x00,0x00,0x00,0x06,0xb2,0xff,0xff,0xff,0x1a,0xff,0xff,0x8d,0xb2,
    0x06,0x00,0x00,0x00,0x00,0x00,0x00,0x00,0x00,0x00,0x00,0x00,0x00,0x00,0x00,0x00,
    0x00,0x00,0x00,0x00,0x06,0xb2,0xff,0xff,0xff,0x19,0xff,0xff,0x8e,0xb2,0x06,0x00,
    0x00,0x00,0x00,0x00,0x00,0x00,0x00,0x00,0x00,0x00,0x00,0x00,0x00,0x00,0x00,0x00,
    0x00,0x00,0x00,0x00,0x06,0xbc,0xff,0xff,0xff,0x18,0xff,0xff,0x8f,0xbc,0x06,0x00,
    0x00,0x00,0x00,0x00,0x00,0x00,0x00,0x00,0x00,0x00,0x00,0x00,0x00,0x00,0x00,0x00,
    0x00,0x00,0x00,0x00,0x00,0x00,0x0a,0xbe,0xff,0xff,0xff,0x17,0xff,0xff,0x90,0xbe,
    0x0a,0x00,0x00,0x00,0x00,0x00,0x00,0x00,0x00,0x00,0x00,0x00,0x00,0x00,0x00,0x00,
    0x00,0x00,0x00,0x00,0x00,0x00,0x00,0x00,0x00,0x00,0x0a,0xbe,0xff,0xff,0xff,0x16,
    0xff,0xff,0x91,0xbe,0x0a,0x00,0x00,0x00,0x00,0x00,0x00,0x00,0x00,0x00,0x00,0x00,
    0x00,0x00,0x00,0x00,0x00,0x00,0x00,0x00,0x00,0x00,0x00,0x00,0x00,0x00,0x00,0x00,
    0x0a,0xbe,0xff,0xff,0xff,0x15,0xff,0xff,0x92,0xbe,0x0a,0x00,0x00,0x00,0x00,0x00,
    0x00,0x00,0x00,0x00,0x00,0x00,0x00,0x00,0x00,0x00,0x00,0x00,0x00,0x00,0x00,0x00,
    0x00,0x00,0x00,0x00,0x00,0x00,0x00,0x00,0x0a,0xbe,0xff,0xff,0xff,0x14,0xff,0xff,
    0x93,0xbe,0x0a,0x00,0x00,0x00,0x00,0x00,0x00,0x00,0x00,0x00,0x00,0x00,0x00,0x00,
    0x00,0x00,0x00,0x00,0x00,0x00,0x00,0x00,0x00,0x00,0x00,0x00,0x00,0x00,0x00,0x00,
    0x00,0x00,0x0a,0xbe,0xff,0xff,0xff,0x13,0xff,0xff,0x94,0xbe,0x0a,0x00,0x00,0x00,
    0x00,0x00,0x00,0x00,0x00,0x00,0x00,0x00,0x00,0x00,0x00,0x00,0x00,0x00,0x00,0x00,
    0x00,0x00,0x00,0x00,0x00,0x00,0x00,0x00,0x00,0x00,0x00,0x00,0x00,0x00,0x0a,0xbe,
    0xff,0xff,0xff,0x12,0xff,0xff,0x95,0xbe,0x0a,0x00,0x00,0x00,0x00,0x00,0x00,0x00,
    0x00,0x00,0x00,0x00,0x00,0x00,0x00,0x00,0x00,0x00,0x00,0x00,0x00,0x00,0x00,0x00,
    0x00,0x00,0x00,0x00,0x00,0x00,0x00,0x00,0x00,0x00,0x00,0x00,0x0a,0xbe,0xff,0xff,
    0xff,0x11,0xff,0xff,0x82,0xbe,0x0a,0x00,0x00,0x11,0x00,0x00,0x95,0x00,0x0a,0xbe,
    0xff,0xff,0xff,0xff,0xff,0xff,0xff,0xff,0xff,0xff,0xff,0xff,0xff,0xff,0xff,0xff,
    0xff,0xff,0xff,0xff,0xff,0xff,0xff,0xff,0xff,0xff,0xff,0xff,0xff,0xff,0xff,0xff,
    0xff,0xff,0xff,0xbe,0x0a,0x00,0x00,0x12,0x00,0x00,0x94,0x00,0x0a,0xc1,0xff,0xff,
    0xff,0xff,0xff,0xff,0xff,0xff,0xff,0xff,0xff,0xff,0xff,0xff,0xff,0xff,0xff,0xff,
    0xff,0xff,0xff,0xff,0xff,0xff,0xff,0xff,0xff,0xff,0xff,0xff,0xff,0xff,0xff,0xc1,
    0x0a,0x00,0x00,0x13,0x00,0x00,0x93,0x00,0x0f,0xc9,0xff,0xff,0xff,0xff,0xff,0xff,
    0xff,0xff,0xff,0xff,0xff,0xff,0xff,0xff,0xff,0xff,0xff,0xff,0xff,0xff,0xff,0xff,
    0xff,0xff,0xff,0xff,0xff,0xff,0xff,0xff,0xff,0xc9,0x0f,0x00,0x00,0x14,0x00,0x00,
    0x92,0x00,0x0f,0xc9,0xff,0xff,0xff,0xff,0xff,0xff,0xff,0xff,0xff,0xff,0xff,0xff,
    0xff,0xff,0xff,0xff,0xff,0xff,0xff,0xff,0xff,0xff,0xff,0xff,0xff,0xff,0xff,0xff,
    0xff,0xc9,0x0f,0x00,0x00,0x15,0x00,0x00,0x91,0x00,0x0f,0xc9,0xff,0xff,0xff,0xff,
    0xff,0xff,0xff,0xff,0xff,0xff,0xff,0xff,0xff,0xff,0xff,0xff,0xff,0xff,0xff,0xff,
    0xff,0xff,0xff,0xff,0xff,0xff,0xff,0xc9,0x0f,0x00,0x00,0x16,0x00,0x00,0x90,0x00,
    0x0f,0xc9,0xff,0xff,0xff,0xff,0xff,0xff,0xff,0xff,0xff,0xff,0xff,0xff,0xff,0xff,
    0xff,0xff,0xff,0xff,0xff,0xff,0xff,0xff,0xff,0xff,0xff,0xc9,0x0f,0x00,0x00,0x17,
    0x00,0x00,0x8f,0x00,0x0f,0xc9,0xff,0xff,0xff,0xff,0xff,0xff,0xff,0xff,0xff,0xff,
    0xff,0xff,0xff,0xff,0xff,0xff,0xff,0xff,0xff,0xff,0xff,0xff,0xff,0xc9,0x0f,0x00,
    0x00,0x18,0x00,0x00,0x8e,0x00,0x0f,0xc9,0xff,0xff,0xff,0xff,0xff,0xff,0xff,0xff,
    0xff,0xff,0xff,0xff,0xff,0xff,0xff,0xff,0xff,0xff,0xff,0xff,0xff,0xc9,0x0f,0x00,
    0x00,0x19,0x00,0x00,0x8d,0x00,0x0f,0xc9,0xff,0xff,0xff,0xff,0xff,0xff,0xff,0xff,
    0xff,0xff,0xff,0xff,0xff,0xff,0xff,0xff,0xff,0xff,0xff,0xc9,0x0f,0x00,0x00,0x1a,
    0x00,0x00,0x8c,0x00,0x0f,0xc9,0xff,0xff,0xff,0xff,0xff,0xff,0xff,0xff,0xff,0xff,
    0xff,0xff,0xff,0xff,0xff,0xff,0xff,0xc9,0x0f,0x00,0x00,0x1b,0x00,0x00,0x8b,0x00,
    0x0f,0xc9,0xff,0xff,0xff,0xff,0xff,0xff,0xff,0xff,0xff,0xff,0xff,0xff,0xff,0xff,
    0xff,0xc9,0x0f,0x00,0x00,0x1c,0x00,0x00,0x8a,0x00,0x11,0xd3,0xff,0xff,0xff,0xff,
    0xff,0xff,0xff,0xff,0xff,0xff,0xff,0xff,0xff,0xd3,0x11,0x00,0x00,0x1d,0x00,0x00,
    0x89,0x00,0x15,0xc8,0xff,0xff,0xff,0xff,0xff,0xff,0xff,0xff,0xff,0xff,0xff,0xc8,
    0x15,0x00,0x00,0x1e,0x00,0x00,0x88,0x00,0x08,0x90,0xfc,0xff,0xff,0xff,0xff,0xff,
    0xff,0xff,0xfc,0x90,0x08,0x00,0x00,0x20,0x00,0x00,0x96,0x23,0x80,0xcb,0xf0,0xff,
    0xf0,0xcb,0x80,0x23,0x00,0x00,0x00,0x00,0x00,0x00,0x00,0x00,0x00,0x00,0x00,0x00,
    0x00,0x00,0x00,0x00,0x00,0x00,0x00,0x00,0x00,0x00,0x00,0x00,0x00,0x00,0x00,0x00,
    0x00,0x00,0x00,0x00,0x00,0x00,0x00,

};

const lv_image_dsc_t HRS_RLE = {
  .header = {
    .magic = LV_IMAGE_HEADER_MAGIC,
    .cf = LV_COLOR_FORMAT_RGB565A8,
    .flags = 0 | LV_IMAGE_FLAGS_COMPRESSED,
    .w = 77,
    .h = 67,
    .stride = 154,
    .reserved_2 = 0,
  },
  .data_size = sizeof(HRS_RLE_map),
  .data = HRS_RLE_map,
  .reserved = NULL,
};

uint8_t HRS_LZ4_map[] = {

    0x02,0x00,0x00,0x00,0xe8,0x05,0x00,0x00,0x75,0x3c,0x00,0x00,0x1f,0x00,0x01,0x00,
    0x0a,0x2f,0x28,0xfa,0x02,0x00,0x09,0x0f,0x3b,0x00,0x0a,0x01,0x02,0x00,0x0f,0x3e,
    0x00,0x09,0x0f,0x40,0x00,0x11,0x0f,0x02,0x00,0x03,0x0f,0x56,0x00,0x0b,0x04,0x02,
    0x00,0x0f,0x3c,0x00,0x03,0x00,0xf0,0x00,0x04,0x22,0x00,0x0f,0x02,0x00,0x0b,0x02,
    0x2c,0x00,0x0f,0x02,0x00,0x17,0x0f,0x4e,0x00,0x0b,0x0c,0x02,0x00,0x0e,0x58,0x00,
    0x0c,0x22,0x00,0x0f,0x02,0x00,0x0b,0x0e,0x40,0x00,0x0f,0x02,0x00,0x03,0x0f,0x46,
    0x00,0x0b,0x0f,0x02,0x00,0x05,0x06,0x4c,0x00,0x0f,0x22,0x00,0x05,0x0f,0x02,0x00,
    0x0b,0x06,0x40,0x00,0x0f,0x02,0x00,0x05,0x0f,0x40,0x00,0x0b,0x0f,0x02,0x00,0x09,
    0x02,0x52,0x00,0x0f,0x22,0x00,0x09,0x0f,0x02,0x00,0x0b,0x02,0x40,0x00,0x0f,0x02,
    0x00,0x05,0x0f,0x3c,0x00,0x0b,0x0f,0x02,0x00,0x0d,0x0f,0x40,0x00,0x2f,0x0f,0x02,
    0x00,0x05,0x0f,0x7a,0x00,0x0d,0x0f,0x02,0x00,0x4f,0x0f,0x9a,0x00,0x03,0x0f,0x78,
    0x00,0x4f,0x0f,0x02,0x00,0x11,0x0e,0x9c,0x00,0x0f,0x36,0x00,0x11,0x0f,0x02,0x00,
    0x53,0x0a,0x9c,0x00,0x0f,0x74,0x00,0x53,0x0f,0x02,0x00,0x15,0x08,0x9c,0x00,0x0f,
    0x34,0x00,0x15,0x0f,0x02,0x00,0x53,0x06,0x9a,0x00,0x0f,0x70,0x00,0x53,0x0f,0x02,
    0x00,0x19,0x04,0x9c,0x00,0x0f,0x34,0x00,0x19,0x0f,0x02,0x00,0x53,0x02,0x9a,0x00,
    0x0f,0x6c,0x00,0x53,0x0f,0x02,0x00,0x1d,0x0f,0x7a,0x07,0x17,0x0f,0x02,0x00,0x5d,
    0x0f,0x9a,0x00,0x89,0x0f,0x0c,0x01,0x5d,0x0f,0x02,0x00,0xff,0xff,0xff,0xff,0xff,
    0xff,0xff,0xf0,0x0f,0x6e,0x08,0x85,0x0f,0xa0,0x09,0x89,0x0f,0x34,0x01,0x89,0x0f,
    0x9c,0x00,0x81,0x02,0xa2,0x0c,0x0f,0x9c,0x00,0x7f,0x02,0x94,0x00,0x02,0x02,0x00,
    0x0f,0x04,0x0b,0x7b,0x02,0x94,0x00,0x04,0x02,0x00,0x0f,0x9c,0x00,0x77,0x04,0x92,
    0x00,0x06,0x02,0x00,0x0f,0x9c,0x00,0x73,0x06,0x90,0x00,0x06,0x02,0x00,0x0f,0x9a,
    0x00,0x87,0x0f,0x9c,0x00,0x71,0x06,0x28,0x01,0x0c,0x02,0x00,0x0f,0x38,0x01,0x6b,
    0x0c,0x8e,0x00,0x0a,0x02,0x00,0x0f,0x9c,0x00,0x67,0x0a,0x88,0x00,0x0f,0x02,0x00,
    0x01,0x0f,0x9c,0x00,0x63,0x0f,0x8a,0x00,0x01,0x0e,0x02,0x00,0x0f,0x9c,0x00,0x5f,
    0x0e,0x84,0x00,0x0f,0x02,0x00,0x05,0x0f,0x9c,0x00,0x5b,0x0f,0x86,0x00,0x05,0x0f,
    0x02,0x00,0x03,0x0f,0x9c,0x00,0x57,0x0f,0x80,0x00,0x03,0x0f,0x02,0x00,0x09,0x0f,
    0x9c,0x00,0x53,0x0f,0x82,0x00,0x09,0x0f,0x02,0x00,0x07,0x0f,0x9c,0x00,0x4f,0x0f,
    0x7c,0x00,0x07,0x0f,0x02,0x00,0x0d,0x0f,0x9c,0x00,0x4b,0x0f,0x7e,0x00,0x0d,0x0f,
    0x02,0x00,0x0b,0x0f,0x9c,0x00,0x47,0x0f,0x78,0x00,0x0b,0x0f,0x02,0x00,0x11,0x0f,
    0x9c,0x00,0x43,0x0f,0x7a,0x00,0x11,0x0f,0x02,0x00,0x0f,0x0f,0x9c,0x00,0x3f,0x0f,
    0x74,0x00,0x0f,0x0f,0x02,0x00,0x15,0x0f,0x9c,0x00,0x3b,0x0f,0x76,0x00,0x15,0x0f,
    0x02,0x00,0x13,0x0f,0x9c,0x00,0x37,0x0f,0x70,0x00,0x13,0x0f,0x02,0x00,0x19,0x0f,
    0x9c,0x00,0x33,0x0f,0x72,0x00,0x19,0x0f,0x02,0x00,0x17,0x0f,0x9c,0x00,0x2f,0x0f,
    0x6c,0x00,0x17,0x0f,0x02,0x00,0x1d,0x0f,0x9c,0x00,0x2b,0x0f,0x6e,0x00,0x1d,0x0f,
    0x02,0x00,0x1b,0x0f,0x9c,0x00,0x27,0x0f,0x68,0x00,0x1b,0x0f,0x02,0x00,0x21,0x0f,
    0x9c,0x00,0x23,0x0f,0x6a,0x00,0x21,0x0f,0x02,0x00,0x1f,0x0f,0x9c,0x00,0x1f,0x0f,
    0x64,0x00,0x1f,0x0f,0x02,0x00,0x25,0x0f,0x9c,0x00,0x1b,0x0f,0x66,0x00,0x25,0x0f,
    0x02,0x00,0x23,0x0f,0x9c,0x00,0x17,0x0f,0x60,0x00,0x23,0x0f,0x02,0x00,0x29,0x0f,
    0x9c,0x00,0x13,0x0f,0x62,0x00,0x29,0x0f,0x02,0x00,0x27,0x0f,0x9c,0x00,0x0f,0x0f,
    0x5c,0x00,0x27,0x0f,0x02,0x00,0x2d,0x0f,0x9c,0x00,0x0b,0x0f,0x5e,0x00,0x2d,0x0f,
    0x02,0x00,0x2b,0x0f,0x9c,0x00,0x07,0x0f,0x58,0x00,0x2b,0x0f,0x02,0x00,0x33,0x0e,
    0x9e,0x00,0x0f,0x58,0x00,0x33,0x09,0x02,0x00,0xf9,0x00,0x01,0x30,0x70,0xa7,0xcd,
    0xed,0xfc,0xff,0xfe,0xee,0xd1,0xad,0x78,0x38,0x03,0x1c,0x00,0x00,0x79,0x28,0xf2,
    0x00,0x03,0x38,0x78,0xad,0xd1,0xee,0xfe,0xff,0xfc,0xed,0xcd,0xa7,0x70,0x30,0x01,
    0x15,0x00,0x0f,0x02,0x00,0x03,0x48,0x22,0x88,0xe2,0xff,0x01,0x00,0x39,0xe9,0x92,
    0x2c,0x29,0x00,0x38,0x2c,0x92,0xe9,0x1f,0x00,0x49,0xff,0xe2,0x88,0x22,0x20,0x00,
    0x07,0x02,0x00,0x39,0x25,0xa7,0xfc,0x2b,0x00,0x01,0x02,0x00,0x25,0xb4,0x31,0x22,
    0x00,0x21,0x31,0xb4,0x12,0x00,0x09,0x02,0x00,0x35,0xfc,0xa7,0x25,0x20,0x00,0x07,
    0x02,0x00,0x39,0x07,0x85,0xf9,0x27,0x00,0x04,0x02,0x00,0x31,0xfd,0x95,0x0e,0x26,
    0x00,0x34,0x0e,0x95,0xfd,0x13,0x00,0x09,0x02,0x00,0x31,0xf9,0x85,0x07,0x20,0x00,
    0x08,0x02,0x00,0x29,0x25,0xd0,0x23,0x00,0x08,0x02,0x00,0x78,0xdd,0x33,0x00,0x00,
    0x00,0x33,0xdd,0x13,0x00,0x09,0x02,0x00,0x1c,0xd0,0x9d,0x00,0x29,0x40,0xf1,0x20,
    0x00,0x0a,0x02,0x00,0x4f,0xf9,0x54,0x00,0x54,0xb7,0x00,0x03,0x02,0x02,0x00,0x28,
    0xf1,0x40,0x97,0x00,0x2f,0x00,0x4e,0x2c,0x00,0x09,0x4f,0xff,0xff,0xfd,0xa4,0xe3,
    0x00,0x03,0x04,0x02,0x00,0x27,0xf9,0x4e,0x4e,0x00,0x1f,0x3f,0x4c,0x00,0x0b,0x0f,
    0x02,0x00,0x0f,0x25,0xf9,0x3f,0x4e,0x00,0x1f,0x24,0xe4,0x00,0x09,0x0f,0x02,0x00,
    0x13,0x23,0xf1,0x24,0x4e,0x00,0x2f,0x06,0xcc,0x31,0x00,0x13,0x0f,0x02,0x00,0x0a,
    0x22,0xcc,0x06,0x4e,0x00,0x1f,0x80,0x26,0x00,0x0a,0x0f,0x02,0x00,0x15,0x11,0x80,
    0x4d,0x00,0x2f,0x20,0xf7,0x30,0x00,0x15,0x0f,0x02,0x00,0x0a,0x20,0xf7,0x20,0xe8,
    0x2b,0x1f,0xa1,0x24,0x00,0x0a,0x0f,0x02,0x00,0x17,0x6f,0xa1,0x00,0x00,0x00,0x1d,
    0xfa,0x30,0x00,0x17,0x0f,0x02,0x00,0x0a,0x5f,0xfa,0x1d,0x00,0x00,0x82,0x22,0x00,
    0x0a,0x0f,0x02,0x00,0x19,0x4f,0x82,0x00,0x00,0xdb,0x30,0x00,0x19,0x0f,0x02,0x00,
    0x0a,0x3f,0xdb,0x00,0x2c,0x20,0x00,0x0a,0x0f,0x02,0x00,0x1b,0x2f,0x2c,0x6a,0x30,
    0x00,0x1b,0x0f,0x02,0x00,0x0a,0x2f,0x6a,0xa2,0x1f,0x00,0x0a,0x0f,0x02,0x00,0x1b,
    0x2f,0xa2,0xc8,0x30,0x00,0x1b,0x0f,0x02,0x00,0x0a,0x2f,0xc8,0xea,0x1f,0x00,0x0a,
    0x0f,0x02,0x00,0x1b,0x1f,0xea,0x66,0x02,0x35,0x4f,0xff,0xff,0xff,0xff,0x4c,0x00,
    0x39,0x0f,0x02,0x00,0x3c,0x0f,0xcb,0x04,0x2f,0x06,0x02,0x00,0x26,0xf1,0xd8,0x0c,
    0x00,0x0f,0x02,0x00,0x2e,0x2f,0xd8,0xb3,0x43,0x00,0x2e,0x06,0x02,0x00,0x26,0xb3,
    0x84,0x0c,0x00,0x0f,0x02,0x00,0x2e,0x2f,0x84,0x45,0x43,0x00,0x2e,0x06,0x02,0x00,
    0x36,0x45,0x0a,0xf4,0x0d,0x00,0x0f,0x02,0x00,0x2c,0x4f,0xf4,0x0a,0x00,0xa7,0x43,
    0x00,0x2c,0x06,0x02,0x00,0x3f,0xa7,0x00,0x00,0xe8,0x00,0x37,0x56,0x45,0x00,0x00,
    0x01,0xd1,0x5c,0x00,0x0f,0x02,0x00,0x2a,0x6f,0xd1,0x01,0x00,0x00,0x00,0x53,0x43,
    0x00,0x2a,0x06,0x02,0x00,0x11,0x53,0xec,0x06,0x16,0xbe,0x11,0x00,0x0f,0x02,0x00,
    0x28,0x11,0xbe,0x4c,0x00,0x3f,0x00,0x27,0xf5,0x44,0x00,0x28,0x04,0x02,0x00,0x22,
    0xf5,0x27,0x4d,0x00,0x24,0x00,0x63,0x12,0x00,0x0f,0x02,0x00,0x28,0x13,0x63,0x4c,
    0x00,0x3f,0x00,0x00,0x94,0x46,0x00,0x28,0x02,0x02,0x00,0x15,0x94,0x4c,0x00,0x32,
    0x00,0x03,0xac,0x13,0x00,0x0f,0x02,0x00,0x26,0x18,0xac,0x98,0x0b,0x2f,0x06,0xb2,
    0x48,0x00,0x26,0x53,0xff,0xff,0xff,0xff,0xb2,0x03,0x09,0x03,0x02,0x00,0x0f,0x4e,
    0x00,0x2a,0x0b,0x4c,0x00,0x0f,0x4e,0x00,0x2a,0x0d,0x4c,0x00,0x0f,0x4e,0x00,0x28,
    0x0f,0x4c,0x00,0x00,0x0f,0x4e,0x00,0x26,0x0f,0x4c,0x00,0x02,0x42,0x00,0x00,0x06,
    0xbc,0x4f,0x01,0x0f,0x02,0x00,0x1a,0x1a,0xbc,0x7c,0x01,0x06,0x02,0x00,0x1f,0x0a,
    0x59,0x03,0x1f,0x26,0xbe,0x0a,0x3f,0x00,0x0b,0x02,0x00,0x0f,0x4e,0x00,0x1e,0x0f,
    0x4c,0x00,0x08,0x0f,0x4e,0x00,0x1e,0x0f,0x4c,0x00,0x0a,0x0f,0x4e,0x00,0x1c,0x0f,
    0x4c,0x00,0x0c,0x0f,0x4e,0x00,0x1a,0x0f,0x4c,0x00,0x0e,0x0f,0x4e,0x00,0x18,0x0f,
    0x4c,0x00,0x10,0x0f,0x4e,0x00,0x16,0x0f,0x4c,0x00,0x12,0x0f,0x4e,0x00,0x14,0x0f,
    0x4c,0x00,0x14,0x4f,0x00,0x00,0x0a,0xc1,0xb8,0x02,0x0e,0x1f,0xc1,0x60,0x02,0x07,
    0x0c,0x02,0x00,0x2f,0x0f,0xc9,0x4e,0x00,0x0c,0x2c,0xc9,0x0f,0x33,0x00,0x0f,0x02,
    0x00,0x08,0x0f,0x4e,0x00,0x0c,0x0f,0x4c,0x00,0x1a,0x0f,0x4e,0x00,0x0c,0x0f,0x4c,
    0x00,0x1c,0x0f,0x4e,0x00,0x0a,0x0f,0x4c,0x00,0x1e,0x0f,0x4e,0x00,0x08,0x0f,0x4c,
    0x00,0x20,0x0f,0x4e,0x00,0x06,0x0f,0x4c,0x00,0x22,0x0f,0x4e,0x00,0x04,0x0f,0x4c,
    0x00,0x24,0x0f,0x4e,0x00,0x02,0x0f,0x4c,0x00,0x26,0x0f,0x4e,0x00,0x00,0x0f,0x4c,
    0x00,0x28,0x49,0x00,0x00,0x11,0xd3,0xbe,0x02,0x2f,0xd3,0x11,0x9c,0x02,0x08,0x0f,
    0x02,0x00,0x0f,0x18,0x15,0xa9,0x0d,0x2f,0xc8,0x15,0x31,0x00,0x0f,0x0f,0x02,0x00,
    0x0a,0x24,0x08,0x90,0x08,0x13,0x3f,0xfc,0x90,0x08,0x2a,0x00,0x0a,0x0f,0x02,0x00,
    0x12,0x9f,0x23,0x80,0xcb,0xf0,0xff,0xf0,0xcb,0x80,0x23,0x2e,0x00,0x0a,0x50,0x00,
    0x00,0x00,0x00,0x00,

};

const lv_image_dsc_t HRS_LZ4 = {
  .header = {
    .magic = LV_IMAGE_HEADER_MAGIC,
    .cf = LV_COLOR_FORMAT_RGB565A8,
    .flags = 0 | LV_IMAGE_FLAGS_COMPRESSED,
    .w = 77,
    .h = 67,
    .stride = 154,
    .reserved_2 = 0,
  },
  .data_size = sizeof(HRS_LZ4_map),
  .data = HRS_LZ4_map,
  .reserved = NULL,
};


uint8_t RING_I8_map[] = {

    0x4c,0x70,0x47,0x00,0x22,0x04,0x8f,0x5d,0x2b,0x05,0xb4,0xd3,0x32,0x06,0xd1,0xf2,
    0x21,0x04,0x8c,0x52,0x26,0x04,0xa0,0xa7,0x3a,0x07,0xf1,0xfe,0x35,0x06,0xdd,0xf9,
    0x20,0x04,0x85,0x17,0x25,0x04,0x99,0x8c,0x23,0x04,0x92,0x73,0x35,0x06,0xde,0xfa,
    0x31,0x06,0xcc,0xee,0x2a,0x05,0xb1,0xce,0x21,0x04,0x89,0x45,0x20,0x04,0x87,0x35,
    0x2f,0x05,0xc6,0xea,0x25,0x04,0x9b,0x97,0x29,0x05,0xaa,0xc1,0x31,0xf9,0xa5,0xff,
    0x00,0x00,0x00,0xff,0xf2,0xe7,0x03,0xff,0x3d,0x07,0xff,0xff,0x3d,0x07,0xfd,0xff,
    0x02,0x02,0x00,0xff,0x05,0x1b,0x12,0xff,0x38,0x06,0xec,0xff,0x01,0x04,0x03,0xff,
    0x30,0xf4,0xa2,0xff,0x5f,0x5b,0x01,0xff,0x5c,0x58,0x01,0xff,0x3c,0x07,0xfc,0xff,
    0x89,0x82,0x02,0xff,0x19,0x18,0x00,0xff,0x3b,0x07,0xf7,0xff,0xd6,0xcc,0x03,0xff,
    0xde,0xd4,0x03,0xff,0x24,0x04,0x95,0xff,0x27,0x04,0xa3,0xff,0x16,0x72,0x4c,0xff,
    0x02,0x0c,0x08,0xff,0x39,0x36,0x01,0xff,0x03,0x00,0x0c,0xff,0x2f,0x05,0xc3,0xff,
    0x1b,0x8c,0x5d,0xff,0x1e,0x03,0x7f,0xff,0x20,0x04,0x87,0xff,0x1c,0x90,0x5f,0xff,
    0x1b,0x88,0x5a,0xff,0x1a,0x85,0x58,0xff,0x3c,0x07,0xfb,0xff,0x1e,0x1d,0x00,0xff,
    0x2d,0xe3,0x96,0xff,0x06,0x01,0x17,0xff,0x25,0xbd,0x7e,0xff,0x2b,0x05,0xb5,0xff,
    0x18,0x03,0x64,0xff,0x0d,0x41,0x2b,0xff,0x08,0x01,0x23,0xff,0x2d,0xe6,0x99,0xff,
    0x03,0x11,0x0b,0xff,0x3c,0x07,0xfa,0xff,0x2f,0xee,0x9e,0xff,0x2d,0xe4,0x97,0xff,
    0x0a,0x01,0x29,0xff,0xe5,0xda,0x03,0xff,0x01,0x03,0x02,0xff,0x21,0xa7,0x6f,0xff,
    0x32,0x06,0xd0,0xff,0x1b,0x8a,0x5b,0xff,0x26,0x04,0x9f,0xff,0x0f,0x4e,0x34,0xff,
    0x02,0x00,0x08,0xff,0x1f,0x04,0x82,0xff,0x0e,0x47,0x2f,0xff,0xa7,0x9f,0x02,0xff,
    0x21,0xa8,0x6f,0xff,0x53,0x4f,0x01,0xff,0x31,0xf8,0xa4,0xff,0x06,0x05,0x00,0xff,
    0xd6,0xcd,0x03,0xff,0x08,0x2a,0x1c,0xff,0x24,0xb9,0x7a,0xff,0x59,0x55,0x01,0xff,
    0x01,0x01,0x00,0xff,0xd0,0xc6,0x03,0xff,0x15,0x69,0x46,0xff,0x12,0x11,0x00,0xff,
    0x0d,0x43,0x2d,0xff,0xae,0xa6,0x02,0xff,0x24,0xb5,0x78,0xff,0x4c,0x48,0x01,0xff,
    0xc8,0xbf,0x02,0xff,0x22,0x04,0x90,0xff,0x16,0x6d,0x48,0xff,0x01,0x06,0x04,0xff,
    0x1c,0x1b,0x00,0xff,0x2f,0xef,0x9f,0xff,0x3f,0x3c,0x01,0xff,0x3d,0x3a,0x01,0xff,
    0x07,0x21,0x16,0xff,0x06,0x1f,0x15,0xff,0x24,0xb6,0x78,0xff,0xff,0xff,0xff,0x00,
    0xff,0xff,0xff,0x00,0xff,0xff,0xff,0x00,0xff,0xff,0xff,0x00,0xff,0xff,0xff,0x00,
    0xff,0xff,0xff,0x00,0xff,0xff,0xff,0x00,0xff,0xff,0xff,0x00,0xff,0xff,0xff,0x00,
    0xff,0xff,0xff,0x00,0xff,0xff,0xff,0x00,0xff,0xff,0xff,0x00,0xff,0xff,0xff,0x00,
    0xff,0xff,0xff,0x00,0xff,0xff,0xff,0x00,0xff,0xff,0xff,0x00,0xff,0xff,0xff,0x00,
    0xff,0xff,0xff,0x00,0xff,0xff,0xff,0x00,0xff,0xff,0xff,0x00,0xff,0xff,0xff,0x00,
    0xff,0xff,0xff,0x00,0xff,0xff,0xff,0x00,0xff,0xff,0xff,0x00,0xff,0xff,0xff,0x00,
    0xff,0xff,0xff,0x00,0xff,0xff,0xff,0x00,0xff,0xff,0xff,0x00,0xff,0xff,0xff,0x00,
    0xff,0xff,0xff,0x00,0xff,0xff,0xff,0x00,0xff,0xff,0xff,0x00,0xff,0xff,0xff,0x00,
    0xff,0xff,0xff,0x00,0xff,0xff,0xff,0x00,0xff,0xff,0xff,0x00,0xff,0xff,0xff,0x00,
    0xff,0xff,0xff,0x00,0xff,0xff,0xff,0x00,0xff,0xff,0xff,0x00,0xff,0xff,0xff,0x00,
    0xff,0xff,0xff,0x00,0xff,0xff,0xff,0x00,0xff,0xff,0xff,0x00,0xff,0xff,0xff,0x00,
    0xff,0xff,0xff,0x00,0xff,0xff,0xff,0x00,0xff,0xff,0xff,0x00,0xff,0xff,0xff,0x00,
    0xff,0xff,0xff,0x00,0xff,0xff,0xff,0x00,0xff,0xff,0xff,0x00,0xff,0xff,0xff,0x00,
    0xff,0xff,0xff,0x00,0xff,0xff,0xff,0x00,0xff,0xff,0xff,0x00,0xff,0xff,0xff,0x00,
    0xff,0xff,0xff,0x00,0xff,0xff,0xff,0x00,0xff,0xff,0xff,0x00,0xff,0xff,0xff,0x00,
    0xff,0xff,0xff,0x00,0xff,0xff,0xff,0x00,0xff,0xff,0xff,0x00,0xff,0xff,0xff,0x00,
    0xff,0xff,0xff,0x00,0xff,0xff,0xff,0x00,0xff,0xff,0xff,0x00,0xff,0xff,0xff,0x00,
    0xff,0xff,0xff,0x00,0xff,0xff,0xff,0x00,0xff,0xff,0xff,0x00,0xff,0xff,0xff,0x00,
    0xff,0xff,0xff,0x00,0xff,0xff,0xff,0x00,0xff,0xff,0xff,0x00,0xff,0xff,0xff,0x00,
    0xff,0xff,0xff,0x00,0xff,0xff,0xff,0x00,0xff,0xff,0xff,0x00,0xff,0xff,0xff,0x00,
    0xff,0xff,0xff,0x00,0xff,0xff,0xff,0x00,0xff,0xff,0xff,0x00,0xff,0xff,0xff,0x00,
    0xff,0xff,0xff,0x00,0xff,0xff,0xff,0x00,0xff,0xff,0xff,0x00,0xff,0xff,0xff,0x00,
    0xff,0xff,0xff,0x00,0xff,0xff,0xff,0x00,0xff,0xff,0xff,0x00,0xff,0xff,0xff,0x00,
    0xff,0xff,0xff,0x00,0xff,0xff,0xff,0x00,0xff,0xff,0xff,0x00,0xff,0xff,0xff,0x00,
    0xff,0xff,0xff,0x00,0xff,0xff,0xff,0x00,0xff,0xff,0xff,0x00,0xff,0xff,0xff,0x00,
    0xff,0xff,0xff,0x00,0xff,0xff,0xff,0x00,0xff,0xff,0xff,0x00,0xff,0xff,0xff,0x00,
    0xff,0xff,0xff,0x00,0xff,0xff,0xff,0x00,0xff,0xff,0xff,0x00,0xff,0xff,0xff,0x00,
    0xff,0xff,0xff,0x00,0xff,0xff,0xff,0x00,0xff,0xff,0xff,0x00,0xff,0xff,0xff,0x00,
    0xff,0xff,0xff,0x00,0xff,0xff,0xff,0x00,0xff,0xff,0xff,0x00,0xff,0xff,0xff,0x00,
    0xff,0xff,0xff,0x00,0xff,0xff,0xff,0x00,0xff,0xff,0xff,0x00,0xff,0xff,0xff,0x00,
    0xff,0xff,0xff,0x00,0xff,0xff,0xff,0x00,0xff,0xff,0xff,0x00,0xff,0xff,0xff,0x00,
    0xff,0xff,0xff,0x00,0xff,0xff,0xff,0x00,0xff,0xff,0xff,0x00,0xff,0xff,0xff,0x00,
    0xff,0xff,0xff,0x00,0xff,0xff,0xff,0x00,0xff,0xff,0xff,0x00,0xff,0xff,0xff,0x00,
    0xff,0xff,0xff,0x00,0xff,0xff,0xff,0x00,0xff,0xff,0xff,0x00,0xff,0xff,0xff,0x00,
    0xff,0xff,0xff,0x00,0xff,0xff,0xff,0x00,0xff,0xff,0xff,0x00,0xff,0xff,0xff,0x00,
    0xff,0xff,0xff,0x00,0xff,0xff,0xff,0x00,0xff,0xff,0xff,0x00,0xff,0xff,0xff,0x00,
    0xff,0xff,0xff,0x00,0xff,0xff,0xff,0x00,0xff,0xff,0xff,0x00,0xff,0xff,0xff,0x00,
    0xff,0xff,0xff,0x00,0xff,0xff,0xff,0x00,0xff,0xff,0xff,0x00,0xff,0xff,0xff,0x00,

    0x00,0x00,0x00,0x00,0x00,0x00,0x00,0x00,0x00,0x00,0x00,0x00,0x00,0x00,0x00,0x00,0x00,0x00,0x00,0x00,0x0f,0x11,0x0d,0x10,0x0b,0x06,0x1f,0x16,0x1f,0x06,0x0b,0x10,0x0d,0x11,0x0f,0x00,0x00,0x00,0x00,0x00,0x00,0x00,0x00,0x00,0x00,0x00,0x00,0x00,0x00,0x00,0x00,0x00,0x00,0x00,0x00,
    0x00,0x00,0x00,0x00,0x00,0x00,0x00,0x00,0x00,0x00,0x00,0x00,0x00,0x00,0x00,0x00,0x00,0x0e,0x12,0x07,0x16,0x16,0x16,0x16,0x16,0x16,0x16,0x16,0x16,0x16,0x16,0x16,0x16,0x16,0x16,0x07,0x12,0x0e,0x00,0x00,0x00,0x00,0x00,0x00,0x00,0x00,0x00,0x00,0x00,0x00,0x00,0x00,0x00,0x00,0x00,
    0x00,0x00,0x00,0x00,0x00,0x00,0x00,0x00,0x00,0x00,0x00,0x00,0x00,0x00,0x00,0x0a,0x0c,0x16,0x16,0x16,0x16,0x16,0x16,0x16,0x16,0x16,0x16,0x16,0x16,0x16,0x16,0x16,0x16,0x16,0x16,0x16,0x16,0x16,0x0c,0x0a,0x00,0x00,0x00,0x00,0x00,0x00,0x00,0x00,0x00,0x00,0x00,0x00,0x00,0x00,0x00,
    0x00,0x00,0x00,0x00,0x00,0x00,0x00,0x00,0x00,0x00,0x00,0x00,0x00,0x01,0x03,0x16,0x16,0x16,0x16,0x16,0x16,0x16,0x16,0x16,0x16,0x16,0x16,0x16,0x16,0x16,0x16,0x16,0x16,0x16,0x16,0x16,0x16,0x16,0x16,0x16,0x03,0x01,0x00,0x00,0x00,0x00,0x00,0x00,0x00,0x00,0x00,0x00,0x00,0x00,0x00,
    0x00,0x00,0x00,0x00,0x00,0x00,0x00,0x00,0x00,0x00,0x00,0x08,0x02,0x17,0x16,0x16,0x16,0x16,0x16,0x16,0x16,0x16,0x16,0x16,0x16,0x16,0x16,0x16,0x16,0x16,0x16,0x16,0x16,0x16,0x16,0x16,0x16,0x16,0x16,0x16,0x16,0x17,0x02,0x08,0x00,0x00,0x00,0x00,0x00,0x00,0x00,0x00,0x00,0x00,0x00,
    0x00,0x00,0x00,0x00,0x00,0x00,0x00,0x00,0x00,0x00,0x04,0x07,0x16,0x16,0x16,0x16,0x16,0x16,0x16,0x16,0x16,0x16,0x16,0x1a,0x2b,0x26,0x25,0x5d,0x25,0x26,0x2b,0x1a,0x16,0x16,0x16,0x16,0x16,0x16,0x16,0x16,0x16,0x16,0x16,0x07,0x04,0x00,0x00,0x00,0x00,0x00,0x00,0x00,0x00,0x00,0x00,
    0x00,0x00,0x00,0x00,0x00,0x00,0x00,0x00,0x00,0x09,0x22,0x16,0x16,0x16,0x16,0x16,0x16,0x16,0x16,0x32,0x37,0x38,0x3a,0x14,0x14,0x28,0x19,0x65,0x19,0x28,0x14,0x14,0x3a,0x38,0x37,0x32,0x16,0x16,0x16,0x16,0x16,0x16,0x16,0x16,0x22,0x09,0x00,0x00,0x00,0x00,0x00,0x00,0x00,0x00,0x00,
    0x00,0x00,0x00,0x00,0x00,0x00,0x00,0x00,0x05,0x17,0x16,0x16,0x16,0x16,0x16,0x16,0x16,0x1a,0x2d,0x35,0x1b,0x39,0x31,0x36,0x3b,0x13,0x13,0x13,0x13,0x13,0x3b,0x36,0x31,0x39,0x1b,0x35,0x2d,0x1a,0x16,0x16,0x16,0x16,0x16,0x16,0x16,0x17,0x05,0x00,0x00,0x00,0x00,0x00,0x00,0x00,0x00,
    0x00,0x00,0x00,0x00,0x00,0x00,0x00,0x05,0x16,0x16,0x16,0x16,0x16,0x16,0x16,0x3d,0x2e,0x2a,0x19,0x30,0x34,0x13,0x13,0x13,0x13,0x13,0x13,0x13,0x13,0x13,0x13,0x13,0x13,0x13,0x34,0x30,0x19,0x2a,0x2e,0x3d,0x16,0x16,0x16,0x16,0x16,0x16,0x16,0x05,0x00,0x00,0x00,0x00,0x00,0x00,0x00,
    0x00,0x00,0x00,0x00,0x00,0x00,0x09,0x17,0x16,0x16,0x16,0x16,0x16,0x16,0x44,0x40,0x3c,0x2f,0x1c,0x13,0x13,0x13,0x13,0x13,0x13,0x13,0x13,0x13,0x13,0x13,0x13,0x13,0x13,0x13,0x13,0x13,0x1c,0x2f,0x3c,0x40,0x44,0x16,0x16,0x16,0x16,0x16,0x16,0x17,0x09,0x00,0x00,0x00,0x00,0x00,0x00,
    0x00,0x00,0x00,0x00,0x00,0x04,0x22,0x16,0x16,0x16,0x16,0x16,0x16,0x46,0x48,0x47,0x3f,0x13,0x13,0x13,0x13,0x13,0x13,0x13,0x13,0x13,0x13,0x13,0x13,0x13,0x13,0x13,0x13,0x13,0x13,0x13,0x13,0x13,0x3f,0x47,0x48,0x46,0x16,0x16,0x16,0x16,0x16,0x16,0x22,0x04,0x00,0x00,0x00,0x00,0x00,
    0x00,0x00,0x00,0x00,0x08,0x07,0x16,0x16,0x16,0x16,0x16,0x16,0x49,0x42,0x45,0x13,0x13,0x13,0x13,0x13,0x13,0x13,0x13,0x13,0x13,0x13,0x13,0x13,0x13,0x13,0x13,0x13,0x13,0x13,0x13,0x13,0x13,0x13,0x13,0x13,0x45,0x42,0x49,0x16,0x16,0x16,0x16,0x16,0x16,0x07,0x08,0x00,0x00,0x00,0x00,
    0x00,0x00,0x00,0x00,0x02,0x16,0x16,0x16,0x16,0x16,0x16,0x49,0x5f,0x43,0x13,0x13,0x13,0x13,0x13,0x13,0x13,0x13,0x13,0x3e,0x5a,0x2c,0x27,0x5e,0x27,0x2c,0x5a,0x3e,0x13,0x13,0x13,0x13,0x13,0x13,0x13,0x13,0x13,0x43,0x5f,0x49,0x16,0x16,0x16,0x16,0x16,0x16,0x02,0x00,0x00,0x00,0x00,
    0x00,0x00,0x00,0x01,0x17,0x16,0x16,0x16,0x16,0x16,0x46,0x42,0x43,0x13,0x13,0x13,0x13,0x13,0x13,0x13,0x4e,0x4c,0x4a,0x1b,0x18,0x33,0x29,0x63,0x29,0x33,0x18,0x1b,0x4a,0x4c,0x4e,0x13,0x13,0x13,0x13,0x13,0x13,0x13,0x43,0x42,0x46,0x16,0x16,0x16,0x16,0x16,0x17,0x01,0x00,0x00,0x00,
    0x00,0x00,0x00,0x03,0x16,0x16,0x16,0x16,0x16,0x44,0x48,0x45,0x13,0x13,0x13,0x13,0x13,0x13,0x13,0x52,0x51,0x4f,0x4d,0x4b,0x41,0x15,0x15,0x15,0x15,0x15,0x41,0x4b,0x4d,0x4f,0x51,0x52,0x13,0x13,0x13,0x13,0x13,0x13,0x13,0x45,0x48,0x44,0x16,0x16,0x16,0x16,0x16,0x03,0x00,0x00,0x00,
    0x00,0x00,0x0a,0x16,0x16,0x16,0x16,0x16,0x3d,0x40,0x47,0x13,0x13,0x13,0x13,0x13,0x13,0x1c,0x56,0x54,0x53,0x50,0x15,0x15,0x15,0x15,0x15,0x15,0x15,0x15,0x15,0x15,0x15,0x50,0x53,0x54,0x56,0x1c,0x13,0x13,0x13,0x13,0x13,0x13,0x47,0x40,0x3d,0x16,0x16,0x16,0x16,0x16,0x0a,0x00,0x00,
    0x00,0x00,0x0c,0x16,0x16,0x16,0x16,0x16,0x2e,0x3c,0x3f,0x13,0x13,0x13,0x13,0x13,0x61,0x58,0x57,0x59,0x15,0x15,0x15,0x15,0x15,0x15,0x15,0x15,0x15,0x15,0x15,0x15,0x15,0x15,0x15,0x59,0x57,0x58,0x61,0x13,0x13,0x13,0x13,0x13,0x3f,0x3c,0x2e,0x16,0x16,0x16,0x16,0x16,0x0c,0x00,0x00,
    0x00,0x0e,0x16,0x16,0x16,0x16,0x16,0x1a,0x2a,0x2f,0x13,0x13,0x13,0x13,0x13,0x1c,0x58,0x60,0x55,0x15,0x15,0x15,0x15,0x15,0x15,0x15,0x15,0x15,0x15,0x15,0x15,0x15,0x15,0x15,0x15,0x15,0x55,0x60,0x58,0x1c,0x13,0x13,0x13,0x13,0x13,0x2f,0x2a,0x1a,0x16,0x16,0x16,0x16,0x16,0x0e,0x00,
    0x00,0x12,0x16,0x16,0x16,0x16,0x16,0x2d,0x19,0x1c,0x13,0x13,0x13,0x13,0x13,0x56,0x57,0x55,0x15,0x15,0x15,0x15,0x15,0x15,0x15,0x15,0x15,0x15,0x15,0x15,0x15,0x15,0x15,0x15,0x15,0x15,0x15,0x55,0x57,0x56,0x13,0x13,0x13,0x13,0x13,0x1c,0x19,0x2d,0x16,0x16,0x16,0x16,0x16,0x12,0x00,
    0x00,0x07,0x16,0x16,0x16,0x16,0x32,0x35,0x30,0x13,0x13,0x13,0x13,0x13,0x52,0x54,0x59,0x15,0x15,0x15,0x15,0x15,0x15,0x15,0x23,0x20,0x1d,0x5b,0x1d,0x20,0x23,0x15,0x15,0x15,0x15,0x15,0x15,0x15,0x59,0x54,0x52,0x13,0x13,0x13,0x13,0x13,0x30,0x35,0x32,0x16,0x16,0x16,0x16,0x07,0x00,
    0x0f,0x16,0x16,0x16,0x16,0x16,0x37,0x1b,0x34,0x13,0x13,0x13,0x13,0x4e,0x51,0x53,0x15,0x15,0x15,0x15,0x15,0x15,0x24,0x1e,0x18,0x14,0x14,0x14,0x14,0x14,0x18,0x1e,0x24,0x15,0x15,0x15,0x15,0x15,0x15,0x53,0x51,0x4e,0x13,0x13,0x13,0x13,0x34,0x1b,0x37,0x16,0x16,0x16,0x16,0x16,0x0f,
    0x11,0x16,0x16,0x16,0x16,0x16,0x38,0x39,0x13,0x13,0x13,0x13,0x13,0x4c,0x4f,0x50,0x15,0x15,0x15,0x15,0x15,0x5c,0x21,0x14,0x14,0x14,0x14,0x14,0x14,0x14,0x14,0x14,0x21,0x5c,0x15,0x15,0x15,0x15,0x15,0x50,0x4f,0x4c,0x13,0x13,0x13,0x13,0x13,0x39,0x38,0x16,0x16,0x16,0x16,0x16,0x11,
    0x0d,0x16,0x16,0x16,0x16,0x16,0x3a,0x31,0x13,0x13,0x13,0x13,0x13,0x4a,0x4d,0x15,0x15,0x15,0x15,0x15,0x24,0x21,0x14,0x14,0x14,0x14,0x14,0x14,0x14,0x14,0x14,0x14,0x14,0x21,0x24,0x15,0x15,0x15,0x15,0x15,0x4d,0x4a,0x13,0x13,0x13,0x13,0x13,0x31,0x3a,0x16,0x16,0x16,0x16,0x16,0x0d,
    0x10,0x16,0x16,0x16,0x16,0x1a,0x14,0x36,0x13,0x13,0x13,0x13,0x3e,0x1b,0x4b,0x15,0x15,0x15,0x15,0x15,0x1e,0x14,0x14,0x14,0x14,0x14,0x14,0x14,0x14,0x14,0x14,0x14,0x14,0x14,0x1e,0x15,0x15,0x15,0x15,0x15,0x4b,0x1b,0x3e,0x13,0x13,0x13,0x13,0x36,0x14,0x1a,0x16,0x16,0x16,0x16,0x10,
    0x0b,0x16,0x16,0x16,0x16,0x2b,0x14,0x3b,0x13,0x13,0x13,0x13,0x5a,0x18,0x41,0x15,0x15,0x15,0x15,0x23,0x18,0x14,0x14,0x14,0x14,0x14,0x14,0x14,0x14,0x14,0x14,0x14,0x14,0x14,0x18,0x23,0x15,0x15,0x15,0x15,0x41,0x18,0x66,0x13,0x13,0x13,0x13,0x3b,0x14,0x2b,0x16,0x16,0x16,0x16,0x0b,
    0x06,0x16,0x16,0x16,0x16,0x26,0x28,0x13,0x13,0x13,0x13,0x13,0x2c,0x33,0x15,0x15,0x15,0x15,0x15,0x20,0x14,0x14,0x14,0x14,0x14,0x14,0x14,0x14,0x14,0x14,0x14,0x14,0x14,0x14,0x14,0x20,0x15,0x15,0x15,0x15,0x15,0x33,0x2c,0x13,0x13,0x13,0x13,0x13,0x28,0x26,0x16,0x16,0x16,0x16,0x06,
    0x1f,0x16,0x16,0x16,0x16,0x25,0x19,0x13,0x13,0x13,0x13,0x13,0x27,0x29,0x15,0x15,0x15,0x15,0x15,0x1d,0x14,0x14,0x14,0x14,0x14,0x14,0x14,0x14,0x14,0x14,0x14,0x14,0x14,0x14,0x14,0x1d,0x15,0x15,0x15,0x15,0x15,0x29,0x27,0x13,0x13,0x13,0x13,0x13,0x19,0x25,0x16,0x16,0x16,0x16,0x1f,
    0x16,0x16,0x16,0x16,0x16,0x5d,0x64,0x13,0x13,0x13,0x13,0x13,0x5e,0x62,0x15,0x15,0x15,0x15,0x15,0x5b,0x14,0x14,0x14,0x14,0x14,0x14,0x14,0x14,0x14,0x14,0x14,0x14,0x14,0x14,0x14,0x5b,0x15,0x15,0x15,0x15,0x15,0x63,0x5e,0x13,0x13,0x13,0x13,0x13,0x65,0x5d,0x16,0x16,0x16,0x16,0x16,
    0x1f,0x16,0x16,0x16,0x16,0x25,0x19,0x13,0x13,0x13,0x13,0x13,0x27,0x29,0x15,0x15,0x15,0x15,0x15,0x1d,0x14,0x14,0x14,0x14,0x14,0x14,0x14,0x14,0x14,0x14,0x14,0x14,0x14,0x14,0x14,0x1d,0x15,0x15,0x15,0x15,0x15,0x29,0x27,0x13,0x13,0x13,0x13,0x13,0x19,0x25,0x16,0x16,0x16,0x16,0x1f,
    0x06,0x16,0x16,0x16,0x16,0x26,0x28,0x13,0x13,0x13,0x13,0x13,0x2c,0x33,0x15,0x15,0x15,0x15,0x15,0x20,0x14,0x14,0x14,0x14,0x14,0x14,0x14,0x14,0x14,0x14,0x14,0x14,0x14,0x14,0x14,0x20,0x15,0x15,0x15,0x15,0x15,0x33,0x2c,0x13,0x13,0x13,0x13,0x13,0x28,0x26,0x16,0x16,0x16,0x16,0x06,
    0x0b,0x16,0x16,0x16,0x16,0x2b,0x14,0x3b,0x13,0x13,0x13,0x13,0x5a,0x18,0x41,0x15,0x15,0x15,0x15,0x23,0x18,0x14,0x14,0x14,0x14,0x14,0x14,0x14,0x14,0x14,0x14,0x14,0x14,0x14,0x18,0x23,0x15,0x15,0x15,0x15,0x41,0x18,0x66,0x13,0x13,0x13,0x13,0x3b,0x14,0x2b,0x16,0x16,0x16,0x16,0x0b,
    0x10,0x16,0x16,0x16,0x16,0x1a,0x14,0x36,0x13,0x13,0x13,0x13,0x3e,0x1b,0x4b,0x15,0x15,0x15,0x15,0x15,0x1e,0x14,0x14,0x14,0x14,0x14,0x14,0x14,0x14,0x14,0x14,0x14,0x14,0x14,0x1e,0x15,0x15,0x15,0x15,0x15,0x4b,0x1b,0x3e,0x13,0x13,0x13,0x13,0x36,0x14,0x1a,0x16,0x16,0x16,0x16,0x10,
    0x0d,0x16,0x16,0x16,0x16,0x16,0x3a,0x31,0x13,0x13,0x13,0x13,0x13,0x4a,0x4d,0x15,0x15,0x15,0x15,0x15,0x24,0x21,0x14,0x14,0x14,0x14,0x14,0x14,0x14,0x14,0x14,0x14,0x14,0x21,0x24,0x15,0x15,0x15,0x15,0x15,0x4d,0x4a,0x13,0x13,0x13,0x13,0x13,0x31,0x3a,0x16,0x16,0x16,0x16,0x16,0x0d,
    0x11,0x16,0x16,0x16,0x16,0x16,0x38,0x39,0x13,0x13,0x13,0x13,0x13,0x4c,0x4f,0x50,0x15,0x15,0x15,0x15,0x15,0x5c,0x21,0x14,0x14,0x14,0x14,0x14,0x14,0x14,0x14,0x14,0x21,0x5c,0x15,0x15,0x15,0x15,0x15,0x50,0x4f,0x4c,0x13,0x13,0x13,0x13,0x13,0x39,0x38,0x16,0x16,0x16,0x16,0x16,0x11,
    0x0f,0x16,0x16,0x16,0x16,0x16,0x37,0x1b,0x34,0x13,0x13,0x13,0x13,0x4e,0x51,0x53,0x15,0x15,0x15,0x15,0x15,0x15,0x24,0x1e,0x18,0x14,0x14,0x14,0x14,0x14,0x18,0x1e,0x24,0x15,0x15,0x15,0x15,0x15,0x15,0x53,0x51,0x4e,0x13,0x13,0x13,0x13,0x34,0x1b,0x37,0x16,0x16,0x16,0x16,0x16,0x0f,
    0x00,0x07,0x16,0x16,0x16,0x16,0x32,0x35,0x30,0x13,0x13,0x13,0x13,0x13,0x52,0x54,0x59,0x15,0x15,0x15,0x15,0x15,0x15,0x15,0x23,0x20,0x1d,0x5b,0x1d,0x20,0x23,0x15,0x15,0x15,0x15,0x15,0x15,0x15,0x59,0x54,0x52,0x13,0x13,0x13,0x13,0x13,0x30,0x35,0x32,0x16,0x16,0x16,0x16,0x07,0x00,
    0x00,0x12,0x16,0x16,0x16,0x16,0x16,0x2d,0x19,0x1c,0x13,0x13,0x13,0x13,0x13,0x56,0x57,0x55,0x15,0x15,0x15,0x15,0x15,0x15,0x15,0x15,0x15,0x15,0x15,0x15,0x15,0x15,0x15,0x15,0x15,0x15,0x15,0x55,0x57,0x56,0x13,0x13,0x13,0x13,0x13,0x1c,0x19,0x2d,0x16,0x16,0x16,0x16,0x16,0x12,0x00,
    0x00,0x0e,0x16,0x16,0x16,0x16,0x16,0x1a,0x2a,0x2f,0x13,0x13,0x13,0x13,0x13,0x1c,0x58,0x60,0x55,0x15,0x15,0x15,0x15,0x15,0x15,0x15,0x15,0x15,0x15,0x15,0x15,0x15,0x15,0x15,0x15,0x15,0x55,0x60,0x58,0x1c,0x13,0x13,0x13,0x13,0x13,0x2f,0x2a,0x1a,0x16,0x16,0x16,0x16,0x16,0x0e,0x00,
    0x00,0x00,0x0c,0x16,0x16,0x16,0x16,0x16,0x2e,0x3c,0x3f,0x13,0x13,0x13,0x13,0x13,0x61,0x58,0x57,0x59,0x15,0x15,0x15,0x15,0x15,0x15,0x15,0x15,0x15,0x15,0x15,0x15,0x15,0x15,0x15,0x59,0x57,0x58,0x61,0x13,0x13,0x13,0x13,0x13,0x3f,0x3c,0x2e,0x16,0x16,0x16,0x16,0x16,0x0c,0x00,0x00,
    0x00,0x00,0x0a,0x16,0x16,0x16,0x16,0x16,0x3d,0x40,0x47,0x13,0x13,0x13,0x13,0x13,0x13,0x1c,0x56,0x54,0x53,0x50,0x15,0x15,0x15,0x15,0x15,0x15,0x15,0x15,0x15,0x15,0x15,0x50,0x53,0x54,0x56,0x1c,0x13,0x13,0x13,0x13,0x13,0x13,0x47,0x40,0x3d,0x16,0x16,0x16,0x16,0x16,0x0a,0x00,0x00,
    0x00,0x00,0x00,0x03,0x16,0x16,0x16,0x16,0x16,0x44,0x48,0x45,0x13,0x13,0x13,0x13,0x13,0x13,0x13,0x52,0x51,0x4f,0x4d,0x4b,0x41,0x15,0x15,0x15,0x15,0x15,0x41,0x4b,0x4d,0x4f,0x51,0x52,0x13,0x13,0x13,0x13,0x13,0x13,0x13,0x45,0x48,0x44,0x16,0x16,0x16,0x16,0x16,0x03,0x00,0x00,0x00,
    0x00,0x00,0x00,0x01,0x17,0x16,0x16,0x16,0x16,0x16,0x46,0x42,0x43,0x13,0x13,0x13,0x13,0x13,0x13,0x13,0x4e,0x4c,0x4a,0x1b,0x18,0x33,0x29,0x62,0x29,0x33,0x18,0x1b,0x4a,0x4c,0x4e,0x13,0x13,0x13,0x13,0x13,0x13,0x13,0x43,0x42,0x46,0x16,0x16,0x16,0x16,0x16,0x17,0x01,0x00,0x00,0x00,
    0x00,0x00,0x00,0x00,0x02,0x16,0x16,0x16,0x16,0x16,0x16,0x49,0x5f,0x43,0x13,0x13,0x13,0x13,0x13,0x13,0x13,0x13,0x13,0x3e,0x5a,0x2c,0x27,0x5e,0x27,0x2c,0x5a,0x3e,0x13,0x13,0x13,0x13,0x13,0x13,0x13,0x13,0x13,0x43,0x5f,0x49,0x16,0x16,0x16,0x16,0x16,0x16,0x02,0x00,0x00,0x00,0x00,
    0x00,0x00,0x00,0x00,0x08,0x07,0x16,0x16,0x16,0x16,0x16,0x16,0x49,0x42,0x45,0x13,0x13,0x13,0x13,0x13,0x13,0x13,0x13,0x13,0x13,0x13,0x13,0x13,0x13,0x13,0x13,0x13,0x13,0x13,0x13,0x13,0x13,0x13,0x13,0x13,0x45,0x42,0x49,0x16,0x16,0x16,0x16,0x16,0x16,0x07,0x08,0x00,0x00,0x00,0x00,
    0x00,0x00,0x00,0x00,0x00,0x04,0x22,0x16,0x16,0x16,0x16,0x16,0x16,0x46,0x48,0x47,0x3f,0x13,0x13,0x13,0x13,0x13,0x13,0x13,0x13,0x13,0x13,0x13,0x13,0x13,0x13,0x13,0x13,0x13,0x13,0x13,0x13,0x13,0x3f,0x47,0x48,0x46,0x16,0x16,0x16,0x16,0x16,0x16,0x22,0x04,0x00,0x00,0x00,0x00,0x00,
    0x00,0x00,0x00,0x00,0x00,0x00,0x09,0x17,0x16,0x16,0x16,0x16,0x16,0x16,0x44,0x40,0x3c,0x2f,0x1c,0x13,0x13,0x13,0x13,0x13,0x13,0x13,0x13,0x13,0x13,0x13,0x13,0x13,0x13,0x13,0x13,0x13,0x1c,0x2f,0x3c,0x40,0x44,0x16,0x16,0x16,0x16,0x16,0x16,0x17,0x09,0x00,0x00,0x00,0x00,0x00,0x00,
    0x00,0x00,0x00,0x00,0x00,0x00,0x00,0x05,0x16,0x16,0x16,0x16,0x16,0x16,0x16,0x3d,0x2e,0x2a,0x19,0x30,0x34,0x13,0x13,0x13,0x13,0x13,0x13,0x13,0x13,0x13,0x13,0x13,0x13,0x13,0x34,0x30,0x19,0x2a,0x2e,0x3d,0x16,0x16,0x16,0x16,0x16,0x16,0x16,0x05,0x00,0x00,0x00,0x00,0x00,0x00,0x00,
    0x00,0x00,0x00,0x00,0x00,0x00,0x00,0x00,0x05,0x17,0x16,0x16,0x16,0x16,0x16,0x16,0x16,0x1a,0x2d,0x35,0x1b,0x39,0x31,0x36,0x3b,0x13,0x13,0x13,0x13,0x13,0x3b,0x36,0x31,0x39,0x1b,0x35,0x2d,0x1a,0x16,0x16,0x16,0x16,0x16,0x16,0x16,0x17,0x05,0x00,0x00,0x00,0x00,0x00,0x00,0x00,0x00,
    0x00,0x00,0x00,0x00,0x00,0x00,0x00,0x00,0x00,0x09,0x22,0x16,0x16,0x16,0x16,0x16,0x16,0x16,0x16,0x32,0x37,0x38,0x3a,0x14,0x14,0x28,0x19,0x64,0x19,0x28,0x14,0x14,0x3a,0x38,0x37,0x32,0x16,0x16,0x16,0x16,0x16,0x16,0x16,0x16,0x22,0x09,0x00,0x00,0x00,0x00,0x00,0x00,0x00,0x00,0x00,
    0x00,0x00,0x00,0x00,0x00,0x00,0x00,0x00,0x00,0x00,0x04,0x07,0x16,0x16,0x16,0x16,0x16,0x16,0x16,0x16,0x16,0x16,0x16,0x1a,0x2b,0x26,0x25,0x5d,0x25,0x26,0x2b,0x1a,0x16,0x16,0x16,0x16,0x16,0x16,0x16,0x16,0x16,0x16,0x16,0x07,0x04,0x00,0x00,0x00,0x00,0x00,0x00,0x00,0x00,0x00,0x00,
    0x00,0x00,0x00,0x00,0x00,0x00,0x00,0x00,0x00,0x00,0x00,0x08,0x02,0x17,0x16,0x16,0x16,0x16,0x16,0x16,0x16,0x16,0x16,0x16,0x16,0x16,0x16,0x16,0x16,0x16,0x16,0x16,0x16,0x16,0x16,0x16,0x16,0x16,0x16,0x16,0x16,0x17,0x02,0x08,0x00,0x00,0x00,0x00,0x00,0x00,0x00,0x00,0x00,0x00,0x00,
    0x00,0x00,0x00,0x00,0x00,0x00,0x00,0x00,0x00,0x00,0x00,0x00,0x00,0x01,0x03,0x16,0x16,0x16,0x16,0x16,0x16,0x16,0x16,0x16,0x16,0x16,0x16,0x16,0x16,0x16,0x16,0x16,0x16,0x16,0x16,0x16,0x16,0x16,0x16,0x16,0x03,0x01,0x00,0x00,0x00,0x00,0x00,0x00,0x00,0x00,0x00,0x00,0x00,0x00,0x00,
    0x00,0x00,0x00,0x00,0x00,0x00,0x00,0x00,0x00,0x00,0x00,0x00,0x00,0x00,0x00,0x0a,0x0c,0x16,0x16,0x16,0x16,0x16,0x16,0x16,0x16,0x16,0x16,0x16,0x16,0x16,0x16,0x16,0x16,0x16,0x16,0x16,0x16,0x16,0x0c,0x0a,0x00,0x00,0x00,0x00,0x00,0x00,0x00,0x00,0x00,0x00,0x00,0x00,0x00,0x00,0x00,
    0x00,0x00,0x00,0x00,0x00,0x00,0x00,0x00,0x00,0x00,0x00,0x00,0x00,0x00,0x00,0x00,0x00,0x0e,0x12,0x07,0x16,0x16,0x16,0x16,0x16,0x16,0x16,0x16,0x16,0x16,0x16,0x16,0x16,0x16,0x16,0x07,0x12,0x0e,0x00,0x00,0x00,0x00,0x00,0x00,0x00,0x00,0x00,0x00,0x00,0x00,0x00,0x00,0x00,0x00,0x00,
    0x00,0x00,0x00,0x00,0x00,0x00,0x00,0x00,0x00,0x00,0x00,0x00,0x00,0x00,0x00,0x00,0x00,0x00,0x00,0x00,0x0f,0x11,0x0d,0x10,0x0b,0x06,0x1f,0x16,0x1f,0x06,0x0b,0x10,0x0d,0x11,0x0f,0x00,0x00,0x00,0x00,0x00,0x00,0x00,0x00,0x00,0x00,0x00,0x00,0x00,0x00,0x00,0x00,0x00,0x00,0x00,0x00,

};

const lv_image_dsc_t RING_I8 = {
  .header = {
    .magic = LV_IMAGE_HEADER_MAGIC,
    .cf = LV_COLOR_FORMAT_I8,
    .flags = 0,
    .w = 55,
    .h = 55,
    .stride = 55,
    .reserved_2 = 0,
  },
  .data_size = sizeof(RING_I8_map),
  .data = RING_I8_map,
  .reserved = NULL,
};

uint8_t RING_I8_LZ4_map[] = {

    0x02,0x00,0x00,0x00,0x9f,0x05,0x00,0x00,0xd1,0x0f,0x00,0x00,0xff,0xff,0x92,0x4c,
    0x70,0x47,0x00,0x22,0x04,0x8f,0x5d,0x2b,0x05,0xb4,0xd3,0x32,0x06,0xd1,0xf2,0x21,
    0x04,0x8c,0x52,0x26,0x04,0xa0,0xa7,0x3a,0x07,0xf1,0xfe,0x35,0x06,0xdd,0xf9,0x20,
    0x04,0x85,0x17,0x25,0x04,0x99,0x8c,0x23,0x04,0x92,0x73,0x35,0x06,0xde,0xfa,0x31,
    0x06,0xcc,0xee,0x2a,0x05,0xb1,0xce,0x21,0x04,0x89,0x45,0x20,0x04,0x87,0x35,0x2f,
    0x05,0xc6,0xea,0x25,0x04,0x9b,0x97,0x29,0x05,0xaa,0xc1,0x31,0xf9,0xa5,0xff,0x00,
    0x00,0x00,0xff,0xf2,0xe7,0x03,0xff,0x3d,0x07,0xff,0xff,0x3d,0x07,0xfd,0xff,0x02,
    0x02,0x00,0xff,0x05,0x1b,0x12,0xff,0x38,0x06,0xec,0xff,0x01,0x04,0x03,0xff,0x30,
    0xf4,0xa2,0xff,0x5f,0x5b,0x01,0xff,0x5c,0x58,0x01,0xff,0x3c,0x07,0xfc,0xff,0x89,
    0x82,0x02,0xff,0x19,0x18,0x00,0xff,0x3b,0x07,0xf7,0xff,0xd6,0xcc,0x03,0xff,0xde,
    0xd4,0x03,0xff,0x24,0x04,0x95,0xff,0x27,0x04,0xa3,0xff,0x16,0x72,0x4c,0xff,0x02,
    0x0c,0x08,0xff,0x39,0x36,0x01,0xff,0x03,0x00,0x0c,0xff,0x2f,0x05,0xc3,0xff,0x1b,
    0x8c,0x5d,0xff,0x1e,0x03,0x7f,0xff,0x20,0x04,0x87,0xff,0x1c,0x90,0x5f,0xff,0x1b,
    0x88,0x5a,0xff,0x1a,0x85,0x58,0xff,0x3c,0x07,0xfb,0xff,0x1e,0x1d,0x00,0xff,0x2d,
    0xe3,0x96,0xff,0x06,0x01,0x17,0xff,0x25,0xbd,0x7e,0xff,0x2b,0x05,0xb5,0xff,0x18,
    0x03,0x64,0xff,0x0d,0x41,0x2b,0xff,0x08,0x01,0x23,0xff,0x2d,0xe6,0x99,0xff,0x03,
    0x11,0x0b,0xff,0x3c,0x07,0xfa,0xff,0x2f,0xee,0x9e,0xff,0x2d,0xe4,0x97,0xff,0x0a,
    0x01,0x29,0xff,0xe5,0xda,0x03,0xff,0x01,0x03,0x02,0xff,0x21,0xa7,0x6f,0xff,0x32,
    0x06,0xd0,0xff,0x1b,0x8a,0x5b,0xff,0x26,0x04,0x9f,0xff,0x0f,0x4e,0x34,0xff,0x02,
    0x00,0x08,0xff,0x1f,0x04,0x82,0xff,0x0e,0x47,0x2f,0xff,0xa7,0x9f,0x02,0xff,0x21,
    0xa8,0x6f,0xff,0x53,0x4f,0x01,0xff,0x31,0xf8,0xa4,0xff,0x06,0x05,0x00,0xff,0xd6,
    0xcd,0x03,0xff,0x08,0x2a,0x1c,0xff,0x24,0xb9,0x7a,0xff,0x59,0x55,0x01,0xff,0x01,
    0x01,0x00,0xff,0xd0,0xc6,0x03,0xff,0x15,0x69,0x46,0xff,0x12,0x11,0x00,0xff,0x0d,
    0x43,0x2d,0xff,0xae,0xa6,0x02,0xff,0x24,0xb5,0x78,0xff,0x4c,0x48,0x01,0xff,0xc8,
    0xbf,0x02,0xff,0x22,0x04,0x90,0xff,0x16,0x6d,0x48,0xff,0x01,0x06,0x04,0xff,0x1c,
    0x1b,0x00,0xff,0x2f,0xef,0x9f,0xff,0x3f,0x3c,0x01,0xff,0x3d,0x3a,0x01,0xff,0x07,
    0x21,0x16,0xff,0x06,0x1f,0x15,0xff,0x24,0xb6,0x78,0xff,0xff,0xff,0xff,0x00,0x04,
    0x00,0xff,0xff,0x4f,0x0f,0x01,0x00,0x01,0xff,0x00,0x0f,0x11,0x0d,0x10,0x0b,0x06,
    0x1f,0x16,0x1f,0x06,0x0b,0x10,0x0d,0x11,0x0f,0x22,0x00,0x00,0x0e,0x02,0x00,0x4a,
    0x0e,0x12,0x07,0x16,0x01,0x00,0x3e,0x07,0x12,0x0e,0x27,0x00,0x0a,0x02,0x00,0x2a,
    0x0a,0x0c,0x33,0x00,0x03,0x02,0x00,0x2a,0x0c,0x0a,0x27,0x00,0x0a,0x02,0x00,0x23,
    0x01,0x03,0x27,0x00,0x0e,0x02,0x00,0x2a,0x03,0x01,0x2b,0x00,0x06,0x02,0x00,0x3e,
    0x08,0x02,0x17,0x2f,0x00,0x05,0x02,0x00,0x36,0x17,0x02,0x08,0x2b,0x00,0x07,0x02,
    0x00,0x18,0x04,0xd4,0x00,0x95,0x1a,0x2b,0x26,0x25,0x5d,0x25,0x26,0x2b,0x1a,0x37,
    0x00,0x47,0x16,0x16,0x07,0x04,0x2e,0x00,0x04,0x02,0x00,0x24,0x09,0x22,0x22,0x00,
    0xf4,0x02,0x32,0x37,0x38,0x3a,0x14,0x14,0x28,0x19,0x65,0x19,0x28,0x14,0x14,0x3a,
    0x38,0x37,0x32,0x19,0x00,0x24,0x22,0x09,0x2d,0x00,0x05,0x02,0x00,0x14,0x05,0xa1,
    0x00,0xf4,0x05,0x1a,0x2d,0x35,0x1b,0x39,0x31,0x36,0x3b,0x13,0x13,0x13,0x13,0x13,
    0x3b,0x36,0x31,0x39,0x1b,0x35,0x2d,0x74,0x00,0x25,0x17,0x05,0x30,0x00,0x02,0x02,
    0x00,0x13,0x05,0x52,0x00,0x61,0x3d,0x2e,0x2a,0x19,0x30,0x34,0x33,0x00,0x04,0x02,
    0x00,0x63,0x34,0x30,0x19,0x2a,0x2e,0x3d,0x20,0x00,0x0a,0x38,0x00,0x13,0x09,0x6c,
    0x00,0x54,0x44,0x40,0x3c,0x2f,0x1c,0x30,0x00,0x05,0x02,0x00,0x52,0x1c,0x2f,0x3c,
    0x40,0x44,0x38,0x00,0x18,0x17,0xa8,0x00,0x13,0x04,0xd8,0x00,0x45,0x46,0x48,0x47,
    0x3f,0x2d,0x00,0x08,0x02,0x00,0x42,0x3f,0x47,0x48,0x46,0x38,0x00,0x16,0x22,0x18,
    0x01,0x13,0x08,0x44,0x01,0x38,0x49,0x42,0x45,0x2c,0x00,0x09,0x02,0x00,0x32,0x45,
    0x42,0x49,0x38,0x00,0x15,0x07,0x88,0x01,0x12,0x02,0x11,0x00,0x35,0x49,0x5f,0x43,
    0x2a,0x00,0x95,0x3e,0x5a,0x2c,0x27,0x5e,0x27,0x2c,0x5a,0x3e,0x12,0x00,0x23,0x43,
    0x5f,0x38,0x00,0x12,0x02,0x0e,0x01,0x22,0x00,0x01,0xd9,0x00,0x24,0x46,0x42,0x36,
    0x00,0xf3,0x00,0x4e,0x4c,0x4a,0x1b,0x18,0x33,0x29,0x63,0x29,0x33,0x18,0x1b,0x4a,
    0x4c,0x4e,0x3a,0x00,0x22,0x43,0x42,0xa8,0x00,0x13,0x17,0x30,0x02,0x02,0x52,0x02,
    0x24,0x44,0x48,0xa2,0x00,0xf3,0x02,0x52,0x51,0x4f,0x4d,0x4b,0x41,0x15,0x15,0x15,
    0x15,0x15,0x41,0x4b,0x4d,0x4f,0x51,0x52,0x38,0x00,0x22,0x45,0x48,0x18,0x01,0x11,
    0x03,0x6f,0x00,0x11,0x0a,0xa3,0x00,0x32,0x3d,0x40,0x47,0x1e,0x00,0x51,0x1c,0x56,
    0x54,0x53,0x50,0x34,0x00,0x02,0x02,0x00,0x43,0x50,0x53,0x54,0x56,0x5d,0x01,0x22,
    0x47,0x40,0x88,0x01,0x01,0xd8,0x02,0x02,0xf4,0x02,0x22,0x2e,0x3c,0x44,0x01,0x42,
    0x61,0x58,0x57,0x59,0x30,0x00,0x05,0x02,0x00,0x41,0x59,0x57,0x58,0x61,0x53,0x00,
    0x31,0x3f,0x3c,0x2e,0x63,0x00,0x51,0x0c,0x00,0x00,0x00,0x0e,0x0a,0x00,0x31,0x1a,
    0x2a,0x2f,0x1a,0x00,0x45,0x1c,0x58,0x60,0x55,0x30,0x00,0x04,0x02,0x00,0x32,0x55,
    0x60,0x58,0x70,0x00,0x22,0x2f,0x2a,0x30,0x02,0x41,0x0e,0x00,0x00,0x12,0x37,0x00,
    0x22,0x2d,0x19,0x19,0x00,0x2e,0x56,0x57,0x36,0x00,0x52,0x15,0x15,0x55,0x57,0x56,
    0x55,0x00,0x21,0x19,0x2d,0x2e,0x00,0x31,0x12,0x00,0x00,0xb4,0x01,0x31,0x32,0x35,
    0x30,0x18,0x00,0x24,0x52,0x54,0xa2,0x00,0x73,0x23,0x20,0x1d,0x5b,0x1d,0x20,0x23,
    0x71,0x00,0x22,0x59,0x54,0x18,0x01,0x21,0x30,0x35,0xd8,0x02,0x31,0x07,0x00,0x0f,
    0x3f,0x00,0x21,0x37,0x1b,0x88,0x02,0x32,0x4e,0x51,0x53,0x28,0x00,0xb2,0x24,0x1e,
    0x18,0x14,0x14,0x14,0x14,0x14,0x18,0x1e,0x24,0x11,0x00,0x21,0x53,0x51,0x88,0x01,
    0x31,0x34,0x1b,0x37,0x30,0x00,0x21,0x0f,0x11,0x07,0x00,0x21,0x38,0x39,0x6d,0x00,
    0x22,0x4c,0x4f,0x44,0x01,0x21,0x5c,0x21,0x35,0x00,0x61,0x14,0x14,0x14,0x14,0x21,
    0x5c,0x38,0x00,0x31,0x50,0x4f,0x4c,0x22,0x00,0x21,0x39,0x38,0x30,0x00,0x21,0x11,
    0x0d,0x07,0x00,0x21,0x3a,0x31,0x15,0x00,0x21,0x4a,0x4d,0x24,0x00,0x16,0x24,0x36,
    0x00,0x32,0x14,0x14,0x21,0x70,0x00,0x21,0x4d,0x4a,0x22,0x00,0x21,0x31,0x3a,0x30,
    0x00,0xf1,0x01,0x0d,0x10,0x16,0x16,0x16,0x16,0x1a,0x14,0x36,0x13,0x13,0x13,0x13,
    0x3e,0x1b,0x4b,0x37,0x00,0x12,0x1e,0x69,0x00,0x03,0x02,0x00,0x11,0x1e,0x14,0x00,
    0x21,0x4b,0x1b,0x68,0x02,0x21,0x36,0x14,0x4c,0x01,0x81,0x10,0x0b,0x16,0x16,0x16,
    0x16,0x2b,0x14,0x96,0x03,0x21,0x5a,0x18,0x1c,0x02,0x12,0x23,0xd8,0x00,0x04,0x02,
    0x00,0x11,0x18,0x18,0x01,0x31,0x41,0x18,0x66,0xb8,0x03,0xe1,0x14,0x2b,0x16,0x16,
    0x16,0x16,0x0b,0x06,0x16,0x16,0x16,0x16,0x26,0x28,0x82,0x00,0x21,0x2c,0x33,0x59,
    0x00,0x14,0x20,0x31,0x00,0x03,0x02,0x00,0x11,0x20,0x16,0x00,0x21,0x33,0x2c,0x24,
    0x00,0xe1,0x28,0x26,0x16,0x16,0x16,0x16,0x06,0x1f,0x16,0x16,0x16,0x16,0x25,0x19,
    0x13,0x00,0x21,0x27,0x29,0x21,0x00,0x13,0x1d,0x2f,0x00,0x04,0x02,0x00,0x11,0x1d,
    0x16,0x00,0x21,0x29,0x27,0x24,0x00,0x61,0x19,0x25,0x16,0x16,0x16,0x16,0x36,0x00,
    0x31,0x16,0x5d,0x64,0x13,0x00,0x21,0x5e,0x62,0x21,0x00,0x14,0x5b,0x30,0x00,0x03,
    0x02,0x00,0x11,0x5b,0x16,0x00,0x21,0x63,0x5e,0x24,0x00,0x21,0x65,0x5d,0x14,0x01,
    0x01,0x38,0x00,0x0f,0x6e,0x00,0x1f,0x0f,0xdc,0x00,0x24,0x0f,0x4a,0x01,0x24,0x0f,
    0xb8,0x01,0x24,0x0f,0x26,0x02,0x24,0x0f,0x94,0x02,0x24,0x0f,0x02,0x03,0x24,0x0f,
    0x70,0x03,0x24,0x0f,0xde,0x03,0x25,0x11,0x0e,0xf6,0x01,0x0f,0x4c,0x04,0x1e,0x0f,
    0xba,0x04,0x24,0x0f,0x28,0x05,0x25,0x0f,0x96,0x05,0x24,0x0f,0x04,0x06,0x06,0x1f,
    0x62,0x04,0x06,0x0b,0x21,0x00,0x02,0x16,0x01,0x0f,0x72,0x06,0x1d,0x0f,0xe0,0x06,
    0x25,0x0f,0x4e,0x07,0x24,0x0f,0xbc,0x07,0x25,0x0f,0x2a,0x08,0x25,0x0f,0x98,0x08,
    0x25,0x0f,0x06,0x09,0x01,0x1f,0x64,0x06,0x09,0x10,0x0f,0x74,0x09,0x25,0x0f,0xe2,
    0x09,0x25,0x0f,0x50,0x0a,0x25,0x0f,0xbe,0x0a,0x26,0x0f,0x2c,0x0b,0x26,0x01,0x02,
    0x00,0x0f,0x9a,0x0b,0x0b,0x50,0x00,0x00,0x00,0x00,0x00,

};

const lv_image_dsc_t RING_I8_LZ4 = {
  .header = {
    .magic = LV_IMAGE_HEADER_MAGIC,
    .cf = LV_COLOR_FORMAT_I8,
    .flags = 0 | LV_IMAGE_FLAGS_COMPRESSED,
    .w = 55,
    .h = 55,
    .stride = 55,
    .reserved_2 = 0,
  },
  .data_size = sizeof(RING_I8_LZ4_map),
  .data = RING_I8_LZ4_map,
  .reserved = NULL,
};

uint8_t RING_I8_RLE_map[] = {

    0x01,0x00,0x00,0x00,0xcf,0x0d,0x00,0x00,0xd1,0x0f,0x00,0x00,0xff,0x4c,0x70,0x47,
    0x00,0x22,0x04,0x8f,0x5d,0x2b,0x05,0xb4,0xd3,0x32,0x06,0xd1,0xf2,0x21,0x04,0x8c,
    0x52,0x26,0x04,0xa0,0xa7,0x3a,0x07,0xf1,0xfe,0x35,0x06,0xdd,0xf9,0x20,0x04,0x85,
    0x17,0x25,0x04,0x99,0x8c,0x23,0x04,0x92,0x73,0x35,0x06,0xde,0xfa,0x31,0x06,0xcc,
    0xee,0x2a,0x05,0xb1,0xce,0x21,0x04,0x89,0x45,0x20,0x04,0x87,0x35,0x2f,0x05,0xc6,
    0xea,0x25,0x04,0x9b,0x97,0x29,0x05,0xaa,0xc1,0x31,0xf9,0xa5,0xff,0x00,0x00,0x00,
    0xff,0xf2,0xe7,0x03,0xff,0x3d,0x07,0xff,0xff,0x3d,0x07,0xfd,0xff,0x02,0x02,0x00,
    0xff,0x05,0x1b,0x12,0xff,0x38,0x06,0xec,0xff,0x01,0x04,0x03,0xff,0x30,0xf4,0xa2,
    0xff,0x5f,0x5b,0x01,0xff,0x5c,0x58,0x01,0xff,0x3c,0x07,0xfc,0xff,0xff,0x89,0x82,
    0x02,0xff,0x19,0x18,0x00,0xff,0x3b,0x07,0xf7,0xff,0xd6,0xcc,0x03,0xff,0xde,0xd4,
    0x03,0xff,0x24,0x04,0x95,0xff,0x27,0x04,0xa3,0xff,0x16,0x72,0x4c,0xff,0x02,0x0c,
    0x08,0xff,0x39,0x36,0x01,0xff,0x03,0x00,0x0c,0xff,0x2f,0x05,0xc3,0xff,0x1b,0x8c,
    0x5d,0xff,0x1e,0x03,0x7f,0xff,0x20,0x04,0x87,0xff,0x1c,0x90,0x5f,0xff,0x1b,0x88,
    0x5a,0xff,0x1a,0x85,0x58,0xff,0x3c,0x07,0xfb,0xff,0x1e,0x1d,0x00,0xff,0x2d,0xe3,
    0x96,0xff,0x06,0x01,0x17,0xff,0x25,0xbd,0x7e,0xff,0x2b,0x05,0xb5,0xff,0x18,0x03,
    0x64,0xff,0x0d,0x41,0x2b,0xff,0x08,0x01,0x23,0xff,0x2d,0xe6,0x99,0xff,0x03,0x11,
    0x0b,0xff,0x3c,0x07,0xfa,0xff,0x2f,0xee,0x9e,0xff,0x2d,0xe4,0xff,0x97,0xff,0x0a,
    0x01,0x29,0xff,0xe5,0xda,0x03,0xff,0x01,0x03,0x02,0xff,0x21,0xa7,0x6f,0xff,0x32,
    0x06,0xd0,0xff,0x1b,0x8a,0x5b,0xff,0x26,0x04,0x9f,0xff,0x0f,0x4e,0x34,0xff,0x02,
    0x00,0x08,0xff,0x1f,0x04,0x82,0xff,0x0e,0x47,0x2f,0xff,0xa7,0x9f,0x02,0xff,0x21,
    0xa8,0x6f,0xff,0x53,0x4f,0x01,0xff,0x31,0xf8,0xa4,0xff,0x06,0x05,0x00,0xff,0xd6,
    0xcd,0x03,0xff,0x08,0x2a,0x1c,0xff,0x24,0xb9,0x7a,0xff,0x59,0x55,0x01,0xff,0x01,
    0x01,0x00,0xff,0xd0,0xc6,0x03,0xff,0x15,0x69,0x46,0xff,0x12,0x11,0x00,0xff,0x0d,
    0x43,0x2d,0xff,0xae,0xa6,0x02,0xff,0x24,0xb5,0x78,0xff,0x4c,0x48,0x01,0xff,0xc8,
    0xbf,0x02,0xff,0x22,0x04,0x90,0xff,0x16,0x6d,0x48,0xff,0x01,0xff,0x06,0x04,0xff,
    0x1c,0x1b,0x00,0xff,0x2f,0xef,0x9f,0xff,0x3f,0x3c,0x01,0xff,0x3d,0x3a,0x01,0xff,
    0x07,0x21,0x16,0xff,0x06,0x1f,0x15,0xff,0x24,0xb6,0x78,0xff,0xff,0xff,0xff,0x00,
    0xff,0xff,0xff,0x00,0xff,0xff,0xff,0x00,0xff,0xff,0xff,0x00,0xff,0xff,0xff,0x00,
    0xff,0xff,0xff,0x00,0xff,0xff,0xff,0x00,0xff,0xff,0xff,0x00,0xff,0xff,0xff,0x00,
    0xff,0xff,0xff,0x00,0xff,0xff,0xff,0x00,0xff,0xff,0xff,0x00,0xff,0xff,0xff,0x00,
    0xff,0xff,0xff,0x00,0xff,0xff,0xff,0x00,0xff,0xff,0xff,0x00,0xff,0xff,0xff,0x00,
    0xff,0xff,0xff,0x00,0xff,0xff,0xff,0x00,0xff,0xff,0xff,0x00,0xff,0xff,0xff,0x00,
    0xff,0xff,0xff,0x00,0xff,0xff,0xff,0x00,0xff,0xff,0xff,0x00,0xff,0xff,0xff,0xff,
    0x00,0xff,0xff,0xff,0x00,0xff,0xff,0xff,0x00,0xff,0xff,0xff,0x00,0xff,0xff,0xff,
    0x00,0xff,0xff,0xff,0x00,0xff,0xff,0xff,0x00,0xff,0xff,0xff,0x00,0xff,0xff,0xff,
    0x00,0xff,0xff,0xff,0x00,0xff,0xff,0xff,0x00,0xff,0xff,0xff,0x00,0xff,0xff,0xff,
    0x00,0xff,0xff,0xff,0x00,0xff,0xff,0xff,0x00,0xff,0xff,0xff,0x00,0xff,0xff,0xff,
    0x00,0xff,0xff,0xff,0x00,0xff,0xff,0xff,0x00,0xff,0xff,0xff,0x00,0xff,0xff,0xff,
    0x00,0xff,0xff,0xff,0x00,0xff,0xff,0xff,0x00,0xff,0xff,0xff,0x00,0xff,0xff,0xff,
    0x00,0xff,0xff,0xff,0x00,0xff,0xff,0xff,0x00,0xff,0xff,0xff,0x00,0xff,0xff,0xff,
    0x00,0xff,0xff,0xff,0x00,0xff,0xff,0xff,0x00,0xff,0xff,0xff,0xff,0x00,0xff,0xff,
    0xff,0x00,0xff,0xff,0xff,0x00,0xff,0xff,0xff,0x00,0xff,0xff,0xff,0x00,0xff,0xff,
    0xff,0x00,0xff,0xff,0xff,0x00,0xff,0xff,0xff,0x00,0xff,0xff,0xff,0x00,0xff,0xff,
    0xff,0x00,0xff,0xff,0xff,0x00,0xff,0xff,0xff,0x00,0xff,0xff,0xff,0x00,0xff,0xff,
    0xff,0x00,0xff,0xff,0xff,0x00,0xff,0xff,0xff,0x00,0xff,0xff,0xff,0x00,0xff,0xff,
    0xff,0x00,0xff,0xff,0xff,0x00,0xff,0xff,0xff,0x00,0xff,0xff,0xff,0x00,0xff,0xff,
    0xff,0x00,0xff,0xff,0xff,0x00,0xff,0xff,0xff,0x00,0xff,0xff,0xff,0x00,0xff,0xff,
    0xff,0x00,0xff,0xff,0xff,0x00,0xff,0xff,0xff,0x00,0xff,0xff,0xff,0x00,0xff,0xff,
    0xff,0x00,0xff,0xff,0xff,0x00,0xff,0xff,0xff,0x00,0xff,0xff,0xff,0xff,0x00,0xff,
    0xff,0xff,0x00,0xff,0xff,0xff,0x00,0xff,0xff,0xff,0x00,0xff,0xff,0xff,0x00,0xff,
    0xff,0xff,0x00,0xff,0xff,0xff,0x00,0xff,0xff,0xff,0x00,0xff,0xff,0xff,0x00,0xff,
    0xff,0xff,0x00,0xff,0xff,0xff,0x00,0xff,0xff,0xff,0x00,0xff,0xff,0xff,0x00,0xff,
    0xff,0xff,0x00,0xff,0xff,0xff,0x00,0xff,0xff,0xff,0x00,0xff,0xff,0xff,0x00,0xff,
    0xff,0xff,0x00,0xff,0xff,0xff,0x00,0xff,0xff,0xff,0x00,0xff,0xff,0xff,0x00,0xff,
    0xff,0xff,0x00,0xff,0xff,0xff,0x00,0xff,0xff,0xff,0x00,0xff,0xff,0xff,0x00,0xff,
    0xff,0xff,0x00,0xff,0xff,0xff,0x00,0xff,0xff,0xff,0x00,0xff,0xff,0xff,0x00,0xff,
    0xff,0xff,0x00,0xff,0xff,0xff,0x00,0xff,0xff,0xff,0x00,0xff,0xff,0xff,0xff,0x00,
    0xff,0xff,0xff,0x00,0xff,0xff,0xff,0x00,0xff,0xff,0xff,0x00,0xff,0xff,0xff,0x00,
    0xff,0xff,0xff,0x00,0xff,0xff,0xff,0x00,0xff,0xff,0xff,0x00,0xff,0xff,0xff,0x00,
    0xff,0xff,0xff,0x00,0xff,0xff,0xff,0x00,0xff,0xff,0xff,0x00,0xff,0xff,0xff,0x00,
    0xff,0xff,0xff,0x00,0xff,0xff,0xff,0x00,0xff,0xff,0xff,0x00,0xff,0xff,0xff,0x00,
    0xff,0xff,0xff,0x00,0xff,0xff,0xff,0x00,0xff,0xff,0xff,0x00,0xff,0xff,0xff,0x00,
    0xff,0xff,0xff,0x00,0xff,0xff,0xff,0x00,0xff,0xff,0xff,0x00,0xff,0xff,0xff,0x00,
    0xff,0xff,0xff,0x00,0xff,0xff,0xff,0x00,0xff,0xff,0xff,0x00,0xff,0xff,0xff,0x00,
    0xff,0xff,0xff,0x00,0xff,0xff,0xff,0x00,0xff,0xff,0xff,0x00,0x88,0xff,0xff,0xff,
    0x00,0xff,0xff,0xff,0x00,0x14,0x00,0x90,0x0f,0x11,0x0d,0x10,0x0b,0x06,0x1f,0x16,
    0x1f,0x06,0x0b,0x10,0x0d,0x11,0x0f,0x00,0x24,0x00,0x96,0x0e,0x12,0x07,0x16,0x16,
    0x16,0x16,0x16,0x16,0x16,0x16,0x16,0x16,0x16,0x16,0x16,0x16,0x16,0x07,0x12,0x0e,
    0x00,0x1f,0x00,0x83,0x0a,0x0c,0x16,0x14,0x16,0x83,0x0c,0x0a,0x00,0x1b,0x00,0x83,
    0x01,0x03,0x16,0x18,0x16,0x83,0x03,0x01,0x00,0x17,0x00,0x84,0x08,0x02,0x17,0x16,
    0x1a,0x16,0x84,0x17,0x02,0x08,0x00,0x14,0x00,0xa4,0x04,0x07,0x16,0x16,0x16,0x16,
    0x16,0x16,0x16,0x16,0x16,0x16,0x16,0x1a,0x2b,0x26,0x25,0x5d,0x25,0x26,0x2b,0x1a,
    0x16,0x16,0x16,0x16,0x16,0x16,0x16,0x16,0x16,0x16,0x16,0x07,0x04,0x00,0x12,0x00,
    0xff,0x09,0x22,0x16,0x16,0x16,0x16,0x16,0x16,0x16,0x16,0x32,0x37,0x38,0x3a,0x14,
    0x14,0x28,0x19,0x65,0x19,0x28,0x14,0x14,0x3a,0x38,0x37,0x32,0x16,0x16,0x16,0x16,
    0x16,0x16,0x16,0x16,0x22,0x09,0x00,0x00,0x00,0x00,0x00,0x00,0x00,0x00,0x00,0x00,
    0x00,0x00,0x00,0x00,0x00,0x00,0x00,0x05,0x17,0x16,0x16,0x16,0x16,0x16,0x16,0x16,
    0x1a,0x2d,0x35,0x1b,0x39,0x31,0x36,0x3b,0x13,0x13,0x13,0x13,0x13,0x3b,0x36,0x31,
    0x39,0x1b,0x35,0x2d,0x1a,0x16,0x16,0x16,0x16,0x16,0x16,0x16,0x17,0x05,0x00,0x00,
    0x00,0x00,0x00,0x00,0x00,0x00,0x00,0x00,0x00,0x00,0x00,0x00,0x00,0x05,0x16,0x16,
    0x16,0x16,0x16,0x16,0x16,0x3d,0x2e,0x2a,0x19,0x30,0x34,0x13,0x13,0x13,0x13,0x13,
    0xe6,0x13,0x13,0x13,0x13,0x13,0x13,0x13,0x13,0x34,0x30,0x19,0x2a,0x2e,0x3d,0x16,
    0x16,0x16,0x16,0x16,0x16,0x16,0x05,0x00,0x00,0x00,0x00,0x00,0x00,0x00,0x00,0x00,
    0x00,0x00,0x00,0x00,0x09,0x17,0x16,0x16,0x16,0x16,0x16,0x16,0x44,0x40,0x3c,0x2f,
    0x1c,0x13,0x13,0x13,0x13,0x13,0x13,0x13,0x13,0x13,0x13,0x13,0x13,0x13,0x13,0x13,
    0x13,0x13,0x1c,0x2f,0x3c,0x40,0x44,0x16,0x16,0x16,0x16,0x16,0x16,0x17,0x09,0x00,
    0x00,0x00,0x00,0x00,0x00,0x00,0x00,0x00,0x00,0x00,0x04,0x22,0x16,0x16,0x16,0x16,
    0x16,0x16,0x46,0x48,0x47,0x3f,0x13,0x14,0x13,0xa1,0x3f,0x47,0x48,0x46,0x16,0x16,
    0x16,0x16,0x16,0x16,0x22,0x04,0x00,0x00,0x00,0x00,0x00,0x00,0x00,0x00,0x00,0x08,
    0x07,0x16,0x16,0x16,0x16,0x16,0x16,0x49,0x42,0x45,0x13,0x18,0x13,0xff,0x45,0x42,
    0x49,0x16,0x16,0x16,0x16,0x16,0x16,0x07,0x08,0x00,0x00,0x00,0x00,0x00,0x00,0x00,
    0x00,0x02,0x16,0x16,0x16,0x16,0x16,0x16,0x49,0x5f,0x43,0x13,0x13,0x13,0x13,0x13,
    0x13,0x13,0x13,0x13,0x3e,0x5a,0x2c,0x27,0x5e,0x27,0x2c,0x5a,0x3e,0x13,0x13,0x13,
    0x13,0x13,0x13,0x13,0x13,0x13,0x43,0x5f,0x49,0x16,0x16,0x16,0x16,0x16,0x16,0x02,
    0x00,0x00,0x00,0x00,0x00,0x00,0x00,0x01,0x17,0x16,0x16,0x16,0x16,0x16,0x46,0x42,
    0x43,0x13,0x13,0x13,0x13,0x13,0x13,0x13,0x4e,0x4c,0x4a,0x1b,0x18,0x33,0x29,0x63,
    0x29,0x33,0x18,0x1b,0x4a,0x4c,0x4e,0x13,0x13,0x13,0x13,0x13,0x13,0x13,0x43,0x42,
    0x46,0x16,0x16,0x16,0x16,0x16,0x17,0x01,0x00,0x00,0x00,0x00,0x00,0xff,0x00,0x03,
    0x16,0x16,0x16,0x16,0x16,0x44,0x48,0x45,0x13,0x13,0x13,0x13,0x13,0x13,0x13,0x52,
    0x51,0x4f,0x4d,0x4b,0x41,0x15,0x15,0x15,0x15,0x15,0x41,0x4b,0x4d,0x4f,0x51,0x52,
    0x13,0x13,0x13,0x13,0x13,0x13,0x13,0x45,0x48,0x44,0x16,0x16,0x16,0x16,0x16,0x03,
    0x00,0x00,0x00,0x00,0x00,0x0a,0x16,0x16,0x16,0x16,0x16,0x3d,0x40,0x47,0x13,0x13,
    0x13,0x13,0x13,0x13,0x1c,0x56,0x54,0x53,0x50,0x15,0x15,0x15,0x15,0x15,0x15,0x15,
    0x15,0x15,0x15,0x15,0x50,0x53,0x54,0x56,0x1c,0x13,0x13,0x13,0x13,0x13,0x13,0x47,
    0x40,0x3d,0x16,0x16,0x16,0x16,0x16,0x0a,0x00,0x00,0x00,0x00,0x0c,0x16,0x16,0x16,
    0x16,0x16,0x2e,0x3c,0x3f,0x13,0x13,0x13,0x13,0x13,0x61,0x58,0x57,0xee,0x59,0x15,
    0x15,0x15,0x15,0x15,0x15,0x15,0x15,0x15,0x15,0x15,0x15,0x15,0x15,0x15,0x59,0x57,
    0x58,0x61,0x13,0x13,0x13,0x13,0x13,0x3f,0x3c,0x2e,0x16,0x16,0x16,0x16,0x16,0x0c,
    0x00,0x00,0x00,0x0e,0x16,0x16,0x16,0x16,0x16,0x1a,0x2a,0x2f,0x13,0x13,0x13,0x13,
    0x13,0x1c,0x58,0x60,0x55,0x15,0x15,0x15,0x15,0x15,0x15,0x15,0x15,0x15,0x15,0x15,
    0x15,0x15,0x15,0x15,0x15,0x15,0x55,0x60,0x58,0x1c,0x13,0x13,0x13,0x13,0x13,0x2f,
    0x2a,0x1a,0x16,0x16,0x16,0x16,0x16,0x0e,0x00,0x00,0x12,0x16,0x16,0x16,0x16,0x16,
    0x2d,0x19,0x1c,0x13,0x13,0x13,0x13,0x13,0x56,0x57,0x55,0x15,0x12,0x15,0xff,0x55,
    0x57,0x56,0x13,0x13,0x13,0x13,0x13,0x1c,0x19,0x2d,0x16,0x16,0x16,0x16,0x16,0x12,
    0x00,0x00,0x07,0x16,0x16,0x16,0x16,0x32,0x35,0x30,0x13,0x13,0x13,0x13,0x13,0x52,
    0x54,0x59,0x15,0x15,0x15,0x15,0x15,0x15,0x15,0x23,0x20,0x1d,0x5b,0x1d,0x20,0x23,
    0x15,0x15,0x15,0x15,0x15,0x15,0x15,0x59,0x54,0x52,0x13,0x13,0x13,0x13,0x13,0x30,
    0x35,0x32,0x16,0x16,0x16,0x16,0x07,0x00,0x0f,0x16,0x16,0x16,0x16,0x16,0x37,0x1b,
    0x34,0x13,0x13,0x13,0x13,0x4e,0x51,0x53,0x15,0x15,0x15,0x15,0x15,0x15,0x24,0x1e,
    0x18,0x14,0x14,0x14,0x14,0x14,0x18,0x1e,0x24,0x15,0x15,0x15,0x15,0x15,0x15,0x53,
    0x51,0x4e,0x13,0x13,0x13,0x13,0x34,0x1b,0x37,0x16,0x16,0x16,0x16,0x16,0xff,0x0f,
    0x11,0x16,0x16,0x16,0x16,0x16,0x38,0x39,0x13,0x13,0x13,0x13,0x13,0x4c,0x4f,0x50,
    0x15,0x15,0x15,0x15,0x15,0x5c,0x21,0x14,0x14,0x14,0x14,0x14,0x14,0x14,0x14,0x14,
    0x21,0x5c,0x15,0x15,0x15,0x15,0x15,0x50,0x4f,0x4c,0x13,0x13,0x13,0x13,0x13,0x39,
    0x38,0x16,0x16,0x16,0x16,0x16,0x11,0x0d,0x16,0x16,0x16,0x16,0x16,0x3a,0x31,0x13,
    0x13,0x13,0x13,0x13,0x4a,0x4d,0x15,0x15,0x15,0x15,0x15,0x24,0x21,0x14,0x14,0x14,
    0x14,0x14,0x14,0x14,0x14,0x14,0x14,0x14,0x21,0x24,0x15,0x15,0x15,0x15,0x15,0x4d,
    0x4a,0x13,0x13,0x13,0x13,0x13,0x31,0x3a,0x16,0x16,0x16,0x16,0x16,0x0d,0x10,0x16,
    0x16,0x16,0x16,0x1a,0x14,0x36,0x13,0x13,0x13,0x13,0x3e,0x1b,0x4b,0x15,0xff,0x15,
    0x15,0x15,0x15,0x1e,0x14,0x14,0x14,0x14,0x14,0x14,0x14,0x14,0x14,0x14,0x14,0x14,
    0x14,0x1e,0x15,0x15,0x15,0x15,0x15,0x4b,0x1b,0x3e,0x13,0x13,0x13,0x13,0x36,0x14,
    0x1a,0x16,0x16,0x16,0x16,0x10,0x0b,0x16,0x16,0x16,0x16,0x2b,0x14,0x3b,0x13,0x13,
    0x13,0x13,0x5a,0x18,0x41,0x15,0x15,0x15,0x15,0x23,0x18,0x14,0x14,0x14,0x14,0x14,
    0x14,0x14,0x14,0x14,0x14,0x14,0x14,0x14,0x18,0x23,0x15,0x15,0x15,0x15,0x41,0x18,
    0x66,0x13,0x13,0x13,0x13,0x3b,0x14,0x2b,0x16,0x16,0x16,0x16,0x0b,0x06,0x16,0x16,
    0x16,0x16,0x26,0x28,0x13,0x13,0x13,0x13,0x13,0x2c,0x33,0x15,0x15,0x15,0x15,0x15,
    0x20,0x14,0x14,0x14,0x14,0x14,0x14,0x14,0x14,0x14,0x14,0x14,0x14,0x14,0xff,0x14,
    0x14,0x20,0x15,0x15,0x15,0x15,0x15,0x33,0x2c,0x13,0x13,0x13,0x13,0x13,0x28,0x26,
    0x16,0x16,0x16,0x16,0x06,0x1f,0x16,0x16,0x16,0x16,0x25,0x19,0x13,0x13,0x13,0x13,
    0x13,0x27,0x29,0x15,0x15,0x15,0x15,0x15,0x1d,0x14,0x14,0x14,0x14,0x14,0x14,0x14,
    0x14,0x14,0x14,0x14,0x14,0x14,0x14,0x14,0x1d,0x15,0x15,0x15,0x15,0x15,0x29,0x27,
    0x13,0x13,0x13,0x13,0x13,0x19,0x25,0x16,0x16,0x16,0x16,0x1f,0x16,0x16,0x16,0x16,
    0x16,0x5d,0x64,0x13,0x13,0x13,0x13,0x13,0x5e,0x62,0x15,0x15,0x15,0x15,0x15,0x5b,
    0x14,0x14,0x14,0x14,0x14,0x14,0x14,0x14,0x14,0x14,0x14,0x14,0x14,0x14,0x14,0x5b,
    0x15,0x15,0x15,0x15,0x15,0x63,0x5e,0x13,0x13,0x13,0x13,0x13,0x65,0x5d,0xff,0x16,
    0x16,0x16,0x16,0x16,0x1f,0x16,0x16,0x16,0x16,0x25,0x19,0x13,0x13,0x13,0x13,0x13,
    0x27,0x29,0x15,0x15,0x15,0x15,0x15,0x1d,0x14,0x14,0x14,0x14,0x14,0x14,0x14,0x14,
    0x14,0x14,0x14,0x14,0x14,0x14,0x14,0x1d,0x15,0x15,0x15,0x15,0x15,0x29,0x27,0x13,
    0x13,0x13,0x13,0x13,0x19,0x25,0x16,0x16,0x16,0x16,0x1f,0x06,0x16,0x16,0x16,0x16,
    0x26,0x28,0x13,0x13,0x13,0x13,0x13,0x2c,0x33,0x15,0x15,0x15,0x15,0x15,0x20,0x14,
    0x14,0x14,0x14,0x14,0x14,0x14,0x14,0x14,0x14,0x14,0x14,0x14,0x14,0x14,0x20,0x15,
    0x15,0x15,0x15,0x15,0x33,0x2c,0x13,0x13,0x13,0x13,0x13,0x28,0x26,0x16,0x16,0x16,
    0x16,0x06,0x0b,0x16,0x16,0x16,0x16,0x2b,0x14,0x3b,0x13,0x13,0x13,0x13,0xff,0x5a,
    0x18,0x41,0x15,0x15,0x15,0x15,0x23,0x18,0x14,0x14,0x14,0x14,0x14,0x14,0x14,0x14,
    0x14,0x14,0x14,0x14,0x14,0x18,0x23,0x15,0x15,0x15,0x15,0x41,0x18,0x66,0x13,0x13,
    0x13,0x13,0x3b,0x14,0x2b,0x16,0x16,0x16,0x16,0x0b,0x10,0x16,0x16,0x16,0x16,0x1a,
    0x14,0x36,0x13,0x13,0x13,0x13,0x3e,0x1b,0x4b,0x15,0x15,0x15,0x15,0x15,0x1e,0x14,
    0x14,0x14,0x14,0x14,0x14,0x14,0x14,0x14,0x14,0x14,0x14,0x14,0x1e,0x15,0x15,0x15,
    0x15,0x15,0x4b,0x1b,0x3e,0x13,0x13,0x13,0x13,0x36,0x14,0x1a,0x16,0x16,0x16,0x16,
    0x10,0x0d,0x16,0x16,0x16,0x16,0x16,0x3a,0x31,0x13,0x13,0x13,0x13,0x13,0x4a,0x4d,
    0x15,0x15,0x15,0x15,0x15,0x24,0x21,0x14,0x14,0x14,0x14,0x14,0x14,0x14,0xff,0x14,
    0x14,0x14,0x14,0x21,0x24,0x15,0x15,0x15,0x15,0x15,0x4d,0x4a,0x13,0x13,0x13,0x13,
    0x13,0x31,0x3a,0x16,0x16,0x16,0x16,0x16,0x0d,0x11,0x16,0x16,0x16,0x16,0x16,0x38,
    0x39,0x13,0x13,0x13,0x13,0x13,0x4c,0x4f,0x50,0x15,0x15,0x15,0x15,0x15,0x5c,0x21,
    0x14,0x14,0x14,0x14,0x14,0x14,0x14,0x14,0x14,0x21,0x5c,0x15,0x15,0x15,0x15,0x15,
    0x50,0x4f,0x4c,0x13,0x13,0x13,0x13,0x13,0x39,0x38,0x16,0x16,0x16,0x16,0x16,0x11,
    0x0f,0x16,0x16,0x16,0x16,0x16,0x37,0x1b,0x34,0x13,0x13,0x13,0x13,0x4e,0x51,0x53,
    0x15,0x15,0x15,0x15,0x15,0x15,0x24,0x1e,0x18,0x14,0x14,0x14,0x14,0x14,0x18,0x1e,
    0x24,0x15,0x15,0x15,0x15,0x15,0x15,0x53,0x51,0x4e,0x13,0x13,0x13,0x13,0xd3,0x34,
    0x1b,0x37,0x16,0x16,0x16,0x16,0x16,0x0f,0x00,0x07,0x16,0x16,0x16,0x16,0x32,0x35,
    0x30,0x13,0x13,0x13,0x13,0x13,0x52,0x54,0x59,0x15,0x15,0x15,0x15,0x15,0x15,0x15,
    0x23,0x20,0x1d,0x5b,0x1d,0x20,0x23,0x15,0x15,0x15,0x15,0x15,0x15,0x15,0x59,0x54,
    0x52,0x13,0x13,0x13,0x13,0x13,0x30,0x35,0x32,0x16,0x16,0x16,0x16,0x07,0x00,0x00,
    0x12,0x16,0x16,0x16,0x16,0x16,0x2d,0x19,0x1c,0x13,0x13,0x13,0x13,0x13,0x56,0x57,
    0x55,0x15,0x12,0x15,0xff,0x55,0x57,0x56,0x13,0x13,0x13,0x13,0x13,0x1c,0x19,0x2d,
    0x16,0x16,0x16,0x16,0x16,0x12,0x00,0x00,0x0e,0x16,0x16,0x16,0x16,0x16,0x1a,0x2a,
    0x2f,0x13,0x13,0x13,0x13,0x13,0x1c,0x58,0x60,0x55,0x15,0x15,0x15,0x15,0x15,0x15,
    0x15,0x15,0x15,0x15,0x15,0x15,0x15,0x15,0x15,0x15,0x15,0x55,0x60,0x58,0x1c,0x13,
    0x13,0x13,0x13,0x13,0x2f,0x2a,0x1a,0x16,0x16,0x16,0x16,0x16,0x0e,0x00,0x00,0x00,
    0x0c,0x16,0x16,0x16,0x16,0x16,0x2e,0x3c,0x3f,0x13,0x13,0x13,0x13,0x13,0x61,0x58,
    0x57,0x59,0x15,0x15,0x15,0x15,0x15,0x15,0x15,0x15,0x15,0x15,0x15,0x15,0x15,0x15,
    0x15,0x59,0x57,0x58,0x61,0x13,0x13,0x13,0x13,0x13,0x3f,0x3c,0x2e,0x16,0x16,0x16,
    0x16,0x16,0x0c,0x00,0xff,0x00,0x00,0x00,0x0a,0x16,0x16,0x16,0x16,0x16,0x3d,0x40,
    0x47,0x13,0x13,0x13,0x13,0x13,0x13,0x1c,0x56,0x54,0x53,0x50,0x15,0x15,0x15,0x15,
    0x15,0x15,0x15,0x15,0x15,0x15,0x15,0x50,0x53,0x54,0x56,0x1c,0x13,0x13,0x13,0x13,
    0x13,0x13,0x47,0x40,0x3d,0x16,0x16,0x16,0x16,0x16,0x0a,0x00,0x00,0x00,0x00,0x00,
    0x03,0x16,0x16,0x16,0x16,0x16,0x44,0x48,0x45,0x13,0x13,0x13,0x13,0x13,0x13,0x13,
    0x52,0x51,0x4f,0x4d,0x4b,0x41,0x15,0x15,0x15,0x15,0x15,0x41,0x4b,0x4d,0x4f,0x51,
    0x52,0x13,0x13,0x13,0x13,0x13,0x13,0x13,0x45,0x48,0x44,0x16,0x16,0x16,0x16,0x16,
    0x03,0x00,0x00,0x00,0x00,0x00,0x00,0x01,0x17,0x16,0x16,0x16,0x16,0x16,0x46,0x42,
    0x43,0x13,0x13,0x13,0xee,0x13,0x13,0x13,0x13,0x4e,0x4c,0x4a,0x1b,0x18,0x33,0x29,
    0x62,0x29,0x33,0x18,0x1b,0x4a,0x4c,0x4e,0x13,0x13,0x13,0x13,0x13,0x13,0x13,0x43,
    0x42,0x46,0x16,0x16,0x16,0x16,0x16,0x17,0x01,0x00,0x00,0x00,0x00,0x00,0x00,0x00,
    0x02,0x16,0x16,0x16,0x16,0x16,0x16,0x49,0x5f,0x43,0x13,0x13,0x13,0x13,0x13,0x13,
    0x13,0x13,0x13,0x3e,0x5a,0x2c,0x27,0x5e,0x27,0x2c,0x5a,0x3e,0x13,0x13,0x13,0x13,
    0x13,0x13,0x13,0x13,0x13,0x43,0x5f,0x49,0x16,0x16,0x16,0x16,0x16,0x16,0x02,0x00,
    0x00,0x00,0x00,0x00,0x00,0x00,0x00,0x08,0x07,0x16,0x16,0x16,0x16,0x16,0x16,0x49,
    0x42,0x45,0x13,0x18,0x13,0xa1,0x45,0x42,0x49,0x16,0x16,0x16,0x16,0x16,0x16,0x07,
    0x08,0x00,0x00,0x00,0x00,0x00,0x00,0x00,0x00,0x00,0x04,0x22,0x16,0x16,0x16,0x16,
    0x16,0x16,0x46,0x48,0x47,0x3f,0x13,0x14,0x13,0xff,0x3f,0x47,0x48,0x46,0x16,0x16,
    0x16,0x16,0x16,0x16,0x22,0x04,0x00,0x00,0x00,0x00,0x00,0x00,0x00,0x00,0x00,0x00,
    0x00,0x09,0x17,0x16,0x16,0x16,0x16,0x16,0x16,0x44,0x40,0x3c,0x2f,0x1c,0x13,0x13,
    0x13,0x13,0x13,0x13,0x13,0x13,0x13,0x13,0x13,0x13,0x13,0x13,0x13,0x13,0x13,0x1c,
    0x2f,0x3c,0x40,0x44,0x16,0x16,0x16,0x16,0x16,0x16,0x17,0x09,0x00,0x00,0x00,0x00,
    0x00,0x00,0x00,0x00,0x00,0x00,0x00,0x00,0x00,0x05,0x16,0x16,0x16,0x16,0x16,0x16,
    0x16,0x3d,0x2e,0x2a,0x19,0x30,0x34,0x13,0x13,0x13,0x13,0x13,0x13,0x13,0x13,0x13,
    0x13,0x13,0x13,0x13,0x34,0x30,0x19,0x2a,0x2e,0x3d,0x16,0x16,0x16,0x16,0x16,0x16,
    0x16,0x05,0x00,0x00,0x00,0x00,0x00,0x00,0x00,0xe6,0x00,0x00,0x00,0x00,0x00,0x00,
    0x00,0x00,0x05,0x17,0x16,0x16,0x16,0x16,0x16,0x16,0x16,0x1a,0x2d,0x35,0x1b,0x39,
    0x31,0x36,0x3b,0x13,0x13,0x13,0x13,0x13,0x3b,0x36,0x31,0x39,0x1b,0x35,0x2d,0x1a,
    0x16,0x16,0x16,0x16,0x16,0x16,0x16,0x17,0x05,0x00,0x00,0x00,0x00,0x00,0x00,0x00,
    0x00,0x00,0x00,0x00,0x00,0x00,0x00,0x00,0x00,0x00,0x09,0x22,0x16,0x16,0x16,0x16,
    0x16,0x16,0x16,0x16,0x32,0x37,0x38,0x3a,0x14,0x14,0x28,0x19,0x64,0x19,0x28,0x14,
    0x14,0x3a,0x38,0x37,0x32,0x16,0x16,0x16,0x16,0x16,0x16,0x16,0x16,0x22,0x09,0x00,
    0x12,0x00,0xa4,0x04,0x07,0x16,0x16,0x16,0x16,0x16,0x16,0x16,0x16,0x16,0x16,0x16,
    0x1a,0x2b,0x26,0x25,0x5d,0x25,0x26,0x2b,0x1a,0x16,0x16,0x16,0x16,0x16,0x16,0x16,
    0x16,0x16,0x16,0x16,0x07,0x04,0x00,0x14,0x00,0x84,0x08,0x02,0x17,0x16,0x1a,0x16,
    0x84,0x17,0x02,0x08,0x00,0x17,0x00,0x83,0x01,0x03,0x16,0x18,0x16,0x83,0x03,0x01,
    0x00,0x1b,0x00,0x83,0x0a,0x0c,0x16,0x14,0x16,0x83,0x0c,0x0a,0x00,0x1f,0x00,0x96,
    0x0e,0x12,0x07,0x16,0x16,0x16,0x16,0x16,0x16,0x16,0x16,0x16,0x16,0x16,0x16,0x16,
    0x16,0x16,0x07,0x12,0x0e,0x00,0x24,0x00,0x90,0x0f,0x11,0x0d,0x10,0x0b,0x06,0x1f,
    0x16,0x1f,0x06,0x0b,0x10,0x0d,0x11,0x0f,0x00,0x13,0x00,

};

const lv_image_dsc_t RING_I8_RLE = {
  .header = {
    .magic = LV_IMAGE_HEADER_MAGIC,
    .cf = LV_COLOR_FORMAT_I8,
    .flags = 0 | LV_IMAGE_FLAGS_COMPRESSED,
    .w = 55,
    .h = 55,
    .stride = 55,
    .reserved_2 = 0,
  },
  .data_size = sizeof(RING_I8_RLE_map),
  .data = RING_I8_RLE_map,
  .reserved = NULL,
};

uint8_t RING_map[] = {

    0x01,0x00,0x00,0x00,0x17,0x18,0x00,0x00,0x73,0x23,0x00,0x00,0x14,0x00,0x00,0x90,
    0x24,0x80,0x24,0x98,0x25,0xb0,0x25,0xc0,0x26,0xd8,0x27,0xf0,0x27,0xf8,0x27,0xf8,
    0x27,0xf8,0x27,0xf0,0x26,0xd8,0x25,0xc0,0x25,0xb0,0x24,0x98,0x24,0x80,0x00,0x00,
    0x24,0x00,0x00,0x96,0x24,0x88,0x25,0xa8,0x26,0xd8,0x27,0xf8,0x27,0xf8,0x27,0xf8,
    0x27,0xf8,0x27,0xf8,0x27,0xf8,0x27,0xf8,0x27,0xf8,0x27,0xf8,0x27,0xf8,0x27,0xf8,
    0x27,0xf8,0x27,0xf8,0x27,0xf8,0x27,0xf8,0x26,0xd8,0x25,0xa8,0x24,0x88,0x00,0x00,
    0x1f,0x00,0x00,0x83,0x24,0x90,0x26,0xc8,0x27,0xf8,0x14,0x27,0xf8,0x83,0x26,0xc8,
    0x24,0x90,0x00,0x00,0x1b,0x00,0x00,0x83,0x24,0x88,0x26,0xd0,0x27,0xf8,0x18,0x27,
    0xf8,0x83,0x26,0xd0,0x24,0x88,0x00,0x00,0x17,0x00,0x00,0x83,0x24,0x80,0x25,0xb0,
    0x27,0xf8,0x1c,0x27,0xf8,0x83,0x25,0xb0,0x24,0x80,0x00,0x00,0x14,0x00,0x00,0xa4,
    0x24,0x88,0x26,0xd8,0x27,0xf8,0x27,0xf8,0x27,0xf8,0x27,0xf8,0x27,0xf8,0x27,0xf8,
    0x27,0xf8,0x27,0xf8,0x27,0xf8,0x27,0xf8,0x27,0xf8,0x27,0xe8,0x25,0xc0,0x24,0xa0,
    0x24,0x90,0x24,0x90,0x24,0x90,0x24,0xa0,0x25,0xc0,0x27,0xe8,0x27,0xf8,0x27,0xf8,
    0x27,0xf8,0x27,0xf8,0x27,0xf8,0x27,0xf8,0x27,0xf8,0x27,0xf8,0x27,0xf8,0x27,0xf8,
    0x27,0xf8,0x26,0xd8,0x24,0x88,0x00,0x00,0x12,0x00,0x00,0xff,0x24,0x98,0x27,0xf0,
    0x27,0xf8,0x27,0xf8,0x27,0xf8,0x27,0xf8,0x27,0xf8,0x27,0xf8,0x27,0xf8,0x27,0xf8,
    0x27,0xf8,0x25,0xb0,0x03,0x60,0x01,0x20,0x00,0x00,0x00,0x00,0x60,0x08,0xc0,0x10,
    0xe0,0x10,0xc0,0x10,0x60,0x08,0x00,0x00,0x00,0x00,0x01,0x20,0x03,0x60,0x25,0xb0,
    0x27,0xf8,0x27,0xf8,0x27,0xf8,0x27,0xf8,0x27,0xf8,0x27,0xf8,0x27,0xf8,0x27,0xf8,
    0x27,0xf8,0x27,0xf0,0x24,0x98,0x00,0x00,0x00,0x00,0x00,0x00,0x00,0x00,0x00,0x00,
    0x00,0x00,0x00,0x00,0x00,0x00,0x00,0x00,0x00,0x00,0x00,0x00,0x00,0x00,0x00,0x00,
    0x00,0x00,0x00,0x00,0x00,0x00,0x00,0x00,0x24,0xa0,0x27,0xf8,0x27,0xf8,0x27,0xf8,
    0x27,0xf8,0x27,0xf8,0x27,0xf8,0x27,0xf8,0x27,0xf8,0x27,0xe8,0x03,0x78,0x00,0x10,
    0x20,0x00,0x01,0x2a,0x23,0x5c,0xe4,0x7d,0x25,0x9f,0xc6,0xa7,0xc6,0xa7,0xc6,0xa7,
    0xc6,0xa7,0xc6,0xa7,0x25,0x9f,0xe4,0x7d,0x23,0x5c,0x01,0x2a,0x20,0x00,0x00,0x10,
    0x03,0x78,0x27,0xe8,0x27,0xf8,0x27,0xf8,0x27,0xf8,0x27,0xf8,0x27,0xf8,0x27,0xf8,
    0x27,0xf8,0x27,0xf8,0x24,0xa0,0x00,0x00,0x00,0x00,0x00,0x00,0x00,0x00,0x00,0x00,
    0x00,0x00,0x00,0x00,0x00,0x00,0x00,0x00,0x00,0x00,0x00,0x00,0x00,0x00,0x00,0x00,
    0x00,0x00,0x00,0x00,0x24,0xa0,0x27,0xf8,0x27,0xf8,0x27,0xf8,0x27,0xf8,0x27,0xf8,
    0x27,0xf8,0x27,0xf8,0x27,0xf8,0x24,0x80,0x00,0x08,0xc0,0x10,0x43,0x5c,0x05,0x97,
    0xc6,0xa7,0xc6,0xa7,0xc6,0xa7,0xc6,0xa7,0xc6,0xa7,0xe6,0xc6,0xa7,0xc6,0xa7,0xc6,
    0xa7,0xc6,0xa7,0xc6,0xa7,0xc6,0xa7,0xc6,0xa7,0xc6,0xa7,0x05,0x97,0x43,0x5c,0xc0,
    0x10,0x00,0x08,0x24,0x80,0x27,0xf8,0x27,0xf8,0x27,0xf8,0x27,0xf8,0x27,0xf8,0x27,
    0xf8,0x27,0xf8,0x27,0xf8,0x24,0xa0,0x00,0x00,0x00,0x00,0x00,0x00,0x00,0x00,0x00,
    0x00,0x00,0x00,0x00,0x00,0x00,0x00,0x00,0x00,0x00,0x00,0x00,0x00,0x00,0x00,0x00,
    0x00,0x24,0x98,0x27,0xf8,0x27,0xf8,0x27,0xf8,0x27,0xf8,0x27,0xf8,0x27,0xf8,0x27,
    0xf8,0x26,0xd0,0x01,0x28,0x80,0x08,0x83,0x5c,0xa6,0xa7,0xc6,0xa7,0xc6,0xa7,0xc6,
    0xa7,0xc6,0xa7,0xc6,0xa7,0xc6,0xa7,0xc6,0xa7,0xc6,0xa7,0xc6,0xa7,0xc6,0xa7,0xc6,
    0xa7,0xc6,0xa7,0xc6,0xa7,0xc6,0xa7,0xc6,0xa7,0xc6,0xa7,0xc6,0xa7,0xa6,0xa7,0x83,
    0x5c,0x80,0x08,0x01,0x28,0x26,0xd0,0x27,0xf8,0x27,0xf8,0x27,0xf8,0x27,0xf8,0x27,
    0xf8,0x27,0xf8,0x27,0xf8,0x24,0x98,0x00,0x00,0x00,0x00,0x00,0x00,0x00,0x00,0x00,
    0x00,0x00,0x00,0x00,0x00,0x00,0x00,0x00,0x00,0x00,0x00,0x00,0x00,0x24,0x88,0x27,
    0xf0,0x27,0xf8,0x27,0xf8,0x27,0xf8,0x27,0xf8,0x27,0xf8,0x27,0xf8,0x24,0x98,0x00,
    0x08,0x61,0x32,0x25,0x97,0xc6,0xa7,0x14,0xc6,0xa7,0xa1,0x25,0x97,0x61,0x32,0x00,
    0x08,0x24,0x98,0x27,0xf8,0x27,0xf8,0x27,0xf8,0x27,0xf8,0x27,0xf8,0x27,0xf8,0x27,
    0xf0,0x24,0x88,0x00,0x00,0x00,0x00,0x00,0x00,0x00,0x00,0x00,0x00,0x00,0x00,0x00,
    0x00,0x00,0x00,0x00,0x00,0x24,0x80,0x26,0xd8,0x27,0xf8,0x27,0xf8,0x27,0xf8,0x27,
    0xf8,0x27,0xf8,0x27,0xf8,0x23,0x80,0x00,0x00,0x43,0x5c,0xc6,0xa7,0x18,0xc6,0xa7,
    0xff,0x43,0x5c,0x00,0x00,0x23,0x80,0x27,0xf8,0x27,0xf8,0x27,0xf8,0x27,0xf8,0x27,
    0xf8,0x27,0xf8,0x26,0xd8,0x24,0x80,0x00,0x00,0x00,0x00,0x00,0x00,0x00,0x00,0x00,
    0x00,0x00,0x00,0x00,0x00,0x00,0x00,0x25,0xb0,0x27,0xf8,0x27,0xf8,0x27,0xf8,0x27,
    0xf8,0x27,0xf8,0x27,0xf8,0x23,0x80,0x20,0x00,0x24,0x6d,0xc6,0xa7,0xc6,0xa7,0xc6,
    0xa7,0xc6,0xa7,0xc6,0xa7,0xc6,0xa7,0xc6,0xa7,0xc6,0xa7,0xc6,0xa7,0x65,0x9f,0xa4,
    0x7d,0x63,0x5c,0x82,0x4b,0x62,0x4b,0x82,0x4b,0x63,0x5c,0xa4,0x7d,0x65,0x9f,0xc6,
    0xa7,0xc6,0xa7,0xc6,0xa7,0xc6,0xa7,0xc6,0xa7,0xc6,0xa7,0xc6,0xa7,0xc6,0xa7,0xc6,
    0xa7,0x24,0x6d,0x20,0x00,0x23,0x80,0x27,0xf8,0x27,0xf8,0x27,0xf8,0x27,0xf8,0x27,
    0xf8,0x27,0xf8,0x25,0xb0,0x00,0x00,0x00,0x00,0x00,0x00,0x00,0x00,0x00,0x00,0x00,
    0x00,0x00,0x00,0x24,0x88,0x27,0xf8,0x27,0xf8,0x27,0xf8,0x27,0xf8,0x27,0xf8,0x27,
    0xf8,0x24,0x98,0x00,0x00,0x24,0x6d,0xc6,0xa7,0xc6,0xa7,0xc6,0xa7,0xc6,0xa7,0xc6,
    0xa7,0xc6,0xa7,0xc6,0xa7,0xc6,0xa7,0x44,0x6d,0x21,0x2a,0x20,0x00,0x00,0x00,0xe3,
    0x00,0xa7,0x01,0xc7,0x01,0xa7,0x01,0xe3,0x00,0x00,0x00,0x20,0x00,0x21,0x2a,0x44,
    0x6d,0xc6,0xa7,0xc6,0xa7,0xc6,0xa7,0xc6,0xa7,0xc6,0xa7,0xc6,0xa7,0xc6,0xa7,0xc6,
    0xa7,0x24,0x6d,0x00,0x00,0x24,0x98,0x27,0xf8,0x27,0xf8,0x27,0xf8,0x27,0xf8,0x27,
    0xf8,0x27,0xf8,0x24,0x88,0x00,0x00,0x00,0x00,0x00,0x00,0x00,0x00,0x00,0x00,0xff,
    0x00,0x00,0x26,0xd0,0x27,0xf8,0x27,0xf8,0x27,0xf8,0x27,0xf8,0x27,0xf8,0x26,0xd0,
    0x00,0x08,0x43,0x5c,0xc6,0xa7,0xc6,0xa7,0xc6,0xa7,0xc6,0xa7,0xc6,0xa7,0xc6,0xa7,
    0xc6,0xa7,0xc4,0x7d,0x41,0x19,0x20,0x00,0x6a,0x02,0xf4,0x04,0xdc,0x06,0x3e,0x07,
    0x3e,0x07,0x3e,0x07,0x3e,0x07,0x3e,0x07,0xdc,0x06,0xf4,0x04,0x6a,0x02,0x20,0x00,
    0x41,0x19,0xc4,0x7d,0xc6,0xa7,0xc6,0xa7,0xc6,0xa7,0xc6,0xa7,0xc6,0xa7,0xc6,0xa7,
    0xc6,0xa7,0x43,0x5c,0x00,0x08,0x26,0xd0,0x27,0xf8,0x27,0xf8,0x27,0xf8,0x27,0xf8,
    0x27,0xf8,0x26,0xd0,0x00,0x00,0x00,0x00,0x00,0x00,0x00,0x00,0x00,0x00,0x24,0x90,
    0x27,0xf8,0x27,0xf8,0x27,0xf8,0x27,0xf8,0x27,0xf8,0x27,0xf8,0x01,0x28,0x61,0x32,
    0xc6,0xa7,0xc6,0xa7,0xc6,0xa7,0xc6,0xa7,0xc6,0xa7,0xc6,0xa7,0xa6,0xa7,0x42,0x43,
    0x00,0x00,0xab,0x02,0x7a,0x06,0x3e,0x07,0x3e,0x07,0x3e,0x07,0x3e,0x07,0x3e,0x07,
    0x3e,0x07,0x3e,0x07,0x3e,0x07,0x3e,0x07,0x3e,0x07,0x3e,0x07,0x7a,0x06,0xab,0x02,
    0x00,0x00,0x42,0x43,0xa6,0xa7,0xc6,0xa7,0xc6,0xa7,0xc6,0xa7,0xc6,0xa7,0xc6,0xa7,
    0xc6,0xa7,0x61,0x32,0x01,0x28,0x27,0xf8,0x27,0xf8,0x27,0xf8,0x27,0xf8,0x27,0xf8,
    0x27,0xf8,0x24,0x90,0x00,0x00,0x00,0x00,0x00,0x00,0x00,0x00,0x26,0xc8,0x27,0xf8,
    0x27,0xf8,0x27,0xf8,0x27,0xf8,0x27,0xf8,0x24,0x80,0x80,0x08,0x25,0x97,0xc6,0xa7,
    0xc6,0xa7,0xc6,0xa7,0xc6,0xa7,0xc6,0xa7,0x65,0x9f,0x01,0x2a,0x82,0x00,0xee,0x35,
    0x05,0x3e,0x07,0x3e,0x07,0x3e,0x07,0x3e,0x07,0x3e,0x07,0x3e,0x07,0x3e,0x07,0x3e,
    0x07,0x3e,0x07,0x3e,0x07,0x3e,0x07,0x3e,0x07,0x3e,0x07,0x3e,0x07,0x3e,0x07,0x35,
    0x05,0x82,0x00,0x01,0x2a,0x65,0x9f,0xc6,0xa7,0xc6,0xa7,0xc6,0xa7,0xc6,0xa7,0xc6,
    0xa7,0x25,0x97,0x80,0x08,0x24,0x80,0x27,0xf8,0x27,0xf8,0x27,0xf8,0x27,0xf8,0x27,
    0xf8,0x26,0xc8,0x00,0x00,0x00,0x00,0x00,0x00,0x24,0x88,0x27,0xf8,0x27,0xf8,0x27,
    0xf8,0x27,0xf8,0x27,0xf8,0x27,0xe8,0x00,0x08,0x83,0x5c,0xc6,0xa7,0xc6,0xa7,0xc6,
    0xa7,0xc6,0xa7,0xc6,0xa7,0xa6,0xa7,0x01,0x2a,0xc3,0x00,0x3a,0x06,0x3e,0x07,0x3e,
    0x07,0x3e,0x07,0x3e,0x07,0x3e,0x07,0x3e,0x07,0x3e,0x07,0x3e,0x07,0x3e,0x07,0x3e,
    0x07,0x3e,0x07,0x3e,0x07,0x3e,0x07,0x3e,0x07,0x3e,0x07,0x3e,0x07,0x3e,0x07,0x3a,
    0x06,0xc3,0x00,0x01,0x2a,0xa6,0xa7,0xc6,0xa7,0xc6,0xa7,0xc6,0xa7,0xc6,0xa7,0xc6,
    0xa7,0x83,0x5c,0x00,0x08,0x27,0xe8,0x27,0xf8,0x27,0xf8,0x27,0xf8,0x27,0xf8,0x27,
    0xf8,0x24,0x88,0x00,0x00,0x00,0x00,0x25,0xa8,0x27,0xf8,0x27,0xf8,0x27,0xf8,0x27,
    0xf8,0x27,0xf8,0x03,0x78,0xc0,0x10,0xa6,0xa7,0xc6,0xa7,0xc6,0xa7,0xc6,0xa7,0xc6,
    0xa7,0xc6,0xa7,0x42,0x43,0x82,0x00,0x3a,0x06,0x3e,0x07,0x12,0x3e,0x07,0xff,0x3a,
    0x06,0x82,0x00,0x42,0x43,0xc6,0xa7,0xc6,0xa7,0xc6,0xa7,0xc6,0xa7,0xc6,0xa7,0xa6,
    0xa7,0xc0,0x10,0x03,0x78,0x27,0xf8,0x27,0xf8,0x27,0xf8,0x27,0xf8,0x27,0xf8,0x25,
    0xa8,0x00,0x00,0x00,0x00,0x26,0xd8,0x27,0xf8,0x27,0xf8,0x27,0xf8,0x27,0xf8,0x27,
    0xf8,0x00,0x10,0x43,0x5c,0xc6,0xa7,0xc6,0xa7,0xc6,0xa7,0xc6,0xa7,0xc6,0xa7,0xc4,
    0x7d,0x00,0x00,0x35,0x05,0x3e,0x07,0x3e,0x07,0x3e,0x07,0x3e,0x07,0x3e,0x07,0x3e,
    0x07,0x3e,0x07,0x7a,0x06,0x11,0x04,0xcb,0x02,0x49,0x02,0xcb,0x02,0x11,0x04,0x7a,
    0x06,0x3e,0x07,0x3e,0x07,0x3e,0x07,0x3e,0x07,0x3e,0x07,0x3e,0x07,0x3e,0x07,0x35,
    0x05,0x00,0x00,0xc4,0x7d,0xc6,0xa7,0xc6,0xa7,0xc6,0xa7,0xc6,0xa7,0xc6,0xa7,0x43,
    0x5c,0x00,0x10,0x27,0xf8,0x27,0xf8,0x27,0xf8,0x27,0xf8,0x27,0xf8,0x26,0xd8,0x00,
    0x00,0x24,0x80,0x27,0xf8,0x27,0xf8,0x27,0xf8,0x27,0xf8,0x27,0xf8,0x25,0xb0,0x20,
    0x00,0x05,0x97,0xc6,0xa7,0xc6,0xa7,0xc6,0xa7,0xc6,0xa7,0xc6,0xa7,0x41,0x19,0xab,
    0x02,0x3e,0x07,0x3e,0x07,0x3e,0x07,0x3e,0x07,0x3e,0x07,0x3e,0x07,0xbb,0x06,0xcb,
    0x02,0x00,0x00,0x00,0x00,0x00,0x00,0x00,0x00,0x00,0x00,0x00,0x00,0x00,0x00,0xcb,
    0x02,0xbb,0x06,0x3e,0x07,0x3e,0x07,0x3e,0x07,0x3e,0x07,0x3e,0x07,0x3e,0x07,0xab,
    0x02,0x41,0x19,0xc6,0xa7,0xc6,0xa7,0xc6,0xa7,0xc6,0xa7,0xc6,0xa7,0x05,0x97,0x20,
    0x00,0x25,0xb0,0x27,0xf8,0x27,0xf8,0x27,0xf8,0x27,0xf8,0x27,0xf8,0xff,0x24,0x80,
    0x24,0x98,0x27,0xf8,0x27,0xf8,0x27,0xf8,0x27,0xf8,0x27,0xf8,0x03,0x60,0x01,0x2a,
    0xc6,0xa7,0xc6,0xa7,0xc6,0xa7,0xc6,0xa7,0xc6,0xa7,0x44,0x6d,0x20,0x00,0x7a,0x06,
    0x3e,0x07,0x3e,0x07,0x3e,0x07,0x3e,0x07,0x3e,0x07,0xf9,0x05,0xc3,0x00,0x00,0x00,
    0x00,0x00,0x00,0x00,0x00,0x00,0x00,0x00,0x00,0x00,0x00,0x00,0x00,0x00,0x00,0x00,
    0xc3,0x00,0xf9,0x05,0x3e,0x07,0x3e,0x07,0x3e,0x07,0x3e,0x07,0x3e,0x07,0x7a,0x06,
    0x20,0x00,0x44,0x6d,0xc6,0xa7,0xc6,0xa7,0xc6,0xa7,0xc6,0xa7,0xc6,0xa7,0x01,0x2a,
    0x03,0x60,0x27,0xf8,0x27,0xf8,0x27,0xf8,0x27,0xf8,0x27,0xf8,0x24,0x98,0x25,0xb0,
    0x27,0xf8,0x27,0xf8,0x27,0xf8,0x27,0xf8,0x27,0xf8,0x01,0x20,0x23,0x5c,0xc6,0xa7,
    0xc6,0xa7,0xc6,0xa7,0xc6,0xa7,0xc6,0xa7,0x21,0x2a,0x6a,0x02,0x3e,0x07,0x3e,0x07,
    0x3e,0x07,0x3e,0x07,0x3e,0x07,0xbb,0x06,0xc3,0x00,0x00,0x00,0x00,0x00,0x00,0x00,
    0x00,0x00,0x00,0x00,0x00,0x00,0x00,0x00,0x00,0x00,0x00,0x00,0x00,0x00,0x00,0x00,
    0xc3,0x00,0xbb,0x06,0x3e,0x07,0x3e,0x07,0x3e,0x07,0x3e,0x07,0x3e,0x07,0x6a,0x02,
    0x21,0x2a,0xc6,0xa7,0xc6,0xa7,0xc6,0xa7,0xc6,0xa7,0xc6,0xa7,0x23,0x5c,0x01,0x20,
    0x27,0xf8,0x27,0xf8,0x27,0xf8,0x27,0xf8,0x27,0xf8,0x25,0xb0,0x25,0xc0,0x27,0xf8,
    0x27,0xf8,0x27,0xf8,0x27,0xf8,0x27,0xe8,0x00,0x00,0xe4,0x7d,0xc6,0xa7,0xc6,0xa7,
    0xc6,0xa7,0xc6,0xa7,0x65,0x9f,0x20,0x00,0xf4,0x04,0x3e,0x07,0xff,0x3e,0x07,0x3e,
    0x07,0x3e,0x07,0x3e,0x07,0xcb,0x02,0x00,0x00,0x00,0x00,0x00,0x00,0x00,0x00,0x00,
    0x00,0x00,0x00,0x00,0x00,0x00,0x00,0x00,0x00,0x00,0x00,0x00,0x00,0x00,0x00,0x00,
    0x00,0xcb,0x02,0x3e,0x07,0x3e,0x07,0x3e,0x07,0x3e,0x07,0x3e,0x07,0xf4,0x04,0x20,
    0x00,0x65,0x9f,0xc6,0xa7,0xc6,0xa7,0xc6,0xa7,0xc6,0xa7,0xe4,0x7d,0x00,0x00,0x27,
    0xe8,0x27,0xf8,0x27,0xf8,0x27,0xf8,0x27,0xf8,0x25,0xc0,0x26,0xd8,0x27,0xf8,0x27,
    0xf8,0x27,0xf8,0x27,0xf8,0x25,0xc0,0x00,0x00,0x25,0x9f,0xc6,0xa7,0xc6,0xa7,0xc6,
    0xa7,0xc6,0xa7,0xa4,0x7d,0x00,0x00,0xdc,0x06,0x3e,0x07,0x3e,0x07,0x3e,0x07,0x3e,
    0x07,0x7a,0x06,0x00,0x00,0x00,0x00,0x00,0x00,0x00,0x00,0x00,0x00,0x00,0x00,0x00,
    0x00,0x00,0x00,0x00,0x00,0x00,0x00,0x00,0x00,0x00,0x00,0x00,0x00,0x00,0x00,0x00,
    0x00,0x7a,0x06,0x3e,0x07,0x3e,0x07,0x3e,0x07,0x3e,0x07,0xdc,0x06,0x00,0x00,0xa4,
    0x7d,0xc6,0xa7,0xc6,0xa7,0xc6,0xa7,0xc6,0xa7,0x25,0x9f,0x00,0x00,0x25,0xc0,0x27,
    0xf8,0x27,0xf8,0x27,0xf8,0x27,0xf8,0x26,0xd8,0x27,0xf0,0x27,0xf8,0x27,0xf8,0x27,
    0xf8,0x27,0xf8,0x24,0xa0,0x60,0x08,0xc6,0xa7,0xc6,0xa7,0xc6,0xa7,0xc6,0xa7,0xc6,
    0xa7,0x63,0x5c,0xe3,0x00,0x3e,0x07,0x3e,0x07,0x3e,0x07,0x3e,0x07,0x3e,0x07,0x11,
    0x04,0x00,0x00,0x00,0x00,0x00,0x00,0x00,0x00,0x00,0x00,0x00,0x00,0x00,0x00,0x00,
    0x00,0x00,0x00,0x00,0x00,0x00,0x00,0x00,0x00,0x00,0x00,0xff,0x00,0x00,0x00,0x00,
    0x11,0x04,0x3e,0x07,0x3e,0x07,0x3e,0x07,0x3e,0x07,0x3e,0x07,0xe3,0x00,0x63,0x5c,
    0xc6,0xa7,0xc6,0xa7,0xc6,0xa7,0xc6,0xa7,0xc6,0xa7,0x60,0x08,0x24,0xa0,0x27,0xf8,
    0x27,0xf8,0x27,0xf8,0x27,0xf8,0x27,0xf0,0x27,0xf8,0x27,0xf8,0x27,0xf8,0x27,0xf8,
    0x27,0xf8,0x24,0x90,0xc0,0x10,0xc6,0xa7,0xc6,0xa7,0xc6,0xa7,0xc6,0xa7,0xc6,0xa7,
    0x82,0x4b,0xa7,0x01,0x3e,0x07,0x3e,0x07,0x3e,0x07,0x3e,0x07,0x3e,0x07,0xcb,0x02,
    0x00,0x00,0x00,0x00,0x00,0x00,0x00,0x00,0x00,0x00,0x00,0x00,0x00,0x00,0x00,0x00,
    0x00,0x00,0x00,0x00,0x00,0x00,0x00,0x00,0x00,0x00,0x00,0x00,0x00,0x00,0xcb,0x02,
    0x3e,0x07,0x3e,0x07,0x3e,0x07,0x3e,0x07,0x3e,0x07,0xa7,0x01,0x82,0x4b,0xc6,0xa7,
    0xc6,0xa7,0xc6,0xa7,0xc6,0xa7,0xc6,0xa7,0xc0,0x10,0x24,0x90,0x27,0xf8,0x27,0xf8,
    0x27,0xf8,0x27,0xf8,0x27,0xf8,0x27,0xf8,0x27,0xf8,0x27,0xf8,0x27,0xf8,0x27,0xf8,
    0x24,0x90,0x00,0x11,0xc6,0xa7,0xc6,0xa7,0xc6,0xa7,0xc6,0xa7,0xc6,0xa7,0x62,0x4b,
    0xe7,0x01,0x3e,0x07,0x3e,0x07,0x3e,0x07,0x3e,0x07,0x3e,0x07,0x49,0x02,0x00,0x00,
    0x00,0x00,0x00,0x00,0x00,0x00,0x00,0x00,0x00,0x00,0x00,0x00,0x00,0x00,0x00,0x00,
    0x00,0x00,0x00,0x00,0x00,0x00,0x00,0x00,0x00,0x00,0x00,0x00,0x49,0x02,0x3e,0x07,
    0x3e,0x07,0x3e,0x07,0x3e,0x07,0x3e,0x07,0xc7,0x01,0x62,0x4b,0xc6,0xa7,0xc6,0xa7,
    0xc6,0xa7,0xc6,0xa7,0xc6,0xa7,0xe0,0x10,0x24,0x90,0xff,0x27,0xf8,0x27,0xf8,0x27,
    0xf8,0x27,0xf8,0x27,0xf8,0x27,0xf8,0x27,0xf8,0x27,0xf8,0x27,0xf8,0x27,0xf8,0x24,
    0x90,0xc0,0x10,0xc6,0xa7,0xc6,0xa7,0xc6,0xa7,0xc6,0xa7,0xc6,0xa7,0x82,0x4b,0xa7,
    0x01,0x3e,0x07,0x3e,0x07,0x3e,0x07,0x3e,0x07,0x3e,0x07,0xcb,0x02,0x00,0x00,0x00,
    0x00,0x00,0x00,0x00,0x00,0x00,0x00,0x00,0x00,0x00,0x00,0x00,0x00,0x00,0x00,0x00,
    0x00,0x00,0x00,0x00,0x00,0x00,0x00,0x00,0x00,0x00,0x00,0xcb,0x02,0x3e,0x07,0x3e,
    0x07,0x3e,0x07,0x3e,0x07,0x3e,0x07,0xa7,0x01,0x82,0x4b,0xc6,0xa7,0xc6,0xa7,0xc6,
    0xa7,0xc6,0xa7,0xc6,0xa7,0xc0,0x10,0x24,0x90,0x27,0xf8,0x27,0xf8,0x27,0xf8,0x27,
    0xf8,0x27,0xf8,0x27,0xf0,0x27,0xf8,0x27,0xf8,0x27,0xf8,0x27,0xf8,0x24,0xa0,0x60,
    0x08,0xc6,0xa7,0xc6,0xa7,0xc6,0xa7,0xc6,0xa7,0xc6,0xa7,0x63,0x5c,0xe3,0x00,0x3e,
    0x07,0x3e,0x07,0x3e,0x07,0x3e,0x07,0x3e,0x07,0x11,0x04,0x00,0x00,0x00,0x00,0x00,
    0x00,0x00,0x00,0x00,0x00,0x00,0x00,0x00,0x00,0x00,0x00,0x00,0x00,0x00,0x00,0x00,
    0x00,0x00,0x00,0x00,0x00,0x00,0x00,0x00,0x00,0x11,0x04,0x3e,0x07,0x3e,0x07,0x3e,
    0x07,0x3e,0x07,0x3e,0x07,0xe3,0x00,0x63,0x5c,0xc6,0xa7,0xc6,0xa7,0xc6,0xa7,0xc6,
    0xa7,0xc6,0xa7,0x60,0x08,0x24,0xa0,0x27,0xf8,0x27,0xf8,0x27,0xf8,0x27,0xf8,0x27,
    0xf0,0x26,0xd8,0x27,0xf8,0x27,0xf8,0x27,0xf8,0x27,0xf8,0x25,0xc0,0x00,0x00,0x25,
    0x9f,0xc6,0xa7,0xc6,0xa7,0xc6,0xa7,0xc6,0xa7,0xff,0xa4,0x7d,0x00,0x00,0xdc,0x06,
    0x3e,0x07,0x3e,0x07,0x3e,0x07,0x3e,0x07,0x7a,0x06,0x00,0x00,0x00,0x00,0x00,0x00,
    0x00,0x00,0x00,0x00,0x00,0x00,0x00,0x00,0x00,0x00,0x00,0x00,0x00,0x00,0x00,0x00,
    0x00,0x00,0x00,0x00,0x00,0x00,0x00,0x00,0x7a,0x06,0x3e,0x07,0x3e,0x07,0x3e,0x07,
    0x3e,0x07,0xdc,0x06,0x00,0x00,0xa4,0x7d,0xc6,0xa7,0xc6,0xa7,0xc6,0xa7,0xc6,0xa7,
    0x25,0x9f,0x00,0x00,0x25,0xc0,0x27,0xf8,0x27,0xf8,0x27,0xf8,0x27,0xf8,0x26,0xd8,
    0x25,0xc0,0x27,0xf8,0x27,0xf8,0x27,0xf8,0x27,0xf8,0x27,0xe8,0x00,0x00,0xe4,0x7d,
    0xc6,0xa7,0xc6,0xa7,0xc6,0xa7,0xc6,0xa7,0x65,0x9f,0x20,0x00,0xf4,0x04,0x3e,0x07,
    0x3e,0x07,0x3e,0x07,0x3e,0x07,0x3e,0x07,0xcb,0x02,0x00,0x00,0x00,0x00,0x00,0x00,
    0x00,0x00,0x00,0x00,0x00,0x00,0x00,0x00,0x00,0x00,0x00,0x00,0x00,0x00,0x00,0x00,
    0x00,0x00,0x00,0x00,0xcb,0x02,0x3e,0x07,0x3e,0x07,0x3e,0x07,0x3e,0x07,0x3e,0x07,
    0xf4,0x04,0x20,0x00,0x65,0x9f,0xc6,0xa7,0xc6,0xa7,0xc6,0xa7,0xc6,0xa7,0xe4,0x7d,
    0x00,0x00,0x27,0xe8,0x27,0xf8,0x27,0xf8,0x27,0xf8,0x27,0xf8,0x25,0xc0,0x25,0xb0,
    0x27,0xf8,0x27,0xf8,0x27,0xf8,0x27,0xf8,0x27,0xf8,0x01,0x20,0x23,0x5c,0xc6,0xa7,
    0xc6,0xa7,0xc6,0xa7,0xc6,0xa7,0xc6,0xa7,0x21,0x2a,0x6a,0x02,0x3e,0x07,0x3e,0x07,
    0x3e,0x07,0x3e,0x07,0x3e,0x07,0xbb,0x06,0xc3,0x00,0x00,0x00,0x00,0x00,0x00,0x00,
    0x00,0x00,0x00,0x00,0x00,0x00,0x00,0x00,0xff,0x00,0x00,0x00,0x00,0x00,0x00,0x00,
    0x00,0xc3,0x00,0xbb,0x06,0x3e,0x07,0x3e,0x07,0x3e,0x07,0x3e,0x07,0x3e,0x07,0x6a,
    0x02,0x21,0x2a,0xc6,0xa7,0xc6,0xa7,0xc6,0xa7,0xc6,0xa7,0xc6,0xa7,0x23,0x5c,0x01,
    0x20,0x27,0xf8,0x27,0xf8,0x27,0xf8,0x27,0xf8,0x27,0xf8,0x25,0xb0,0x24,0x98,0x27,
    0xf8,0x27,0xf8,0x27,0xf8,0x27,0xf8,0x27,0xf8,0x03,0x60,0x01,0x2a,0xc6,0xa7,0xc6,
    0xa7,0xc6,0xa7,0xc6,0xa7,0xc6,0xa7,0x44,0x6d,0x20,0x00,0x7a,0x06,0x3e,0x07,0x3e,
    0x07,0x3e,0x07,0x3e,0x07,0x3e,0x07,0xf9,0x05,0xc3,0x00,0x00,0x00,0x00,0x00,0x00,
    0x00,0x00,0x00,0x00,0x00,0x00,0x00,0x00,0x00,0x00,0x00,0x00,0x00,0xc3,0x00,0xf9,
    0x05,0x3e,0x07,0x3e,0x07,0x3e,0x07,0x3e,0x07,0x3e,0x07,0x7a,0x06,0x20,0x00,0x44,
    0x6d,0xc6,0xa7,0xc6,0xa7,0xc6,0xa7,0xc6,0xa7,0xc6,0xa7,0x01,0x2a,0x03,0x60,0x27,
    0xf8,0x27,0xf8,0x27,0xf8,0x27,0xf8,0x27,0xf8,0x24,0x98,0x24,0x80,0x27,0xf8,0x27,
    0xf8,0x27,0xf8,0x27,0xf8,0x27,0xf8,0x25,0xb0,0x20,0x00,0x05,0x97,0xc6,0xa7,0xc6,
    0xa7,0xc6,0xa7,0xc6,0xa7,0xc6,0xa7,0x41,0x19,0xab,0x02,0x3e,0x07,0x3e,0x07,0x3e,
    0x07,0x3e,0x07,0x3e,0x07,0x3e,0x07,0xbb,0x06,0xcb,0x02,0x00,0x00,0x00,0x00,0x00,
    0x00,0x00,0x00,0x00,0x00,0x00,0x00,0x00,0x00,0xcb,0x02,0xbb,0x06,0x3e,0x07,0x3e,
    0x07,0x3e,0x07,0x3e,0x07,0x3e,0x07,0x3e,0x07,0xab,0x02,0x41,0x19,0xc6,0xa7,0xc6,
    0xa7,0xc6,0xa7,0xc6,0xa7,0xc6,0xa7,0xd3,0x05,0x97,0x20,0x00,0x25,0xb0,0x27,0xf8,
    0x27,0xf8,0x27,0xf8,0x27,0xf8,0x27,0xf8,0x24,0x80,0x00,0x00,0x26,0xd8,0x27,0xf8,
    0x27,0xf8,0x27,0xf8,0x27,0xf8,0x27,0xf8,0x00,0x10,0x43,0x5c,0xc6,0xa7,0xc6,0xa7,
    0xc6,0xa7,0xc6,0xa7,0xc6,0xa7,0xc4,0x7d,0x00,0x00,0x35,0x05,0x3e,0x07,0x3e,0x07,
    0x3e,0x07,0x3e,0x07,0x3e,0x07,0x3e,0x07,0x3e,0x07,0x7a,0x06,0x11,0x04,0xcb,0x02,
    0x49,0x02,0xcb,0x02,0x11,0x04,0x7a,0x06,0x3e,0x07,0x3e,0x07,0x3e,0x07,0x3e,0x07,
    0x3e,0x07,0x3e,0x07,0x3e,0x07,0x35,0x05,0x00,0x00,0xc4,0x7d,0xc6,0xa7,0xc6,0xa7,
    0xc6,0xa7,0xc6,0xa7,0xc6,0xa7,0x43,0x5c,0x00,0x10,0x27,0xf8,0x27,0xf8,0x27,0xf8,
    0x27,0xf8,0x27,0xf8,0x26,0xd8,0x00,0x00,0x00,0x00,0x25,0xa8,0x27,0xf8,0x27,0xf8,
    0x27,0xf8,0x27,0xf8,0x27,0xf8,0x03,0x78,0xc0,0x10,0xa6,0xa7,0xc6,0xa7,0xc6,0xa7,
    0xc6,0xa7,0xc6,0xa7,0xc6,0xa7,0x42,0x43,0x82,0x00,0x3a,0x06,0x3e,0x07,0x12,0x3e,
    0x07,0xff,0x3a,0x06,0x82,0x00,0x42,0x43,0xc6,0xa7,0xc6,0xa7,0xc6,0xa7,0xc6,0xa7,
    0xc6,0xa7,0xa6,0xa7,0xc0,0x10,0x03,0x78,0x27,0xf8,0x27,0xf8,0x27,0xf8,0x27,0xf8,
    0x27,0xf8,0x25,0xa8,0x00,0x00,0x00,0x00,0x24,0x88,0x27,0xf8,0x27,0xf8,0x27,0xf8,
    0x27,0xf8,0x27,0xf8,0x27,0xe8,0x00,0x08,0x83,0x5c,0xc6,0xa7,0xc6,0xa7,0xc6,0xa7,
    0xc6,0xa7,0xc6,0xa7,0xa6,0xa7,0x01,0x2a,0xc3,0x00,0x3a,0x06,0x3e,0x07,0x3e,0x07,
    0x3e,0x07,0x3e,0x07,0x3e,0x07,0x3e,0x07,0x3e,0x07,0x3e,0x07,0x3e,0x07,0x3e,0x07,
    0x3e,0x07,0x3e,0x07,0x3e,0x07,0x3e,0x07,0x3e,0x07,0x3e,0x07,0x3e,0x07,0x3a,0x06,
    0xc3,0x00,0x01,0x2a,0xa6,0xa7,0xc6,0xa7,0xc6,0xa7,0xc6,0xa7,0xc6,0xa7,0xc6,0xa7,
    0x83,0x5c,0x00,0x08,0x27,0xe8,0x27,0xf8,0x27,0xf8,0x27,0xf8,0x27,0xf8,0x27,0xf8,
    0x24,0x88,0x00,0x00,0x00,0x00,0x00,0x00,0x26,0xc8,0x27,0xf8,0x27,0xf8,0x27,0xf8,
    0x27,0xf8,0x27,0xf8,0x24,0x80,0x80,0x08,0x25,0x97,0xc6,0xa7,0xc6,0xa7,0xc6,0xa7,
    0xc6,0xa7,0xc6,0xa7,0x65,0x9f,0x01,0x2a,0x82,0x00,0x35,0x05,0x3e,0x07,0x3e,0x07,
    0x3e,0x07,0x3e,0x07,0x3e,0x07,0x3e,0x07,0x3e,0x07,0x3e,0x07,0x3e,0x07,0x3e,0x07,
    0x3e,0x07,0x3e,0x07,0x3e,0x07,0x3e,0x07,0x3e,0x07,0x35,0x05,0x82,0x00,0x01,0x2a,
    0x65,0x9f,0xc6,0xa7,0xc6,0xa7,0xc6,0xa7,0xc6,0xa7,0xc6,0xa7,0x25,0x97,0x80,0x08,
    0x24,0x80,0x27,0xf8,0x27,0xf8,0x27,0xf8,0x27,0xf8,0x27,0xf8,0x26,0xc8,0x00,0x00,
    0xff,0x00,0x00,0x00,0x00,0x00,0x00,0x24,0x90,0x27,0xf8,0x27,0xf8,0x27,0xf8,0x27,
    0xf8,0x27,0xf8,0x27,0xf8,0x01,0x28,0x61,0x32,0xc6,0xa7,0xc6,0xa7,0xc6,0xa7,0xc6,
    0xa7,0xc6,0xa7,0xc6,0xa7,0xa6,0xa7,0x42,0x43,0x00,0x00,0xab,0x02,0x7a,0x06,0x3e,
    0x07,0x3e,0x07,0x3e,0x07,0x3e,0x07,0x3e,0x07,0x3e,0x07,0x3e,0x07,0x3e,0x07,0x3e,
    0x07,0x3e,0x07,0x3e,0x07,0x7a,0x06,0xab,0x02,0x00,0x00,0x42,0x43,0xa6,0xa7,0xc6,
    0xa7,0xc6,0xa7,0xc6,0xa7,0xc6,0xa7,0xc6,0xa7,0xc6,0xa7,0x61,0x32,0x01,0x28,0x27,
    0xf8,0x27,0xf8,0x27,0xf8,0x27,0xf8,0x27,0xf8,0x27,0xf8,0x24,0x90,0x00,0x00,0x00,
    0x00,0x00,0x00,0x00,0x00,0x00,0x00,0x26,0xd0,0x27,0xf8,0x27,0xf8,0x27,0xf8,0x27,
    0xf8,0x27,0xf8,0x26,0xd0,0x00,0x08,0x43,0x5c,0xc6,0xa7,0xc6,0xa7,0xc6,0xa7,0xc6,
    0xa7,0xc6,0xa7,0xc6,0xa7,0xc6,0xa7,0xc4,0x7d,0x41,0x19,0x20,0x00,0x6a,0x02,0xf4,
    0x04,0xdc,0x06,0x3e,0x07,0x3e,0x07,0x3e,0x07,0x3e,0x07,0x3e,0x07,0xdc,0x06,0xf4,
    0x04,0x6a,0x02,0x20,0x00,0x41,0x19,0xc4,0x7d,0xc6,0xa7,0xc6,0xa7,0xc6,0xa7,0xc6,
    0xa7,0xc6,0xa7,0xc6,0xa7,0xc6,0xa7,0x43,0x5c,0x00,0x08,0x26,0xd0,0x27,0xf8,0x27,
    0xf8,0x27,0xf8,0x27,0xf8,0x27,0xf8,0x26,0xd0,0x00,0x00,0x00,0x00,0x00,0x00,0x00,
    0x00,0x00,0x00,0x00,0x00,0x24,0x88,0x27,0xf8,0x27,0xf8,0x27,0xf8,0x27,0xf8,0x27,
    0xf8,0x27,0xf8,0x24,0x98,0x00,0x00,0x24,0x6d,0xc6,0xa7,0xc6,0xa7,0xc6,0xa7,0xee,
    0xc6,0xa7,0xc6,0xa7,0xc6,0xa7,0xc6,0xa7,0xc6,0xa7,0x44,0x6d,0x21,0x2a,0x20,0x00,
    0x00,0x00,0xe3,0x00,0xa7,0x01,0xe7,0x01,0xa7,0x01,0xe3,0x00,0x00,0x00,0x20,0x00,
    0x21,0x2a,0x44,0x6d,0xc6,0xa7,0xc6,0xa7,0xc6,0xa7,0xc6,0xa7,0xc6,0xa7,0xc6,0xa7,
    0xc6,0xa7,0xc6,0xa7,0x24,0x6d,0x00,0x00,0x24,0x98,0x27,0xf8,0x27,0xf8,0x27,0xf8,
    0x27,0xf8,0x27,0xf8,0x27,0xf8,0x24,0x88,0x00,0x00,0x00,0x00,0x00,0x00,0x00,0x00,
    0x00,0x00,0x00,0x00,0x00,0x00,0x25,0xb0,0x27,0xf8,0x27,0xf8,0x27,0xf8,0x27,0xf8,
    0x27,0xf8,0x27,0xf8,0x23,0x80,0x20,0x00,0x24,0x6d,0xc6,0xa7,0xc6,0xa7,0xc6,0xa7,
    0xc6,0xa7,0xc6,0xa7,0xc6,0xa7,0xc6,0xa7,0xc6,0xa7,0xc6,0xa7,0x65,0x9f,0xa4,0x7d,
    0x63,0x5c,0x82,0x4b,0x62,0x4b,0x82,0x4b,0x63,0x5c,0xa4,0x7d,0x65,0x9f,0xc6,0xa7,
    0xc6,0xa7,0xc6,0xa7,0xc6,0xa7,0xc6,0xa7,0xc6,0xa7,0xc6,0xa7,0xc6,0xa7,0xc6,0xa7,
    0x24,0x6d,0x20,0x00,0x23,0x80,0x27,0xf8,0x27,0xf8,0x27,0xf8,0x27,0xf8,0x27,0xf8,
    0x27,0xf8,0x25,0xb0,0x00,0x00,0x00,0x00,0x00,0x00,0x00,0x00,0x00,0x00,0x00,0x00,
    0x00,0x00,0x00,0x00,0x24,0x80,0x26,0xd8,0x27,0xf8,0x27,0xf8,0x27,0xf8,0x27,0xf8,
    0x27,0xf8,0x27,0xf8,0x23,0x80,0x00,0x00,0x43,0x5c,0xc6,0xa7,0x18,0xc6,0xa7,0xa1,
    0x43,0x5c,0x00,0x00,0x23,0x80,0x27,0xf8,0x27,0xf8,0x27,0xf8,0x27,0xf8,0x27,0xf8,
    0x27,0xf8,0x26,0xd8,0x24,0x80,0x00,0x00,0x00,0x00,0x00,0x00,0x00,0x00,0x00,0x00,
    0x00,0x00,0x00,0x00,0x00,0x00,0x00,0x00,0x24,0x88,0x27,0xf0,0x27,0xf8,0x27,0xf8,
    0x27,0xf8,0x27,0xf8,0x27,0xf8,0x27,0xf8,0x24,0x98,0x00,0x08,0x61,0x32,0x25,0x97,
    0xc6,0xa7,0x14,0xc6,0xa7,0xff,0x25,0x97,0x61,0x32,0x00,0x08,0x24,0x98,0x27,0xf8,
    0x27,0xf8,0x27,0xf8,0x27,0xf8,0x27,0xf8,0x27,0xf8,0x27,0xf0,0x24,0x88,0x00,0x00,
    0x00,0x00,0x00,0x00,0x00,0x00,0x00,0x00,0x00,0x00,0x00,0x00,0x00,0x00,0x00,0x00,
    0x00,0x00,0x00,0x00,0x24,0x98,0x27,0xf8,0x27,0xf8,0x27,0xf8,0x27,0xf8,0x27,0xf8,
    0x27,0xf8,0x27,0xf8,0x26,0xd0,0x01,0x28,0x80,0x08,0x83,0x5c,0xa6,0xa7,0xc6,0xa7,
    0xc6,0xa7,0xc6,0xa7,0xc6,0xa7,0xc6,0xa7,0xc6,0xa7,0xc6,0xa7,0xc6,0xa7,0xc6,0xa7,
    0xc6,0xa7,0xc6,0xa7,0xc6,0xa7,0xc6,0xa7,0xc6,0xa7,0xc6,0xa7,0xc6,0xa7,0xc6,0xa7,
    0xa6,0xa7,0x83,0x5c,0x80,0x08,0x01,0x28,0x26,0xd0,0x27,0xf8,0x27,0xf8,0x27,0xf8,
    0x27,0xf8,0x27,0xf8,0x27,0xf8,0x27,0xf8,0x24,0x98,0x00,0x00,0x00,0x00,0x00,0x00,
    0x00,0x00,0x00,0x00,0x00,0x00,0x00,0x00,0x00,0x00,0x00,0x00,0x00,0x00,0x00,0x00,
    0x00,0x00,0x00,0x00,0x24,0xa0,0x27,0xf8,0x27,0xf8,0x27,0xf8,0x27,0xf8,0x27,0xf8,
    0x27,0xf8,0x27,0xf8,0x27,0xf8,0x24,0x80,0x00,0x08,0xc0,0x10,0x43,0x5c,0x05,0x97,
    0xc6,0xa7,0xc6,0xa7,0xc6,0xa7,0xc6,0xa7,0xc6,0xa7,0xc6,0xa7,0xc6,0xa7,0xc6,0xa7,
    0xc6,0xa7,0xc6,0xa7,0xc6,0xa7,0xc6,0xa7,0xc6,0xa7,0x05,0x97,0x43,0x5c,0xc0,0x10,
    0x00,0x08,0x24,0x80,0x27,0xf8,0x27,0xf8,0x27,0xf8,0x27,0xf8,0x27,0xf8,0x27,0xf8,
    0x27,0xf8,0x27,0xf8,0x24,0xa0,0x00,0x00,0x00,0x00,0x00,0x00,0x00,0x00,0x00,0x00,
    0x00,0x00,0x00,0x00,0xe6,0x00,0x00,0x00,0x00,0x00,0x00,0x00,0x00,0x00,0x00,0x00,
    0x00,0x00,0x00,0x00,0x00,0x24,0xa0,0x27,0xf8,0x27,0xf8,0x27,0xf8,0x27,0xf8,0x27,
    0xf8,0x27,0xf8,0x27,0xf8,0x27,0xf8,0x27,0xe8,0x03,0x78,0x00,0x10,0x20,0x00,0x01,
    0x2a,0x23,0x5c,0xe4,0x7d,0x25,0x9f,0xc6,0xa7,0xc6,0xa7,0xc6,0xa7,0xc6,0xa7,0xc6,
    0xa7,0x25,0x9f,0xe4,0x7d,0x23,0x5c,0x01,0x2a,0x20,0x00,0x00,0x10,0x03,0x78,0x27,
    0xe8,0x27,0xf8,0x27,0xf8,0x27,0xf8,0x27,0xf8,0x27,0xf8,0x27,0xf8,0x27,0xf8,0x27,
    0xf8,0x24,0xa0,0x00,0x00,0x00,0x00,0x00,0x00,0x00,0x00,0x00,0x00,0x00,0x00,0x00,
    0x00,0x00,0x00,0x00,0x00,0x00,0x00,0x00,0x00,0x00,0x00,0x00,0x00,0x00,0x00,0x00,
    0x00,0x00,0x00,0x00,0x00,0x24,0x98,0x27,0xf0,0x27,0xf8,0x27,0xf8,0x27,0xf8,0x27,
    0xf8,0x27,0xf8,0x27,0xf8,0x27,0xf8,0x27,0xf8,0x27,0xf8,0x25,0xb0,0x03,0x60,0x01,
    0x20,0x00,0x00,0x00,0x00,0x60,0x08,0xc0,0x10,0x00,0x11,0xc0,0x10,0x60,0x08,0x00,
    0x00,0x00,0x00,0x01,0x20,0x03,0x60,0x25,0xb0,0x27,0xf8,0x27,0xf8,0x27,0xf8,0x27,
    0xf8,0x27,0xf8,0x27,0xf8,0x27,0xf8,0x27,0xf8,0x27,0xf8,0x27,0xf0,0x24,0x98,0x00,
    0x00,0x12,0x00,0x00,0xa4,0x24,0x88,0x26,0xd8,0x27,0xf8,0x27,0xf8,0x27,0xf8,0x27,
    0xf8,0x27,0xf8,0x27,0xf8,0x27,0xf8,0x27,0xf8,0x27,0xf8,0x27,0xf8,0x27,0xf8,0x27,
    0xe8,0x25,0xc0,0x24,0xa0,0x24,0x90,0x24,0x90,0x24,0x90,0x24,0xa0,0x25,0xc0,0x27,
    0xe8,0x27,0xf8,0x27,0xf8,0x27,0xf8,0x27,0xf8,0x27,0xf8,0x27,0xf8,0x27,0xf8,0x27,
    0xf8,0x27,0xf8,0x27,0xf8,0x27,0xf8,0x26,0xd8,0x24,0x88,0x00,0x00,0x14,0x00,0x00,
    0x83,0x24,0x80,0x25,0xb0,0x27,0xf8,0x1c,0x27,0xf8,0x83,0x25,0xb0,0x24,0x80,0x00,
    0x00,0x17,0x00,0x00,0x83,0x24,0x88,0x26,0xd0,0x27,0xf8,0x18,0x27,0xf8,0x83,0x26,
    0xd0,0x24,0x88,0x00,0x00,0x1b,0x00,0x00,0x83,0x24,0x90,0x26,0xc8,0x27,0xf8,0x14,
    0x27,0xf8,0x83,0x26,0xc8,0x24,0x90,0x00,0x00,0x1f,0x00,0x00,0x96,0x24,0x88,0x25,
    0xa8,0x26,0xd8,0x27,0xf8,0x27,0xf8,0x27,0xf8,0x27,0xf8,0x27,0xf8,0x27,0xf8,0x27,
    0xf8,0x27,0xf8,0x27,0xf8,0x27,0xf8,0x27,0xf8,0x27,0xf8,0x27,0xf8,0x27,0xf8,0x27,
    0xf8,0x26,0xd8,0x25,0xa8,0x24,0x88,0x00,0x00,0x24,0x00,0x00,0x90,0x24,0x80,0x24,
    0x98,0x25,0xb0,0x25,0xc0,0x26,0xd8,0x27,0xf0,0x27,0xf8,0x27,0xf8,0x27,0xf8,0x27,
    0xf0,0x26,0xd8,0x25,0xc0,0x25,0xb0,0x24,0x98,0x24,0x80,0x00,0x00,0x1d,0x00,0x00,
    0x89,0x35,0x97,0xce,0xea,0xfa,0xfe,0xff,0xff,0xff,0xfe,0xfa,0xea,0xce,0x97,0x35,
    0x00,0x00,0x00,0x11,0x00,0x00,0xff,0x45,0xc1,0xf9,0xff,0xff,0xff,0xff,0xff,0xff,
    0xff,0xff,0xff,0xff,0xff,0xff,0xff,0xff,0xff,0xf9,0xc1,0x45,0x00,0x00,0x00,0x00,
    0x00,0x00,0x00,0x00,0x00,0x00,0x00,0x00,0x00,0x00,0x00,0x00,0x00,0x00,0x00,0x00,
    0x00,0x00,0x00,0x00,0x00,0x00,0x00,0x00,0x00,0x00,0x00,0x00,0x73,0xee,0xff,0xff,
    0xff,0xff,0xff,0xff,0xff,0xff,0xff,0xff,0xff,0xff,0xff,0xff,0xff,0xff,0xff,0xff,
    0xff,0xff,0xff,0xee,0x73,0x00,0x00,0x00,0x00,0x00,0x00,0x00,0x00,0x00,0x00,0x00,
    0x00,0x00,0x00,0x00,0x00,0x00,0x00,0x00,0x00,0x00,0x00,0x00,0x00,0x00,0x00,0x00,
    0x00,0x5d,0xf2,0xff,0xff,0xff,0xff,0xff,0xff,0xff,0xff,0xff,0xff,0xff,0xff,0xff,
    0xff,0xff,0xff,0xff,0xff,0xff,0xff,0xff,0xff,0xff,0xff,0xff,0xf2,0x5d,0x00,0x00,
    0x00,0x00,0x00,0x00,0x00,0x00,0x00,0x00,0x00,0x00,0x00,0x00,0x00,0x00,0x00,0x00,
    0x00,0x00,0x00,0x00,0x00,0x00,0x17,0xd3,0xff,0xff,0xff,0xff,0xff,0xff,0xff,0xff,
    0xff,0xff,0xff,0xff,0xff,0xff,0xff,0xff,0xff,0xff,0xff,0xff,0xff,0xff,0xff,0xff,
    0xff,0xff,0xff,0xff,0xff,0xd3,0x17,0x00,0x00,0x00,0x00,0x00,0x00,0x00,0x00,0x00,
    0x00,0x00,0x00,0x00,0x00,0x00,0x00,0x00,0x00,0x00,0x00,0x00,0x52,0xf9,0xff,0xff,
    0xff,0xff,0xff,0xff,0xff,0xff,0xff,0xff,0xff,0xff,0xff,0xff,0xff,0xff,0xff,0xff,
    0xff,0xff,0xff,0xff,0xff,0xff,0xff,0xff,0xff,0xff,0xff,0xff,0xff,0xf9,0x52,0x00,
    0x00,0x00,0x00,0x00,0x00,0xa3,0x00,0x00,0x00,0x00,0x00,0x00,0x00,0x00,0x00,0x00,
    0x00,0x00,0x00,0x8c,0xff,0xff,0xff,0xff,0xff,0xff,0xff,0xff,0xff,0xff,0xff,0xff,
    0xff,0xff,0xff,0xff,0xff,0xff,0xff,0xff,0xff,0xff,0xff,0xff,0xff,0xff,0xff,0xff,
    0xff,0xff,0xff,0xff,0xff,0xff,0xff,0x8c,0x00,0x00,0x00,0x00,0x00,0x00,0x00,0x00,
    0x00,0x00,0x00,0x00,0x00,0x00,0x00,0x00,0x00,0xa7,0xff,0xff,0x11,0xff,0xff,0x8a,
    0xff,0xa7,0x00,0x00,0x00,0x00,0x00,0x00,0x00,0x00,0x00,0x00,0x00,0x00,0x00,0x00,
    0x00,0xa7,0xff,0xff,0x12,0xff,0xff,0x89,0xff,0xa7,0x00,0x00,0x00,0x00,0x00,0x00,
    0x00,0x00,0x00,0x00,0x00,0x00,0x00,0x8c,0xff,0xff,0x13,0xff,0xff,0x88,0xff,0x8c,
    0x00,0x00,0x00,0x00,0x00,0x00,0x00,0x00,0x00,0x00,0x00,0x52,0xff,0xff,0x14,0xff,
    0xff,0x88,0xff,0x52,0x00,0x00,0x00,0x00,0x00,0x00,0x00,0x00,0x00,0x17,0xf9,0xff,
    0xff,0xff,0x14,0xff,0xff,0x87,0xf9,0x17,0x00,0x00,0x00,0x00,0x00,0x00,0x00,0x00,
    0xd3,0xff,0xff,0xff,0x15,0xff,0xff,0x86,0xd3,0x00,0x00,0x00,0x00,0x00,0x00,0x00,
    0x5d,0xff,0xff,0xff,0x16,0xff,0xff,0x85,0x5d,0x00,0x00,0x00,0x00,0x00,0x00,0xf2,
    0xff,0xff,0x16,0xff,0xff,0x85,0xff,0xf2,0x00,0x00,0x00,0x00,0x00,0x73,0xff,0xff,
    0x17,0xff,0xff,0x85,0xff,0x73,0x00,0x00,0x00,0x00,0xee,0xff,0xff,0xff,0x17,0xff,
    0xff,0x84,0xee,0x00,0x00,0x00,0x45,0xff,0xff,0xff,0x18,0xff,0xff,0x83,0x45,0x00,
    0x00,0xc1,0xff,0xff,0x18,0xff,0xff,0x84,0xff,0xc1,0x00,0x00,0xf9,0xff,0xff,0xff,
    0x18,0xff,0xff,0x83,0xf9,0x00,0x35,0xff,0xff,0xff,0x19,0xff,0xff,0x82,0x35,0x97,
    0xff,0xff,0x19,0xff,0xff,0x83,0xff,0x97,0xce,0xff,0xff,0xff,0x19,0xff,0xff,0x82,
    0xce,0xea,0xff,0xff,0x19,0xff,0xff,0x83,0xff,0xea,0xfa,0xff,0xff,0xff,0x19,0xff,
    0xff,0x82,0xfa,0xfe,0xff,0xff,0x19,0xff,0xff,0x82,0xff,0xfe,0xff,0xff,0x51,0xff,
    0xff,0x82,0xff,0xfe,0xff,0xff,0x19,0xff,0xff,0x83,0xff,0xfe,0xfa,0xff,0xff,0xff,
    0x19,0xff,0xff,0x82,0xfa,0xea,0xff,0xff,0x19,0xff,0xff,0x83,0xff,0xea,0xce,0xff,
    0xff,0xff,0x19,0xff,0xff,0x82,0xce,0x97,0xff,0xff,0x19,0xff,0xff,0x83,0xff,0x97,
    0x35,0xff,0xff,0xff,0x19,0xff,0xff,0x83,0x35,0x00,0xf9,0xff,0xff,0xff,0x18,0xff,
    0xff,0x83,0xf9,0x00,0x00,0xc1,0xff,0xff,0x18,0xff,0xff,0x84,0xff,0xc1,0x00,0x00,
    0x45,0xff,0xff,0xff,0x18,0xff,0xff,0x84,0x45,0x00,0x00,0x00,0xee,0xff,0xff,0xff,
    0x17,0xff,0xff,0x84,0xee,0x00,0x00,0x00,0x00,0x73,0xff,0xff,0x17,0xff,0xff,0x85,
    0xff,0x73,0x00,0x00,0x00,0x00,0x00,0xf2,0xff,0xff,0x16,0xff,0xff,0x86,0xff,0xf2,
    0x00,0x00,0x00,0x00,0x00,0x00,0x5d,0xff,0xff,0xff,0x16,0xff,0xff,0x86,0x5d,0x00,
    0x00,0x00,0x00,0x00,0x00,0x00,0xd3,0xff,0xff,0xff,0x15,0xff,0xff,0x87,0xd3,0x00,
    0x00,0x00,0x00,0x00,0x00,0x00,0x00,0x17,0xf9,0xff,0xff,0xff,0x14,0xff,0xff,0x87,
    0xf9,0x17,0x00,0x00,0x00,0x00,0x00,0x00,0x00,0x00,0x00,0x52,0xff,0xff,0x14,0xff,
    0xff,0x88,0xff,0x52,0x00,0x00,0x00,0x00,0x00,0x00,0x00,0x00,0x00,0x00,0x00,0x8c,
    0xff,0xff,0x13,0xff,0xff,0x89,0xff,0x8c,0x00,0x00,0x00,0x00,0x00,0x00,0x00,0x00,
    0x00,0x00,0x00,0x00,0x00,0xa7,0xff,0xff,0x12,0xff,0xff,0x8a,0xff,0xa7,0x00,0x00,
    0x00,0x00,0x00,0x00,0x00,0x00,0x00,0x00,0x00,0x00,0x00,0x00,0x00,0xa7,0xff,0xff,
    0x11,0xff,0xff,0xff,0xff,0xa7,0x00,0x00,0x00,0x00,0x00,0x00,0x00,0x00,0x00,0x00,
    0x00,0x00,0x00,0x00,0x00,0x00,0x00,0x8c,0xff,0xff,0xff,0xff,0xff,0xff,0xff,0xff,
    0xff,0xff,0xff,0xff,0xff,0xff,0xff,0xff,0xff,0xff,0xff,0xff,0xff,0xff,0xff,0xff,
    0xff,0xff,0xff,0xff,0xff,0xff,0xff,0xff,0xff,0xff,0xff,0x8c,0x00,0x00,0x00,0x00,
    0x00,0x00,0x00,0x00,0x00,0x00,0x00,0x00,0x00,0x00,0x00,0x00,0x00,0x00,0x00,0x52,
    0xf9,0xff,0xff,0xff,0xff,0xff,0xff,0xff,0xff,0xff,0xff,0xff,0xff,0xff,0xff,0xff,
    0xff,0xff,0xff,0xff,0xff,0xff,0xff,0xff,0xff,0xff,0xff,0xff,0xff,0xff,0xff,0xff,
    0xf9,0x52,0x00,0x00,0x00,0x00,0x00,0x00,0x00,0x00,0x00,0x00,0x00,0x00,0x00,0x00,
    0x00,0x00,0x00,0x00,0x00,0x00,0x00,0x17,0xd3,0xff,0xff,0xff,0xff,0xff,0xff,0xff,
    0xff,0xff,0xff,0xff,0xff,0xff,0xff,0xff,0xff,0xff,0xff,0xff,0xff,0xff,0xff,0xff,
    0xff,0xff,0xff,0xff,0xff,0xff,0xd3,0x17,0x00,0x00,0x00,0x00,0x00,0x00,0x00,0x00,
    0x00,0x00,0x00,0x00,0x00,0x00,0x00,0x00,0x00,0x00,0x00,0x00,0x00,0x00,0x00,0x00,
    0x5d,0xf2,0xff,0xff,0xff,0xff,0xff,0xff,0xff,0xff,0xff,0xff,0xff,0xff,0xff,0xff,
    0xff,0xff,0xff,0xff,0xff,0xff,0xff,0xff,0xff,0xff,0xff,0xf2,0x5d,0x00,0x00,0x00,
    0x00,0x00,0x00,0x00,0x00,0x00,0x00,0x00,0x00,0x00,0x00,0x00,0x00,0x00,0x00,0x00,
    0x00,0x00,0x00,0x00,0x00,0x00,0x00,0x00,0x00,0x73,0xee,0xff,0xff,0xff,0xff,0xff,
    0xff,0xff,0xa4,0xff,0xff,0xff,0xff,0xff,0xff,0xff,0xff,0xff,0xff,0xff,0xff,0xff,
    0xff,0xee,0x73,0x00,0x00,0x00,0x00,0x00,0x00,0x00,0x00,0x00,0x00,0x00,0x00,0x00,
    0x00,0x00,0x00,0x00,0x00,0x00,0x00,0x00,0x00,0x00,0x00,0x00,0x00,0x00,0x00,0x00,
    0x00,0x00,0x00,0x45,0xc1,0xf9,0xff,0xff,0xff,0xff,0xff,0xff,0xff,0xff,0xff,0xff,
    0xff,0xff,0xff,0xff,0xff,0xf9,0xc1,0x45,0x00,0x00,0x00,0x11,0x00,0x00,0x92,0x35,
    0x97,0xce,0xea,0xfa,0xfe,0xff,0xff,0xff,0xfe,0xfa,0xea,0xce,0x97,0x35,0x00,0x00,
    0x00,0x00,0x00,0x00,0x00,0x00,0x00,0x00,0x00,0x00,0x00,0x00,0x00,0x00,0x00,0x00,
    0x00,0x00,0x00,

};

const lv_image_dsc_t RING = {
  .header = {
    .magic = LV_IMAGE_HEADER_MAGIC,
    .cf = LV_COLOR_FORMAT_RGB565A8,
    .flags = 0 | LV_IMAGE_FLAGS_COMPRESSED,
    .w = 55,
    .h = 55,
    .stride = 110,
    .reserved_2 = 0,
  },
  .data_size = sizeof(RING_map),
  .data = RING_map,
  .reserved = NULL,
};

uint8_t RING_RLE_map[] = {

    0x01,0x00,0x00,0x00,0x17,0x18,0x00,0x00,0x73,0x23,0x00,0x00,0x14,0x00,0x00,0x90,
    0x24,0x80,0x24,0x98,0x25,0xb0,0x25,0xc0,0x26,0xd8,0x27,0xf0,0x27,0xf8,0x27,0xf8,
    0x27,0xf8,0x27,0xf0,0x26,0xd8,0x25,0xc0,0x25,0xb0,0x24,0x98,0x24,0x80,0x00,0x00,
    0x24,0x00,0x00,0x96,0x24,0x88,0x25,0xa8,0x26,0xd8,0x27,0xf8,0x27,0xf8,0x27,0xf8,
    0x27,0xf8,0x27,0xf8,0x27,0xf8,0x27,0xf8,0x27,0xf8,0x27,0xf8,0x27,0xf8,0x27,0xf8,
    0x27,0xf8,0x27,0xf8,0x27,0xf8,0x27,0xf8,0x26,0xd8,0x25,0xa8,0x24,0x88,0x00,0x00,
    0x1f,0x00,0x00,0x83,0x24,0x90,0x26,0xc8,0x27,0xf8,0x14,0x27,0xf8,0x83,0x26,0xc8,
    0x24,0x90,0x00,0x00,0x1b,0x00,0x00,0x83,0x24,0x88,0x26,0xd0,0x27,0xf8,0x18,0x27,
    0xf8,0x83,0x26,0xd0,0x24,0x88,0x00,0x00,0x17,0x00,0x00,0x83,0x24,0x80,0x25,0xb0,
    0x27,0xf8,0x1c,0x27,0xf8,0x83,0x25,0xb0,0x24,0x80,0x00,0x00,0x14,0x00,0x00,0xa4,
    0x24,0x88,0x26,0xd8,0x27,0xf8,0x27,0xf8,0x27,0xf8,0x27,0xf8,0x27,0xf8,0x27,0xf8,
    0x27,0xf8,0x27,0xf8,0x27,0xf8,0x27,0xf8,0x27,0xf8,0x27,0xe8,0x25,0xc0,0x24,0xa0,
    0x24,0x90,0x24,0x90,0x24,0x90,0x24,0xa0,0x25,0xc0,0x27,0xe8,0x27,0xf8,0x27,0xf8,
    0x27,0xf8,0x27,0xf8,0x27,0xf8,0x27,0xf8,0x27,0xf8,0x27,0xf8,0x27,0xf8,0x27,0xf8,
    0x27,0xf8,0x26,0xd8,0x24,0x88,0x00,0x00,0x12,0x00,0x00,0xff,0x24,0x98,0x27,0xf0,
    0x27,0xf8,0x27,0xf8,0x27,0xf8,0x27,0xf8,0x27,0xf8,0x27,0xf8,0x27,0xf8,0x27,0xf8,
    0x27,0xf8,0x25,0xb0,0x03,0x60,0x01,0x20,0x00,0x00,0x00,0x00,0x60,0x08,0xc0,0x10,
    0xe0,0x10,0xc0,0x10,0x60,0x08,0x00,0x00,0x00,0x00,0x01,0x20,0x03,0x60,0x25,0xb0,
    0x27,0xf8,0x27,0xf8,0x27,0xf8,0x27,0xf8,0x27,0xf8,0x27,0xf8,0x27,0xf8,0x27,0xf8,
    0x27,0xf8,0x27,0xf0,0x24,0x98,0x00,0x00,0x00,0x00,0x00,0x00,0x00,0x00,0x00,0x00,
    0x00,0x00,0x00,0x00,0x00,0x00,0x00,0x00,0x00,0x00,0x00,0x00,0x00,0x00,0x00,0x00,
    0x00,0x00,0x00,0x00,0x00,0x00,0x00,0x00,0x24,0xa0,0x27,0xf8,0x27,0xf8,0x27,0xf8,
    0x27,0xf8,0x27,0xf8,0x27,0xf8,0x27,0xf8,0x27,0xf8,0x27,0xe8,0x03,0x78,0x00,0x10,
    0x20,0x00,0x01,0x2a,0x23,0x5c,0xe4,0x7d,0x25,0x9f,0xc6,0xa7,0xc6,0xa7,0xc6,0xa7,
    0xc6,0xa7,0xc6,0xa7,0x25,0x9f,0xe4,0x7d,0x23,0x5c,0x01,0x2a,0x20,0x00,0x00,0x10,
    0x03,0x78,0x27,0xe8,0x27,0xf8,0x27,0xf8,0x27,0xf8,0x27,0xf8,0x27,0xf8,0x27,0xf8,
    0x27,0xf8,0x27,0xf8,0x24,0xa0,0x00,0x00,0x00,0x00,0x00,0x00,0x00,0x00,0x00,0x00,
    0x00,0x00,0x00,0x00,0x00,0x00,0x00,0x00,0x00,0x00,0x00,0x00,0x00,0x00,0x00,0x00,
    0x00,0x00,0x00,0x00,0x24,0xa0,0x27,0xf8,0x27,0xf8,0x27,0xf8,0x27,0xf8,0x27,0xf8,
    0x27,0xf8,0x27,0xf8,0x27,0xf8,0x24,0x80,0x00,0x08,0xc0,0x10,0x43,0x5c,0x05,0x97,
    0xc6,0xa7,0xc6,0xa7,0xc6,0xa7,0xc6,0xa7,0xc6,0xa7,0xe6,0xc6,0xa7,0xc6,0xa7,0xc6,
    0xa7,0xc6,0xa7,0xc6,0xa7,0xc6,0xa7,0xc6,0xa7,0xc6,0xa7,0x05,0x97,0x43,0x5c,0xc0,
    0x10,0x00,0x08,0x24,0x80,0x27,0xf8,0x27,0xf8,0x27,0xf8,0x27,0xf8,0x27,0xf8,0x27,
    0xf8,0x27,0xf8,0x27,0xf8,0x24,0xa0,0x00,0x00,0x00,0x00,0x00,0x00,0x00,0x00,0x00,
    0x00,0x00,0x00,0x00,0x00,0x00,0x00,0x00,0x00,0x00,0x00,0x00,0x00,0x00,0x00,0x00,
    0x00,0x24,0x98,0x27,0xf8,0x27,0xf8,0x27,0xf8,0x27,0xf8,0x27,0xf8,0x27,0xf8,0x27,
    0xf8,0x26,0xd0,0x01,0x28,0x80,0x08,0x83,0x5c,0xa6,0xa7,0xc6,0xa7,0xc6,0xa7,0xc6,
    0xa7,0xc6,0xa7,0xc6,0xa7,0xc6,0xa7,0xc6,0xa7,0xc6,0xa7,0xc6,0xa7,0xc6,0xa7,0xc6,
    0xa7,0xc6,0xa7,0xc6,0xa7,0xc6,0xa7,0xc6,0xa7,0xc6,0xa7,0xc6,0xa7,0xa6,0xa7,0x83,
    0x5c,0x80,0x08,0x01,0x28,0x26,0xd0,0x27,0xf8,0x27,0xf8,0x27,0xf8,0x27,0xf8,0x27,
    0xf8,0x27,0xf8,0x27,0xf8,0x24,0x98,0x00,0x00,0x00,0x00,0x00,0x00,0x00,0x00,0x00,
    0x00,0x00,0x00,0x00,0x00,0x00,0x00,0x00,0x00,0x00,0x00,0x00,0x00,0x24,0x88,0x27,
    0xf0,0x27,0xf8,0x27,0xf8,0x27,0xf8,0x27,0xf8,0x27,0xf8,0x27,0xf8,0x24,0x98,0x00,
    0x08,0x61,0x32,0x25,0x97,0xc6,0xa7,0x14,0xc6,0xa7,0xa1,0x25,0x97,0x61,0x32,0x00,
    0x08,0x24,0x98,0x27,0xf8,0x27,0xf8,0x27,0xf8,0x27,0xf8,0x27,0xf8,0x27,0xf8,0x27,
    0xf0,0x24,0x88,0x00,0x00,0x00,0x00,0x00,0x00,0x00,0x00,0x00,0x00,0x00,0x00,0x00,
    0x00,0x00,0x00,0x00,0x00,0x24,0x80,0x26,0xd8,0x27,0xf8,0x27,0xf8,0x27,0xf8,0x27,
    0xf8,0x27,0xf8,0x27,0xf8,0x23,0x80,0x00,0x00,0x43,0x5c,0xc6,0xa7,0x18,0xc6,0xa7,
    0xff,0x43,0x5c,0x00,0x00,0x23,0x80,0x27,0xf8,0x27,0xf8,0x27,0xf8,0x27,0xf8,0x27,
    0xf8,0x27,0xf8,0x26,0xd8,0x24,0x80,0x00,0x00,0x00,0x00,0x00,0x00,0x00,0x00,0x00,
    0x00,0x00,0x00,0x00,0x00,0x00,0x00,0x25,0xb0,0x27,0xf8,0x27,0xf8,0x27,0xf8,0x27,
    0xf8,0x27,0xf8,0x27,0xf8,0x23,0x80,0x20,0x00,0x24,0x6d,0xc6,0xa7,0xc6,0xa7,0xc6,
    0xa7,0xc6,0xa7,0xc6,0xa7,0xc6,0xa7,0xc6,0xa7,0xc6,0xa7,0xc6,0xa7,0x65,0x9f,0xa4,
    0x7d,0x63,0x5c,0x82,0x4b,0x62,0x4b,0x82,0x4b,0x63,0x5c,0xa4,0x7d,0x65,0x9f,0xc6,
    0xa7,0xc6,0xa7,0xc6,0xa7,0xc6,0xa7,0xc6,0xa7,0xc6,0xa7,0xc6,0xa7,0xc6,0xa7,0xc6,
    0xa7,0x24,0x6d,0x20,0x00,0x23,0x80,0x27,0xf8,0x27,0xf8,0x27,0xf8,0x27,0xf8,0x27,
    0xf8,0x27,0xf8,0x25,0xb0,0x00,0x00,0x00,0x00,0x00,0x00,0x00,0x00,0x00,0x00,0x00,
    0x00,0x00,0x00,0x24,0x88,0x27,0xf8,0x27,0xf8,0x27,0xf8,0x27,0xf8,0x27,0xf8,0x27,
    0xf8,0x24,0x98,0x00,0x00,0x24,0x6d,0xc6,0xa7,0xc6,0xa7,0xc6,0xa7,0xc6,0xa7,0xc6,
    0xa7,0xc6,0xa7,0xc6,0xa7,0xc6,0xa7,0x44,0x6d,0x21,0x2a,0x20,0x00,0x00,0x00,0xe3,
    0x00,0xa7,0x01,0xc7,0x01,0xa7,0x01,0xe3,0x00,0x00,0x00,0x20,0x00,0x21,0x2a,0x44,
    0x6d,0xc6,0xa7,0xc6,0xa7,0xc6,0xa7,0xc6,0xa7,0xc6,0xa7,0xc6,0xa7,0xc6,0xa7,0xc6,
    0xa7,0x24,0x6d,0x00,0x00,0x24,0x98,0x27,0xf8,0x27,0xf8,0x27,0xf8,0x27,0xf8,0x27,
    0xf8,0x27,0xf8,0x24,0x88,0x00,0x00,0x00,0x00,0x00,0x00,0x00,0x00,0x00,0x00,0xff,
    0x00,0x00,0x26,0xd0,0x27,0xf8,0x27,0xf8,0x27,0xf8,0x27,0xf8,0x27,0xf8,0x26,0xd0,
    0x00,0x08,0x43,0x5c,0xc6,0xa7,0xc6,0xa7,0xc6,0xa7,0xc6,0xa7,0xc6,0xa7,0xc6,0xa7,
    0xc6,0xa7,0xc4,0x7d,0x41,0x19,0x20,0x00,0x6a,0x02,0xf4,0x04,0xdc,0x06,0x3e,0x07,
    0x3e,0x07,0x3e,0x07,0x3e,0x07,0x3e,0x07,0xdc,0x06,0xf4,0x04,0x6a,0x02,0x20,0x00,
    0x41,0x19,0xc4,0x7d,0xc6,0xa7,0xc6,0xa7,0xc6,0xa7,0xc6,0xa7,0xc6,0xa7,0xc6,0xa7,
    0xc6,0xa7,0x43,0x5c,0x00,0x08,0x26,0xd0,0x27,0xf8,0x27,0xf8,0x27,0xf8,0x27,0xf8,
    0x27,0xf8,0x26,0xd0,0x00,0x00,0x00,0x00,0x00,0x00,0x00,0x00,0x00,0x00,0x24,0x90,
    0x27,0xf8,0x27,0xf8,0x27,0xf8,0x27,0xf8,0x27,0xf8,0x27,0xf8,0x01,0x28,0x61,0x32,
    0xc6,0xa7,0xc6,0xa7,0xc6,0xa7,0xc6,0xa7,0xc6,0xa7,0xc6,0xa7,0xa6,0xa7,0x42,0x43,
    0x00,0x00,0xab,0x02,0x7a,0x06,0x3e,0x07,0x3e,0x07,0x3e,0x07,0x3e,0x07,0x3e,0x07,
    0x3e,0x07,0x3e,0x07,0x3e,0x07,0x3e,0x07,0x3e,0x07,0x3e,0x07,0x7a,0x06,0xab,0x02,
    0x00,0x00,0x42,0x43,0xa6,0xa7,0xc6,0xa7,0xc6,0xa7,0xc6,0xa7,0xc6,0xa7,0xc6,0xa7,
    0xc6,0xa7,0x61,0x32,0x01,0x28,0x27,0xf8,0x27,0xf8,0x27,0xf8,0x27,0xf8,0x27,0xf8,
    0x27,0xf8,0x24,0x90,0x00,0x00,0x00,0x00,0x00,0x00,0x00,0x00,0x26,0xc8,0x27,0xf8,
    0x27,0xf8,0x27,0xf8,0x27,0xf8,0x27,0xf8,0x24,0x80,0x80,0x08,0x25,0x97,0xc6,0xa7,
    0xc6,0xa7,0xc6,0xa7,0xc6,0xa7,0xc6,0xa7,0x65,0x9f,0x01,0x2a,0x82,0x00,0xee,0x35,
    0x05,0x3e,0x07,0x3e,0x07,0x3e,0x07,0x3e,0x07,0x3e,0x07,0x3e,0x07,0x3e,0x07,0x3e,
    0x07,0x3e,0x07,0x3e,0x07,0x3e,0x07,0x3e,0x07,0x3e,0x07,0x3e,0x07,0x3e,0x07,0x35,
    0x05,0x82,0x00,0x01,0x2a,0x65,0x9f,0xc6,0xa7,0xc6,0xa7,0xc6,0xa7,0xc6,0xa7,0xc6,
    0xa7,0x25,0x97,0x80,0x08,0x24,0x80,0x27,0xf8,0x27,0xf8,0x27,0xf8,0x27,0xf8,0x27,
    0xf8,0x26,0xc8,0x00,0x00,0x00,0x00,0x00,0x00,0x24,0x88,0x27,0xf8,0x27,0xf8,0x27,
    0xf8,0x27,0xf8,0x27,0xf8,0x27,0xe8,0x00,0x08,0x83,0x5c,0xc6,0xa7,0xc6,0xa7,0xc6,
    0xa7,0xc6,0xa7,0xc6,0xa7,0xa6,0xa7,0x01,0x2a,0xc3,0x00,0x3a,0x06,0x3e,0x07,0x3e,
    0x07,0x3e,0x07,0x3e,0x07,0x3e,0x07,0x3e,0x07,0x3e,0x07,0x3e,0x07,0x3e,0x07,0x3e,
    0x07,0x3e,0x07,0x3e,0x07,0x3e,0x07,0x3e,0x07,0x3e,0x07,0x3e,0x07,0x3e,0x07,0x3a,
    0x06,0xc3,0x00,0x01,0x2a,0xa6,0xa7,0xc6,0xa7,0xc6,0xa7,0xc6,0xa7,0xc6,0xa7,0xc6,
    0xa7,0x83,0x5c,0x00,0x08,0x27,0xe8,0x27,0xf8,0x27,0xf8,0x27,0xf8,0x27,0xf8,0x27,
    0xf8,0x24,0x88,0x00,0x00,0x00,0x00,0x25,0xa8,0x27,0xf8,0x27,0xf8,0x27,0xf8,0x27,
    0xf8,0x27,0xf8,0x03,0x78,0xc0,0x10,0xa6,0xa7,0xc6,0xa7,0xc6,0xa7,0xc6,0xa7,0xc6,
    0xa7,0xc6,0xa7,0x42,0x43,0x82,0x00,0x3a,0x06,0x3e,0x07,0x12,0x3e,0x07,0xff,0x3a,
    0x06,0x82,0x00,0x42,0x43,0xc6,0xa7,0xc6,0xa7,0xc6,0xa7,0xc6,0xa7,0xc6,0xa7,0xa6,
    0xa7,0xc0,0x10,0x03,0x78,0x27,0xf8,0x27,0xf8,0x27,0xf8,0x27,0xf8,0x27,0xf8,0x25,
    0xa8,0x00,0x00,0x00,0x00,0x26,0xd8,0x27,0xf8,0x27,0xf8,0x27,0xf8,0x27,0xf8,0x27,
    0xf8,0x00,0x10,0x43,0x5c,0xc6,0xa7,0xc6,0xa7,0xc6,0xa7,0xc6,0xa7,0xc6,0xa7,0xc4,
    0x7d,0x00,0x00,0x35,0x05,0x3e,0x07,0x3e,0x07,0x3e,0x07,0x3e,0x07,0x3e,0x07,0x3e,
    0x07,0x3e,0x07,0x7a,0x06,0x11,0x04,0xcb,0x02,0x49,0x02,0xcb,0x02,0x11,0x04,0x7a,
    0x06,0x3e,0x07,0x3e,0x07,0x3e,0x07,0x3e,0x07,0x3e,0x07,0x3e,0x07,0x3e,0x07,0x35,
    0x05,0x00,0x00,0xc4,0x7d,0xc6,0xa7,0xc6,0xa7,0xc6,0xa7,0xc6,0xa7,0xc6,0xa7,0x43,
    0x5c,0x00,0x10,0x27,0xf8,0x27,0xf8,0x27,0xf8,0x27,0xf8,0x27,0xf8,0x26,0xd8,0x00,
    0x00,0x24,0x80,0x27,0xf8,0x27,0xf8,0x27,0xf8,0x27,0xf8,0x27,0xf8,0x25,0xb0,0x20,
    0x00,0x05,0x97,0xc6,0xa7,0xc6,0xa7,0xc6,0xa7,0xc6,0xa7,0xc6,0xa7,0x41,0x19,0xab,
    0x02,0x3e,0x07,0x3e,0x07,0x3e,0x07,0x3e,0x07,0x3e,0x07,0x3e,0x07,0xbb,0x06,0xcb,
    0x02,0x00,0x00,0x00,0x00,0x00,0x00,0x00,0x00,0x00,0x00,0x00,0x00,0x00,0x00,0xcb,
    0x02,0xbb,0x06,0x3e,0x07,0x3e,0x07,0x3e,0x07,0x3e,0x07,0x3e,0x07,0x3e,0x07,0xab,
    0x02,0x41,0x19,0xc6,0xa7,0xc6,0xa7,0xc6,0xa7,0xc6,0xa7,0xc6,0xa7,0x05,0x97,0x20,
    0x00,0x25,0xb0,0x27,0xf8,0x27,0xf8,0x27,0xf8,0x27,0xf8,0x27,0xf8,0xff,0x24,0x80,
    0x24,0x98,0x27,0xf8,0x27,0xf8,0x27,0xf8,0x27,0xf8,0x27,0xf8,0x03,0x60,0x01,0x2a,
    0xc6,0xa7,0xc6,0xa7,0xc6,0xa7,0xc6,0xa7,0xc6,0xa7,0x44,0x6d,0x20,0x00,0x7a,0x06,
    0x3e,0x07,0x3e,0x07,0x3e,0x07,0x3e,0x07,0x3e,0x07,0xf9,0x05,0xc3,0x00,0x00,0x00,
    0x00,0x00,0x00,0x00,0x00,0x00,0x00,0x00,0x00,0x00,0x00,0x00,0x00,0x00,0x00,0x00,
    0xc3,0x00,0xf9,0x05,0x3e,0x07,0x3e,0x07,0x3e,0x07,0x3e,0x07,0x3e,0x07,0x7a,0x06,
    0x20,0x00,0x44,0x6d,0xc6,0xa7,0xc6,0xa7,0xc6,0xa7,0xc6,0xa7,0xc6,0xa7,0x01,0x2a,
    0x03,0x60,0x27,0xf8,0x27,0xf8,0x27,0xf8,0x27,0xf8,0x27,0xf8,0x24,0x98,0x25,0xb0,
    0x27,0xf8,0x27,0xf8,0x27,0xf8,0x27,0xf8,0x27,0xf8,0x01,0x20,0x23,0x5c,0xc6,0xa7,
    0xc6,0xa7,0xc6,0xa7,0xc6,0xa7,0xc6,0xa7,0x21,0x2a,0x6a,0x02,0x3e,0x07,0x3e,0x07,
    0x3e,0x07,0x3e,0x07,0x3e,0x07,0xbb,0x06,0xc3,0x00,0x00,0x00,0x00,0x00,0x00,0x00,
    0x00,0x00,0x00,0x00,0x00,0x00,0x00,0x00,0x00,0x00,0x00,0x00,0x00,0x00,0x00,0x00,
    0xc3,0x00,0xbb,0x06,0x3e,0x07,0x3e,0x07,0x3e,0x07,0x3e,0x07,0x3e,0x07,0x6a,0x02,
    0x21,0x2a,0xc6,0xa7,0xc6,0xa7,0xc6,0xa7,0xc6,0xa7,0xc6,0xa7,0x23,0x5c,0x01,0x20,
    0x27,0xf8,0x27,0xf8,0x27,0xf8,0x27,0xf8,0x27,0xf8,0x25,0xb0,0x25,0xc0,0x27,0xf8,
    0x27,0xf8,0x27,0xf8,0x27,0xf8,0x27,0xe8,0x00,0x00,0xe4,0x7d,0xc6,0xa7,0xc6,0xa7,
    0xc6,0xa7,0xc6,0xa7,0x65,0x9f,0x20,0x00,0xf4,0x04,0x3e,0x07,0xff,0x3e,0x07,0x3e,
    0x07,0x3e,0x07,0x3e,0x07,0xcb,0x02,0x00,0x00,0x00,0x00,0x00,0x00,0x00,0x00,0x00,
    0x00,0x00,0x00,0x00,0x00,0x00,0x00,0x00,0x00,0x00,0x00,0x00,0x00,0x00,0x00,0x00,
    0x00,0xcb,0x02,0x3e,0x07,0x3e,0x07,0x3e,0x07,0x3e,0x07,0x3e,0x07,0xf4,0x04,0x20,
    0x00,0x65,0x9f,0xc6,0xa7,0xc6,0xa7,0xc6,0xa7,0xc6,0xa7,0xe4,0x7d,0x00,0x00,0x27,
    0xe8,0x27,0xf8,0x27,0xf8,0x27,0xf8,0x27,0xf8,0x25,0xc0,0x26,0xd8,0x27,0xf8,0x27,
    0xf8,0x27,0xf8,0x27,0xf8,0x25,0xc0,0x00,0x00,0x25,0x9f,0xc6,0xa7,0xc6,0xa7,0xc6,
    0xa7,0xc6,0xa7,0xa4,0x7d,0x00,0x00,0xdc,0x06,0x3e,0x07,0x3e,0x07,0x3e,0x07,0x3e,
    0x07,0x7a,0x06,0x00,0x00,0x00,0x00,0x00,0x00,0x00,0x00,0x00,0x00,0x00,0x00,0x00,
    0x00,0x00,0x00,0x00,0x00,0x00,0x00,0x00,0x00,0x00,0x00,0x00,0x00,0x00,0x00,0x00,
    0x00,0x7a,0x06,0x3e,0x07,0x3e,0x07,0x3e,0x07,0x3e,0x07,0xdc,0x06,0x00,0x00,0xa4,
    0x7d,0xc6,0xa7,0xc6,0xa7,0xc6,0xa7,0xc6,0xa7,0x25,0x9f,0x00,0x00,0x25,0xc0,0x27,
    0xf8,0x27,0xf8,0x27,0xf8,0x27,0xf8,0x26,0xd8,0x27,0xf0,0x27,0xf8,0x27,0xf8,0x27,
    0xf8,0x27,0xf8,0x24,0xa0,0x60,0x08,0xc6,0xa7,0xc6,0xa7,0xc6,0xa7,0xc6,0xa7,0xc6,
    0xa7,0x63,0x5c,0xe3,0x00,0x3e,0x07,0x3e,0x07,0x3e,0x07,0x3e,0x07,0x3e,0x07,0x11,
    0x04,0x00,0x00,0x00,0x00,0x00,0x00,0x00,0x00,0x00,0x00,0x00,0x00,0x00,0x00,0x00,
    0x00,0x00,0x00,0x00,0x00,0x00,0x00,0x00,0x00,0x00,0x00,0xff,0x00,0x00,0x00,0x00,
    0x11,0x04,0x3e,0x07,0x3e,0x07,0x3e,0x07,0x3e,0x07,0x3e,0x07,0xe3,0x00,0x63,0x5c,
    0xc6,0xa7,0xc6,0xa7,0xc6,0xa7,0xc6,0xa7,0xc6,0xa7,0x60,0x08,0x24,0xa0,0x27,0xf8,
    0x27,0xf8,0x27,0xf8,0x27,0xf8,0x27,0xf0,0x27,0xf8,0x27,0xf8,0x27,0xf8,0x27,0xf8,
    0x27,0xf8,0x24,0x90,0xc0,0x10,0xc6,0xa7,0xc6,0xa7,0xc6,0xa7,0xc6,0xa7,0xc6,0xa7,
    0x82,0x4b,0xa7,0x01,0x3e,0x07,0x3e,0x07,0x3e,0x07,0x3e,0x07,0x3e,0x07,0xcb,0x02,
    0x00,0x00,0x00,0x00,0x00,0x00,0x00,0x00,0x00,0x00,0x00,0x00,0x00,0x00,0x00,0x00,
    0x00,0x00,0x00,0x00,0x00,0x00,0x00,0x00,0x00,0x00,0x00,0x00,0x00,0x00,0xcb,0x02,
    0x3e,0x07,0x3e,0x07,0x3e,0x07,0x3e,0x07,0x3e,0x07,0xa7,0x01,0x82,0x4b,0xc6,0xa7,
    0xc6,0xa7,0xc6,0xa7,0xc6,0xa7,0xc6,0xa7,0xc0,0x10,0x24,0x90,0x27,0xf8,0x27,0xf8,
    0x27,0xf8,0x27,0xf8,0x27,0xf8,0x27,0xf8,0x27,0xf8,0x27,0xf8,0x27,0xf8,0x27,0xf8,
    0x24,0x90,0x00,0x11,0xc6,0xa7,0xc6,0xa7,0xc6,0xa7,0xc6,0xa7,0xc6,0xa7,0x62,0x4b,
    0xe7,0x01,0x3e,0x07,0x3e,0x07,0x3e,0x07,0x3e,0x07,0x3e,0x07,0x49,0x02,0x00,0x00,
    0x00,0x00,0x00,0x00,0x00,0x00,0x00,0x00,0x00,0x00,0x00,0x00,0x00,0x00,0x00,0x00,
    0x00,0x00,0x00,0x00,0x00,0x00,0x00,0x00,0x00,0x00,0x00,0x00,0x49,0x02,0x3e,0x07,
    0x3e,0x07,0x3e,0x07,0x3e,0x07,0x3e,0x07,0xc7,0x01,0x62,0x4b,0xc6,0xa7,0xc6,0xa7,
    0xc6,0xa7,0xc6,0xa7,0xc6,0xa7,0xe0,0x10,0x24,0x90,0xff,0x27,0xf8,0x27,0xf8,0x27,
    0xf8,0x27,0xf8,0x27,0xf8,0x27,0xf8,0x27,0xf8,0x27,0xf8,0x27,0xf8,0x27,0xf8,0x24,
    0x90,0xc0,0x10,0xc6,0xa7,0xc6,0xa7,0xc6,0xa7,0xc6,0xa7,0xc6,0xa7,0x82,0x4b,0xa7,
    0x01,0x3e,0x07,0x3e,0x07,0x3e,0x07,0x3e,0x07,0x3e,0x07,0xcb,0x02,0x00,0x00,0x00,
    0x00,0x00,0x00,0x00,0x00,0x00,0x00,0x00,0x00,0x00,0x00,0x00,0x00,0x00,0x00,0x00,
    0x00,0x00,0x00,0x00,0x00,0x00,0x00,0x00,0x00,0x00,0x00,0xcb,0x02,0x3e,0x07,0x3e,
    0x07,0x3e,0x07,0x3e,0x07,0x3e,0x07,0xa7,0x01,0x82,0x4b,0xc6,0xa7,0xc6,0xa7,0xc6,
    0xa7,0xc6,0xa7,0xc6,0xa7,0xc0,0x10,0x24,0x90,0x27,0xf8,0x27,0xf8,0x27,0xf8,0x27,
    0xf8,0x27,0xf8,0x27,0xf0,0x27,0xf8,0x27,0xf8,0x27,0xf8,0x27,0xf8,0x24,0xa0,0x60,
    0x08,0xc6,0xa7,0xc6,0xa7,0xc6,0xa7,0xc6,0xa7,0xc6,0xa7,0x63,0x5c,0xe3,0x00,0x3e,
    0x07,0x3e,0x07,0x3e,0x07,0x3e,0x07,0x3e,0x07,0x11,0x04,0x00,0x00,0x00,0x00,0x00,
    0x00,0x00,0x00,0x00,0x00,0x00,0x00,0x00,0x00,0x00,0x00,0x00,0x00,0x00,0x00,0x00,
    0x00,0x00,0x00,0x00,0x00,0x00,0x00,0x00,0x00,0x11,0x04,0x3e,0x07,0x3e,0x07,0x3e,
    0x07,0x3e,0x07,0x3e,0x07,0xe3,0x00,0x63,0x5c,0xc6,0xa7,0xc6,0xa7,0xc6,0xa7,0xc6,
    0xa7,0xc6,0xa7,0x60,0x08,0x24,0xa0,0x27,0xf8,0x27,0xf8,0x27,0xf8,0x27,0xf8,0x27,
    0xf0,0x26,0xd8,0x27,0xf8,0x27,0xf8,0x27,0xf8,0x27,0xf8,0x25,0xc0,0x00,0x00,0x25,
    0x9f,0xc6,0xa7,0xc6,0xa7,0xc6,0xa7,0xc6,0xa7,0xff,0xa4,0x7d,0x00,0x00,0xdc,0x06,
    0x3e,0x07,0x3e,0x07,0x3e,0x07,0x3e,0x07,0x7a,0x06,0x00,0x00,0x00,0x00,0x00,0x00,
    0x00,0x00,0x00,0x00,0x00,0x00,0x00,0x00,0x00,0x00,0x00,0x00,0x00,0x00,0x00,0x00,
    0x00,0x00,0x00,0x00,0x00,0x00,0x00,0x00,0x7a,0x06,0x3e,0x07,0x3e,0x07,0x3e,0x07,
    0x3e,0x07,0xdc,0x06,0x00,0x00,0xa4,0x7d,0xc6,0xa7,0xc6,0xa7,0xc6,0xa7,0xc6,0xa7,
    0x25,0x9f,0x00,0x00,0x25,0xc0,0x27,0xf8,0x27,0xf8,0x27,0xf8,0x27,0xf8,0x26,0xd8,
    0x25,0xc0,0x27,0xf8,0x27,0xf8,0x27,0xf8,0x27,0xf8,0x27,0xe8,0x00,0x00,0xe4,0x7d,
    0xc6,0xa7,0xc6,0xa7,0xc6,0xa7,0xc6,0xa7,0x65,0x9f,0x20,0x00,0xf4,0x04,0x3e,0x07,
    0x3e,0x07,0x3e,0x07,0x3e,0x07,0x3e,0x07,0xcb,0x02,0x00,0x00,0x00,0x00,0x00,0x00,
    0x00,0x00,0x00,0x00,0x00,0x00,0x00,0x00,0x00,0x00,0x00,0x00,0x00,0x00,0x00,0x00,
    0x00,0x00,0x00,0x00,0xcb,0x02,0x3e,0x07,0x3e,0x07,0x3e,0x07,0x3e,0x07,0x3e,0x07,
    0xf4,0x04,0x20,0x00,0x65,0x9f,0xc6,0xa7,0xc6,0xa7,0xc6,0xa7,0xc6,0xa7,0xe4,0x7d,
    0x00,0x00,0x27,0xe8,0x27,0xf8,0x27,0xf8,0x27,0xf8,0x27,0xf8,0x25,0xc0,0x25,0xb0,
    0x27,0xf8,0x27,0xf8,0x27,0xf8,0x27,0xf8,0x27,0xf8,0x01,0x20,0x23,0x5c,0xc6,0xa7,
    0xc6,0xa7,0xc6,0xa7,0xc6,0xa7,0xc6,0xa7,0x21,0x2a,0x6a,0x02,0x3e,0x07,0x3e,0x07,
    0x3e,0x07,0x3e,0x07,0x3e,0x07,0xbb,0x06,0xc3,0x00,0x00,0x00,0x00,0x00,0x00,0x00,
    0x00,0x00,0x00,0x00,0x00,0x00,0x00,0x00,0xff,0x00,0x00,0x00,0x00,0x00,0x00,0x00,
    0x00,0xc3,0x00,0xbb,0x06,0x3e,0x07,0x3e,0x07,0x3e,0x07,0x3e,0x07,0x3e,0x07,0x6a,
    0x02,0x21,0x2a,0xc6,0xa7,0xc6,0xa7,0xc6,0xa7,0xc6,0xa7,0xc6,0xa7,0x23,0x5c,0x01,
    0x20,0x27,0xf8,0x27,0xf8,0x27,0xf8,0x27,0xf8,0x27,0xf8,0x25,0xb0,0x24,0x98,0x27,
    0xf8,0x27,0xf8,0x27,0xf8,0x27,0xf8,0x27,0xf8,0x03,0x60,0x01,0x2a,0xc6,0xa7,0xc6,
    0xa7,0xc6,0xa7,0xc6,0xa7,0xc6,0xa7,0x44,0x6d,0x20,0x00,0x7a,0x06,0x3e,0x07,0x3e,
    0x07,0x3e,0x07,0x3e,0x07,0x3e,0x07,0xf9,0x05,0xc3,0x00,0x00,0x00,0x00,0x00,0x00,
    0x00,0x00,0x00,0x00,0x00,0x00,0x00,0x00,0x00,0x00,0x00,0x00,0x00,0xc3,0x00,0xf9,
    0x05,0x3e,0x07,0x3e,0x07,0x3e,0x07,0x3e,0x07,0x3e,0x07,0x7a,0x06,0x20,0x00,0x44,
    0x6d,0xc6,0xa7,0xc6,0xa7,0xc6,0xa7,0xc6,0xa7,0xc6,0xa7,0x01,0x2a,0x03,0x60,0x27,
    0xf8,0x27,0xf8,0x27,0xf8,0x27,0xf8,0x27,0xf8,0x24,0x98,0x24,0x80,0x27,0xf8,0x27,
    0xf8,0x27,0xf8,0x27,0xf8,0x27,0xf8,0x25,0xb0,0x20,0x00,0x05,0x97,0xc6,0xa7,0xc6,
    0xa7,0xc6,0xa7,0xc6,0xa7,0xc6,0xa7,0x41,0x19,0xab,0x02,0x3e,0x07,0x3e,0x07,0x3e,
    0x07,0x3e,0x07,0x3e,0x07,0x3e,0x07,0xbb,0x06,0xcb,0x02,0x00,0x00,0x00,0x00,0x00,
    0x00,0x00,0x00,0x00,0x00,0x00,0x00,0x00,0x00,0xcb,0x02,0xbb,0x06,0x3e,0x07,0x3e,
    0x07,0x3e,0x07,0x3e,0x07,0x3e,0x07,0x3e,0x07,0xab,0x02,0x41,0x19,0xc6,0xa7,0xc6,
    0xa7,0xc6,0xa7,0xc6,0xa7,0xc6,0xa7,0xd3,0x05,0x97,0x20,0x00,0x25,0xb0,0x27,0xf8,
    0x27,0xf8,0x27,0xf8,0x27,0xf8,0x27,0xf8,0x24,0x80,0x00,0x00,0x26,0xd8,0x27,0xf8,
    0x27,0xf8,0x27,0xf8,0x27,0xf8,0x27,0xf8,0x00,0x10,0x43,0x5c,0xc6,0xa7,0xc6,0xa7,
    0xc6,0xa7,0xc6,0xa7,0xc6,0xa7,0xc4,0x7d,0x00,0x00,0x35,0x05,0x3e,0x07,0x3e,0x07,
    0x3e,0x07,0x3e,0x07,0x3e,0x07,0x3e,0x07,0x3e,0x07,0x7a,0x06,0x11,0x04,0xcb,0x02,
    0x49,0x02,0xcb,0x02,0x11,0x04,0x7a,0x06,0x3e,0x07,0x3e,0x07,0x3e,0x07,0x3e,0x07,
    0x3e,0x07,0x3e,0x07,0x3e,0x07,0x35,0x05,0x00,0x00,0xc4,0x7d,0xc6,0xa7,0xc6,0xa7,
    0xc6,0xa7,0xc6,0xa7,0xc6,0xa7,0x43,0x5c,0x00,0x10,0x27,0xf8,0x27,0xf8,0x27,0xf8,
    0x27,0xf8,0x27,0xf8,0x26,0xd8,0x00,0x00,0x00,0x00,0x25,0xa8,0x27,0xf8,0x27,0xf8,
    0x27,0xf8,0x27,0xf8,0x27,0xf8,0x03,0x78,0xc0,0x10,0xa6,0xa7,0xc6,0xa7,0xc6,0xa7,
    0xc6,0xa7,0xc6,0xa7,0xc6,0xa7,0x42,0x43,0x82,0x00,0x3a,0x06,0x3e,0x07,0x12,0x3e,
    0x07,0xff,0x3a,0x06,0x82,0x00,0x42,0x43,0xc6,0xa7,0xc6,0xa7,0xc6,0xa7,0xc6,0xa7,
    0xc6,0xa7,0xa6,0xa7,0xc0,0x10,0x03,0x78,0x27,0xf8,0x27,0xf8,0x27,0xf8,0x27,0xf8,
    0x27,0xf8,0x25,0xa8,0x00,0x00,0x00,0x00,0x24,0x88,0x27,0xf8,0x27,0xf8,0x27,0xf8,
    0x27,0xf8,0x27,0xf8,0x27,0xe8,0x00,0x08,0x83,0x5c,0xc6,0xa7,0xc6,0xa7,0xc6,0xa7,
    0xc6,0xa7,0xc6,0xa7,0xa6,0xa7,0x01,0x2a,0xc3,0x00,0x3a,0x06,0x3e,0x07,0x3e,0x07,
    0x3e,0x07,0x3e,0x07,0x3e,0x07,0x3e,0x07,0x3e,0x07,0x3e,0x07,0x3e,0x07,0x3e,0x07,
    0x3e,0x07,0x3e,0x07,0x3e,0x07,0x3e,0x07,0x3e,0x07,0x3e,0x07,0x3e,0x07,0x3a,0x06,
    0xc3,0x00,0x01,0x2a,0xa6,0xa7,0xc6,0xa7,0xc6,0xa7,0xc6,0xa7,0xc6,0xa7,0xc6,0xa7,
    0x83,0x5c,0x00,0x08,0x27,0xe8,0x27,0xf8,0x27,0xf8,0x27,0xf8,0x27,0xf8,0x27,0xf8,
    0x24,0x88,0x00,0x00,0x00,0x00,0x00,0x00,0x26,0xc8,0x27,0xf8,0x27,0xf8,0x27,0xf8,
    0x27,0xf8,0x27,0xf8,0x24,0x80,0x80,0x08,0x25,0x97,0xc6,0xa7,0xc6,0xa7,0xc6,0xa7,
    0xc6,0xa7,0xc6,0xa7,0x65,0x9f,0x01,0x2a,0x82,0x00,0x35,0x05,0x3e,0x07,0x3e,0x07,
    0x3e,0x07,0x3e,0x07,0x3e,0x07,0x3e,0x07,0x3e,0x07,0x3e,0x07,0x3e,0x07,0x3e,0x07,
    0x3e,0x07,0x3e,0x07,0x3e,0x07,0x3e,0x07,0x3e,0x07,0x35,0x05,0x82,0x00,0x01,0x2a,
    0x65,0x9f,0xc6,0xa7,0xc6,0xa7,0xc6,0xa7,0xc6,0xa7,0xc6,0xa7,0x25,0x97,0x80,0x08,
    0x24,0x80,0x27,0xf8,0x27,0xf8,0x27,0xf8,0x27,0xf8,0x27,0xf8,0x26,0xc8,0x00,0x00,
    0xff,0x00,0x00,0x00,0x00,0x00,0x00,0x24,0x90,0x27,0xf8,0x27,0xf8,0x27,0xf8,0x27,
    0xf8,0x27,0xf8,0x27,0xf8,0x01,0x28,0x61,0x32,0xc6,0xa7,0xc6,0xa7,0xc6,0xa7,0xc6,
    0xa7,0xc6,0xa7,0xc6,0xa7,0xa6,0xa7,0x42,0x43,0x00,0x00,0xab,0x02,0x7a,0x06,0x3e,
    0x07,0x3e,0x07,0x3e,0x07,0x3e,0x07,0x3e,0x07,0x3e,0x07,0x3e,0x07,0x3e,0x07,0x3e,
    0x07,0x3e,0x07,0x3e,0x07,0x7a,0x06,0xab,0x02,0x00,0x00,0x42,0x43,0xa6,0xa7,0xc6,
    0xa7,0xc6,0xa7,0xc6,0xa7,0xc6,0xa7,0xc6,0xa7,0xc6,0xa7,0x61,0x32,0x01,0x28,0x27,
    0xf8,0x27,0xf8,0x27,0xf8,0x27,0xf8,0x27,0xf8,0x27,0xf8,0x24,0x90,0x00,0x00,0x00,
    0x00,0x00,0x00,0x00,0x00,0x00,0x00,0x26,0xd0,0x27,0xf8,0x27,0xf8,0x27,0xf8,0x27,
    0xf8,0x27,0xf8,0x26,0xd0,0x00,0x08,0x43,0x5c,0xc6,0xa7,0xc6,0xa7,0xc6,0xa7,0xc6,
    0xa7,0xc6,0xa7,0xc6,0xa7,0xc6,0xa7,0xc4,0x7d,0x41,0x19,0x20,0x00,0x6a,0x02,0xf4,
    0x04,0xdc,0x06,0x3e,0x07,0x3e,0x07,0x3e,0x07,0x3e,0x07,0x3e,0x07,0xdc,0x06,0xf4,
    0x04,0x6a,0x02,0x20,0x00,0x41,0x19,0xc4,0x7d,0xc6,0xa7,0xc6,0xa7,0xc6,0xa7,0xc6,
    0xa7,0xc6,0xa7,0xc6,0xa7,0xc6,0xa7,0x43,0x5c,0x00,0x08,0x26,0xd0,0x27,0xf8,0x27,
    0xf8,0x27,0xf8,0x27,0xf8,0x27,0xf8,0x26,0xd0,0x00,0x00,0x00,0x00,0x00,0x00,0x00,
    0x00,0x00,0x00,0x00,0x00,0x24,0x88,0x27,0xf8,0x27,0xf8,0x27,0xf8,0x27,0xf8,0x27,
    0xf8,0x27,0xf8,0x24,0x98,0x00,0x00,0x24,0x6d,0xc6,0xa7,0xc6,0xa7,0xc6,0xa7,0xee,
    0xc6,0xa7,0xc6,0xa7,0xc6,0xa7,0xc6,0xa7,0xc6,0xa7,0x44,0x6d,0x21,0x2a,0x20,0x00,
    0x00,0x00,0xe3,0x00,0xa7,0x01,0xe7,0x01,0xa7,0x01,0xe3,0x00,0x00,0x00,0x20,0x00,
    0x21,0x2a,0x44,0x6d,0xc6,0xa7,0xc6,0xa7,0xc6,0xa7,0xc6,0xa7,0xc6,0xa7,0xc6,0xa7,
    0xc6,0xa7,0xc6,0xa7,0x24,0x6d,0x00,0x00,0x24,0x98,0x27,0xf8,0x27,0xf8,0x27,0xf8,
    0x27,0xf8,0x27,0xf8,0x27,0xf8,0x24,0x88,0x00,0x00,0x00,0x00,0x00,0x00,0x00,0x00,
    0x00,0x00,0x00,0x00,0x00,0x00,0x25,0xb0,0x27,0xf8,0x27,0xf8,0x27,0xf8,0x27,0xf8,
    0x27,0xf8,0x27,0xf8,0x23,0x80,0x20,0x00,0x24,0x6d,0xc6,0xa7,0xc6,0xa7,0xc6,0xa7,
    0xc6,0xa7,0xc6,0xa7,0xc6,0xa7,0xc6,0xa7,0xc6,0xa7,0xc6,0xa7,0x65,0x9f,0xa4,0x7d,
    0x63,0x5c,0x82,0x4b,0x62,0x4b,0x82,0x4b,0x63,0x5c,0xa4,0x7d,0x65,0x9f,0xc6,0xa7,
    0xc6,0xa7,0xc6,0xa7,0xc6,0xa7,0xc6,0xa7,0xc6,0xa7,0xc6,0xa7,0xc6,0xa7,0xc6,0xa7,
    0x24,0x6d,0x20,0x00,0x23,0x80,0x27,0xf8,0x27,0xf8,0x27,0xf8,0x27,0xf8,0x27,0xf8,
    0x27,0xf8,0x25,0xb0,0x00,0x00,0x00,0x00,0x00,0x00,0x00,0x00,0x00,0x00,0x00,0x00,
    0x00,0x00,0x00,0x00,0x24,0x80,0x26,0xd8,0x27,0xf8,0x27,0xf8,0x27,0xf8,0x27,0xf8,
    0x27,0xf8,0x27,0xf8,0x23,0x80,0x00,0x00,0x43,0x5c,0xc6,0xa7,0x18,0xc6,0xa7,0xa1,
    0x43,0x5c,0x00,0x00,0x23,0x80,0x27,0xf8,0x27,0xf8,0x27,0xf8,0x27,0xf8,0x27,0xf8,
    0x27,0xf8,0x26,0xd8,0x24,0x80,0x00,0x00,0x00,0x00,0x00,0x00,0x00,0x00,0x00,0x00,
    0x00,0x00,0x00,0x00,0x00,0x00,0x00,0x00,0x24,0x88,0x27,0xf0,0x27,0xf8,0x27,0xf8,
    0x27,0xf8,0x27,0xf8,0x27,0xf8,0x27,0xf8,0x24,0x98,0x00,0x08,0x61,0x32,0x25,0x97,
    0xc6,0xa7,0x14,0xc6,0xa7,0xff,0x25,0x97,0x61,0x32,0x00,0x08,0x24,0x98,0x27,0xf8,
    0x27,0xf8,0x27,0xf8,0x27,0xf8,0x27,0xf8,0x27,0xf8,0x27,0xf0,0x24,0x88,0x00,0x00,
    0x00,0x00,0x00,0x00,0x00,0x00,0x00,0x00,0x00,0x00,0x00,0x00,0x00,0x00,0x00,0x00,
    0x00,0x00,0x00,0x00,0x24,0x98,0x27,0xf8,0x27,0xf8,0x27,0xf8,0x27,0xf8,0x27,0xf8,
    0x27,0xf8,0x27,0xf8,0x26,0xd0,0x01,0x28,0x80,0x08,0x83,0x5c,0xa6,0xa7,0xc6,0xa7,
    0xc6,0xa7,0xc6,0xa7,0xc6,0xa7,0xc6,0xa7,0xc6,0xa7,0xc6,0xa7,0xc6,0xa7,0xc6,0xa7,
    0xc6,0xa7,0xc6,0xa7,0xc6,0xa7,0xc6,0xa7,0xc6,0xa7,0xc6,0xa7,0xc6,0xa7,0xc6,0xa7,
    0xa6,0xa7,0x83,0x5c,0x80,0x08,0x01,0x28,0x26,0xd0,0x27,0xf8,0x27,0xf8,0x27,0xf8,
    0x27,0xf8,0x27,0xf8,0x27,0xf8,0x27,0xf8,0x24,0x98,0x00,0x00,0x00,0x00,0x00,0x00,
    0x00,0x00,0x00,0x00,0x00,0x00,0x00,0x00,0x00,0x00,0x00,0x00,0x00,0x00,0x00,0x00,
    0x00,0x00,0x00,0x00,0x24,0xa0,0x27,0xf8,0x27,0xf8,0x27,0xf8,0x27,0xf8,0x27,0xf8,
    0x27,0xf8,0x27,0xf8,0x27,0xf8,0x24,0x80,0x00,0x08,0xc0,0x10,0x43,0x5c,0x05,0x97,
    0xc6,0xa7,0xc6,0xa7,0xc6,0xa7,0xc6,0xa7,0xc6,0xa7,0xc6,0xa7,0xc6,0xa7,0xc6,0xa7,
    0xc6,0xa7,0xc6,0xa7,0xc6,0xa7,0xc6,0xa7,0xc6,0xa7,0x05,0x97,0x43,0x5c,0xc0,0x10,
    0x00,0x08,0x24,0x80,0x27,0xf8,0x27,0xf8,0x27,0xf8,0x27,0xf8,0x27,0xf8,0x27,0xf8,
    0x27,0xf8,0x27,0xf8,0x24,0xa0,0x00,0x00,0x00,0x00,0x00,0x00,0x00,0x00,0x00,0x00,
    0x00,0x00,0x00,0x00,0xe6,0x00,0x00,0x00,0x00,0x00,0x00,0x00,0x00,0x00,0x00,0x00,
    0x00,0x00,0x00,0x00,0x00,0x24,0xa0,0x27,0xf8,0x27,0xf8,0x27,0xf8,0x27,0xf8,0x27,
    0xf8,0x27,0xf8,0x27,0xf8,0x27,0xf8,0x27,0xe8,0x03,0x78,0x00,0x10,0x20,0x00,0x01,
    0x2a,0x23,0x5c,0xe4,0x7d,0x25,0x9f,0xc6,0xa7,0xc6,0xa7,0xc6,0xa7,0xc6,0xa7,0xc6,
    0xa7,0x25,0x9f,0xe4,0x7d,0x23,0x5c,0x01,0x2a,0x20,0x00,0x00,0x10,0x03,0x78,0x27,
    0xe8,0x27,0xf8,0x27,0xf8,0x27,0xf8,0x27,0xf8,0x27,0xf8,0x27,0xf8,0x27,0xf8,0x27,
    0xf8,0x24,0xa0,0x00,0x00,0x00,0x00,0x00,0x00,0x00,0x00,0x00,0x00,0x00,0x00,0x00,
    0x00,0x00,0x00,0x00,0x00,0x00,0x00,0x00,0x00,0x00,0x00,0x00,0x00,0x00,0x00,0x00,
    0x00,0x00,0x00,0x00,0x00,0x24,0x98,0x27,0xf0,0x27,0xf8,0x27,0xf8,0x27,0xf8,0x27,
    0xf8,0x27,0xf8,0x27,0xf8,0x27,0xf8,0x27,0xf8,0x27,0xf8,0x25,0xb0,0x03,0x60,0x01,
    0x20,0x00,0x00,0x00,0x00,0x60,0x08,0xc0,0x10,0x00,0x11,0xc0,0x10,0x60,0x08,0x00,
    0x00,0x00,0x00,0x01,0x20,0x03,0x60,0x25,0xb0,0x27,0xf8,0x27,0xf8,0x27,0xf8,0x27,
    0xf8,0x27,0xf8,0x27,0xf8,0x27,0xf8,0x27,0xf8,0x27,0xf8,0x27,0xf0,0x24,0x98,0x00,
    0x00,0x12,0x00,0x00,0xa4,0x24,0x88,0x26,0xd8,0x27,0xf8,0x27,0xf8,0x27,0xf8,0x27,
    0xf8,0x27,0xf8,0x27,0xf8,0x27,0xf8,0x27,0xf8,0x27,0xf8,0x27,0xf8,0x27,0xf8,0x27,
    0xe8,0x25,0xc0,0x24,0xa0,0x24,0x90,0x24,0x90,0x24,0x90,0x24,0xa0,0x25,0xc0,0x27,
    0xe8,0x27,0xf8,0x27,0xf8,0x27,0xf8,0x27,0xf8,0x27,0xf8,0x27,0xf8,0x27,0xf8,0x27,
    0xf8,0x27,0xf8,0x27,0xf8,0x27,0xf8,0x26,0xd8,0x24,0x88,0x00,0x00,0x14,0x00,0x00,
    0x83,0x24,0x80,0x25,0xb0,0x27,0xf8,0x1c,0x27,0xf8,0x83,0x25,0xb0,0x24,0x80,0x00,
    0x00,0x17,0x00,0x00,0x83,0x24,0x88,0x26,0xd0,0x27,0xf8,0x18,0x27,0xf8,0x83,0x26,
    0xd0,0x24,0x88,0x00,0x00,0x1b,0x00,0x00,0x83,0x24,0x90,0x26,0xc8,0x27,0xf8,0x14,
    0x27,0xf8,0x83,0x26,0xc8,0x24,0x90,0x00,0x00,0x1f,0x00,0x00,0x96,0x24,0x88,0x25,
    0xa8,0x26,0xd8,0x27,0xf8,0x27,0xf8,0x27,0xf8,0x27,0xf8,0x27,0xf8,0x27,0xf8,0x27,
    0xf8,0x27,0xf8,0x27,0xf8,0x27,0xf8,0x27,0xf8,0x27,0xf8,0x27,0xf8,0x27,0xf8,0x27,
    0xf8,0x26,0xd8,0x25,0xa8,0x24,0x88,0x00,0x00,0x24,0x00,0x00,0x90,0x24,0x80,0x24,
    0x98,0x25,0xb0,0x25,0xc0,0x26,0xd8,0x27,0xf0,0x27,0xf8,0x27,0xf8,0x27,0xf8,0x27,
    0xf0,0x26,0xd8,0x25,0xc0,0x25,0xb0,0x24,0x98,0x24,0x80,0x00,0x00,0x1d,0x00,0x00,
    0x89,0x35,0x97,0xce,0xea,0xfa,0xfe,0xff,0xff,0xff,0xfe,0xfa,0xea,0xce,0x97,0x35,
    0x00,0x00,0x00,0x11,0x00,0x00,0xff,0x45,0xc1,0xf9,0xff,0xff,0xff,0xff,0xff,0xff,
    0xff,0xff,0xff,0xff,0xff,0xff,0xff,0xff,0xff,0xf9,0xc1,0x45,0x00,0x00,0x00,0x00,
    0x00,0x00,0x00,0x00,0x00,0x00,0x00,0x00,0x00,0x00,0x00,0x00,0x00,0x00,0x00,0x00,
    0x00,0x00,0x00,0x00,0x00,0x00,0x00,0x00,0x00,0x00,0x00,0x00,0x73,0xee,0xff,0xff,
    0xff,0xff,0xff,0xff,0xff,0xff,0xff,0xff,0xff,0xff,0xff,0xff,0xff,0xff,0xff,0xff,
    0xff,0xff,0xff,0xee,0x73,0x00,0x00,0x00,0x00,0x00,0x00,0x00,0x00,0x00,0x00,0x00,
    0x00,0x00,0x00,0x00,0x00,0x00,0x00,0x00,0x00,0x00,0x00,0x00,0x00,0x00,0x00,0x00,
    0x00,0x5d,0xf2,0xff,0xff,0xff,0xff,0xff,0xff,0xff,0xff,0xff,0xff,0xff,0xff,0xff,
    0xff,0xff,0xff,0xff,0xff,0xff,0xff,0xff,0xff,0xff,0xff,0xff,0xf2,0x5d,0x00,0x00,
    0x00,0x00,0x00,0x00,0x00,0x00,0x00,0x00,0x00,0x00,0x00,0x00,0x00,0x00,0x00,0x00,
    0x00,0x00,0x00,0x00,0x00,0x00,0x17,0xd3,0xff,0xff,0xff,0xff,0xff,0xff,0xff,0xff,
    0xff,0xff,0xff,0xff,0xff,0xff,0xff,0xff,0xff,0xff,0xff,0xff,0xff,0xff,0xff,0xff,
    0xff,0xff,0xff,0xff,0xff,0xd3,0x17,0x00,0x00,0x00,0x00,0x00,0x00,0x00,0x00,0x00,
    0x00,0x00,0x00,0x00,0x00,0x00,0x00,0x00,0x00,0x00,0x00,0x00,0x52,0xf9,0xff,0xff,
    0xff,0xff,0xff,0xff,0xff,0xff,0xff,0xff,0xff,0xff,0xff,0xff,0xff,0xff,0xff,0xff,
    0xff,0xff,0xff,0xff,0xff,0xff,0xff,0xff,0xff,0xff,0xff,0xff,0xff,0xf9,0x52,0x00,
    0x00,0x00,0x00,0x00,0x00,0xa3,0x00,0x00,0x00,0x00,0x00,0x00,0x00,0x00,0x00,0x00,
    0x00,0x00,0x00,0x8c,0xff,0xff,0xff,0xff,0xff,0xff,0xff,0xff,0xff,0xff,0xff,0xff,
    0xff,0xff,0xff,0xff,0xff,0xff,0xff,0xff,0xff,0xff,0xff,0xff,0xff,0xff,0xff,0xff,
    0xff,0xff,0xff,0xff,0xff,0xff,0xff,0x8c,0x00,0x00,0x00,0x00,0x00,0x00,0x00,0x00,
    0x00,0x00,0x00,0x00,0x00,0x00,0x00,0x00,0x00,0xa7,0xff,0xff,0x11,0xff,0xff,0x8a,
    0xff,0xa7,0x00,0x00,0x00,0x00,0x00,0x00,0x00,0x00,0x00,0x00,0x00,0x00,0x00,0x00,
    0x00,0xa7,0xff,0xff,0x12,0xff,0xff,0x89,0xff,0xa7,0x00,0x00,0x00,0x00,0x00,0x00,
    0x00,0x00,0x00,0x00,0x00,0x00,0x00,0x8c,0xff,0xff,0x13,0xff,0xff,0x88,0xff,0x8c,
    0x00,0x00,0x00,0x00,0x00,0x00,0x00,0x00,0x00,0x00,0x00,0x52,0xff,0xff,0x14,0xff,
    0xff,0x88,0xff,0x52,0x00,0x00,0x00,0x00,0x00,0x00,0x00,0x00,0x00,0x17,0xf9,0xff,
    0xff,0xff,0x14,0xff,0xff,0x87,0xf9,0x17,0x00,0x00,0x00,0x00,0x00,0x00,0x00,0x00,
    0xd3,0xff,0xff,0xff,0x15,0xff,0xff,0x86,0xd3,0x00,0x00,0x00,0x00,0x00,0x00,0x00,
    0x5d,0xff,0xff,0xff,0x16,0xff,0xff,0x85,0x5d,0x00,0x00,0x00,0x00,0x00,0x00,0xf2,
    0xff,0xff,0x16,0xff,0xff,0x85,0xff,0xf2,0x00,0x00,0x00,0x00,0x00,0x73,0xff,0xff,
    0x17,0xff,0xff,0x85,0xff,0x73,0x00,0x00,0x00,0x00,0xee,0xff,0xff,0xff,0x17,0xff,
    0xff,0x84,0xee,0x00,0x00,0x00,0x45,0xff,0xff,0xff,0x18,0xff,0xff,0x83,0x45,0x00,
    0x00,0xc1,0xff,0xff,0x18,0xff,0xff,0x84,0xff,0xc1,0x00,0x00,0xf9,0xff,0xff,0xff,
    0x18,0xff,0xff,0x83,0xf9,0x00,0x35,0xff,0xff,0xff,0x19,0xff,0xff,0x82,0x35,0x97,
    0xff,0xff,0x19,0xff,0xff,0x83,0xff,0x97,0xce,0xff,0xff,0xff,0x19,0xff,0xff,0x82,
    0xce,0xea,0xff,0xff,0x19,0xff,0xff,0x83,0xff,0xea,0xfa,0xff,0xff,0xff,0x19,0xff,
    0xff,0x82,0xfa,0xfe,0xff,0xff,0x19,0xff,0xff,0x82,0xff,0xfe,0xff,0xff,0x51,0xff,
    0xff,0x82,0xff,0xfe,0xff,0xff,0x19,0xff,0xff,0x83,0xff,0xfe,0xfa,0xff,0xff,0xff,
    0x19,0xff,0xff,0x82,0xfa,0xea,0xff,0xff,0x19,0xff,0xff,0x83,0xff,0xea,0xce,0xff,
    0xff,0xff,0x19,0xff,0xff,0x82,0xce,0x97,0xff,0xff,0x19,0xff,0xff,0x83,0xff,0x97,
    0x35,0xff,0xff,0xff,0x19,0xff,0xff,0x83,0x35,0x00,0xf9,0xff,0xff,0xff,0x18,0xff,
    0xff,0x83,0xf9,0x00,0x00,0xc1,0xff,0xff,0x18,0xff,0xff,0x84,0xff,0xc1,0x00,0x00,
    0x45,0xff,0xff,0xff,0x18,0xff,0xff,0x84,0x45,0x00,0x00,0x00,0xee,0xff,0xff,0xff,
    0x17,0xff,0xff,0x84,0xee,0x00,0x00,0x00,0x00,0x73,0xff,0xff,0x17,0xff,0xff,0x85,
    0xff,0x73,0x00,0x00,0x00,0x00,0x00,0xf2,0xff,0xff,0x16,0xff,0xff,0x86,0xff,0xf2,
    0x00,0x00,0x00,0x00,0x00,0x00,0x5d,0xff,0xff,0xff,0x16,0xff,0xff,0x86,0x5d,0x00,
    0x00,0x00,0x00,0x00,0x00,0x00,0xd3,0xff,0xff,0xff,0x15,0xff,0xff,0x87,0xd3,0x00,
    0x00,0x00,0x00,0x00,0x00,0x00,0x00,0x17,0xf9,0xff,0xff,0xff,0x14,0xff,0xff,0x87,
    0xf9,0x17,0x00,0x00,0x00,0x00,0x00,0x00,0x00,0x00,0x00,0x52,0xff,0xff,0x14,0xff,
    0xff,0x88,0xff,0x52,0x00,0x00,0x00,0x00,0x00,0x00,0x00,0x00,0x00,0x00,0x00,0x8c,
    0xff,0xff,0x13,0xff,0xff,0x89,0xff,0x8c,0x00,0x00,0x00,0x00,0x00,0x00,0x00,0x00,
    0x00,0x00,0x00,0x00,0x00,0xa7,0xff,0xff,0x12,0xff,0xff,0x8a,0xff,0xa7,0x00,0x00,
    0x00,0x00,0x00,0x00,0x00,0x00,0x00,0x00,0x00,0x00,0x00,0x00,0x00,0xa7,0xff,0xff,
    0x11,0xff,0xff,0xff,0xff,0xa7,0x00,0x00,0x00,0x00,0x00,0x00,0x00,0x00,0x00,0x00,
    0x00,0x00,0x00,0x00,0x00,0x00,0x00,0x8c,0xff,0xff,0xff,0xff,0xff,0xff,0xff,0xff,
    0xff,0xff,0xff,0xff,0xff,0xff,0xff,0xff,0xff,0xff,0xff,0xff,0xff,0xff,0xff,0xff,
    0xff,0xff,0xff,0xff,0xff,0xff,0xff,0xff,0xff,0xff,0xff,0x8c,0x00,0x00,0x00,0x00,
    0x00,0x00,0x00,0x00,0x00,0x00,0x00,0x00,0x00,0x00,0x00,0x00,0x00,0x00,0x00,0x52,
    0xf9,0xff,0xff,0xff,0xff,0xff,0xff,0xff,0xff,0xff,0xff,0xff,0xff,0xff,0xff,0xff,
    0xff,0xff,0xff,0xff,0xff,0xff,0xff,0xff,0xff,0xff,0xff,0xff,0xff,0xff,0xff,0xff,
    0xf9,0x52,0x00,0x00,0x00,0x00,0x00,0x00,0x00,0x00,0x00,0x00,0x00,0x00,0x00,0x00,
    0x00,0x00,0x00,0x00,0x00,0x00,0x00,0x17,0xd3,0xff,0xff,0xff,0xff,0xff,0xff,0xff,
    0xff,0xff,0xff,0xff,0xff,0xff,0xff,0xff,0xff,0xff,0xff,0xff,0xff,0xff,0xff,0xff,
    0xff,0xff,0xff,0xff,0xff,0xff,0xd3,0x17,0x00,0x00,0x00,0x00,0x00,0x00,0x00,0x00,
    0x00,0x00,0x00,0x00,0x00,0x00,0x00,0x00,0x00,0x00,0x00,0x00,0x00,0x00,0x00,0x00,
    0x5d,0xf2,0xff,0xff,0xff,0xff,0xff,0xff,0xff,0xff,0xff,0xff,0xff,0xff,0xff,0xff,
    0xff,0xff,0xff,0xff,0xff,0xff,0xff,0xff,0xff,0xff,0xff,0xf2,0x5d,0x00,0x00,0x00,
    0x00,0x00,0x00,0x00,0x00,0x00,0x00,0x00,0x00,0x00,0x00,0x00,0x00,0x00,0x00,0x00,
    0x00,0x00,0x00,0x00,0x00,0x00,0x00,0x00,0x00,0x73,0xee,0xff,0xff,0xff,0xff,0xff,
    0xff,0xff,0xa4,0xff,0xff,0xff,0xff,0xff,0xff,0xff,0xff,0xff,0xff,0xff,0xff,0xff,
    0xff,0xee,0x73,0x00,0x00,0x00,0x00,0x00,0x00,0x00,0x00,0x00,0x00,0x00,0x00,0x00,
    0x00,0x00,0x00,0x00,0x00,0x00,0x00,0x00,0x00,0x00,0x00,0x00,0x00,0x00,0x00,0x00,
    0x00,0x00,0x00,0x45,0xc1,0xf9,0xff,0xff,0xff,0xff,0xff,0xff,0xff,0xff,0xff,0xff,
    0xff,0xff,0xff,0xff,0xff,0xf9,0xc1,0x45,0x00,0x00,0x00,0x11,0x00,0x00,0x92,0x35,
    0x97,0xce,0xea,0xfa,0xfe,0xff,0xff,0xff,0xfe,0xfa,0xea,0xce,0x97,0x35,0x00,0x00,
    0x00,0x00,0x00,0x00,0x00,0x00,0x00,0x00,0x00,0x00,0x00,0x00,0x00,0x00,0x00,0x00,
    0x00,0x00,0x00,

};

const lv_image_dsc_t RING_RLE = {
  .header = {
    .magic = LV_IMAGE_HEADER_MAGIC,
    .cf = LV_COLOR_FORMAT_RGB565A8,
    .flags = 0 | LV_IMAGE_FLAGS_COMPRESSED,
    .w = 55,
    .h = 55,
    .stride = 110,
    .reserved_2 = 0,
  },
  .data_size = sizeof(RING_RLE_map),
  .data = RING_RLE_map,
  .reserved = NULL,
};

uint8_t RING_LZ4_map[] = {

    0x02,0x00,0x00,0x00,0xfa,0x06,0x00,0x00,0x73,0x23,0x00,0x00,0x1f,0x00,0x01,0x00,
    0x14,0xe1,0x24,0x80,0x24,0x98,0x25,0xb0,0x25,0xc0,0x26,0xd8,0x27,0xf0,0x27,0xf8,
    0x02,0x00,0xbf,0xf0,0x26,0xd8,0x25,0xc0,0x25,0xb0,0x24,0x98,0x24,0x80,0x45,0x00,
    0x14,0x0f,0x02,0x00,0x10,0x61,0x24,0x88,0x25,0xa8,0x26,0xd8,0x60,0x00,0x0f,0x02,
    0x00,0x06,0x6f,0x26,0xd8,0x25,0xa8,0x24,0x88,0x4d,0x00,0x10,0x0f,0x02,0x00,0x0a,
    0x4f,0x24,0x90,0x26,0xc8,0x68,0x00,0x0b,0x08,0x02,0x00,0x4f,0x26,0xc8,0x24,0x90,
    0x4f,0x00,0x0a,0x0f,0x02,0x00,0x08,0x48,0x24,0x88,0x26,0xd0,0x4c,0x00,0x0f,0x02,
    0x00,0x13,0x2f,0x26,0xd0,0xe4,0x00,0x1f,0x4f,0x24,0x80,0x25,0xb0,0x5e,0x00,0x13,
    0x0f,0x02,0x00,0x01,0x2f,0x25,0xb0,0xca,0x01,0x19,0x2f,0x24,0x88,0xa8,0x01,0x06,
    0x71,0xe8,0x25,0xc0,0x24,0xa0,0x24,0x90,0x02,0x00,0x5f,0xa0,0x25,0xc0,0x27,0xe8,
    0x6e,0x00,0x01,0x4f,0x27,0xf8,0x26,0xd8,0xe2,0x00,0x15,0x25,0x24,0x98,0x76,0x02,
    0x07,0x02,0x00,0x60,0x25,0xb0,0x03,0x60,0x01,0x20,0xc2,0x02,0xa0,0x60,0x08,0xc0,
    0x10,0xe0,0x10,0xc0,0x10,0x60,0x08,0xd0,0x02,0x4f,0x01,0x20,0x03,0x60,0x08,0x01,
    0x02,0x3f,0xf0,0x24,0x98,0xa7,0x01,0x08,0x03,0x02,0x00,0x2d,0x24,0xa0,0xae,0x00,
    0xf4,0x02,0xe8,0x03,0x78,0x00,0x10,0x20,0x00,0x01,0x2a,0x23,0x5c,0xe4,0x7d,0x25,
    0x9f,0xc6,0xa7,0x02,0x00,0xee,0x25,0x9f,0xe4,0x7d,0x23,0x5c,0x01,0x2a,0x20,0x00,
    0x00,0x10,0x03,0x78,0xe8,0x00,0x23,0x24,0xa0,0x55,0x00,0x0f,0x02,0x00,0x04,0x0e,
    0x6c,0x00,0xa4,0x24,0x80,0x00,0x08,0xc0,0x10,0x43,0x5c,0x05,0x97,0x64,0x00,0x0e,
    0x02,0x00,0xac,0x05,0x97,0x43,0x5c,0xc0,0x10,0x00,0x08,0x24,0x80,0xaa,0x00,0x0f,
    0x70,0x00,0x09,0x2a,0x24,0x98,0x2e,0x00,0x95,0x26,0xd0,0x01,0x28,0x80,0x08,0x83,
    0x5c,0xa6,0xce,0x00,0x0f,0x02,0x00,0x07,0x8c,0xa6,0xa7,0x83,0x5c,0x80,0x08,0x01,
    0x28,0xc8,0x02,0x0f,0x50,0x01,0x05,0x2a,0x24,0x88,0xb0,0x01,0x7f,0x24,0x98,0x00,
    0x08,0x61,0x32,0x25,0xd4,0x00,0x08,0x0c,0x02,0x00,0x6b,0x25,0x97,0x61,0x32,0x00,
    0x08,0xb4,0x00,0x1f,0xf0,0x30,0x02,0x01,0x2a,0x24,0x80,0x88,0x02,0x6c,0x23,0x80,
    0x00,0x00,0x43,0x5c,0x50,0x00,0x0f,0x02,0x00,0x0f,0x59,0x43,0x5c,0x00,0x00,0x23,
    0x52,0x01,0x2e,0x26,0xd8,0x10,0x03,0x0a,0x58,0x02,0x6e,0x23,0x80,0x20,0x00,0x24,
    0x6d,0x5c,0x00,0xf7,0x02,0x65,0x9f,0xa4,0x7d,0x63,0x5c,0x82,0x4b,0x62,0x4b,0x82,
    0x4b,0x63,0x5c,0xa4,0x7d,0x65,0x34,0x02,0x04,0x02,0x00,0x3b,0x24,0x6d,0x20,0x70,
    0x00,0x2a,0x25,0xb0,0x27,0x02,0x28,0x24,0x88,0xb2,0x01,0x3f,0x24,0x98,0x00,0x6c,
    0x00,0x00,0xfd,0x0a,0x44,0x6d,0x21,0x2a,0x20,0x00,0x00,0x00,0xe3,0x00,0xa7,0x01,
    0xc7,0x01,0xa7,0x01,0xe3,0x00,0x00,0x00,0x20,0x00,0x21,0x2a,0x44,0x96,0x00,0x2c,
    0x24,0x6d,0x04,0x02,0x0a,0x4e,0x01,0x08,0xdc,0x01,0x4c,0x26,0xd0,0x00,0x08,0x44,
    0x01,0xe4,0xc4,0x7d,0x41,0x19,0x20,0x00,0x6a,0x02,0xf4,0x04,0xdc,0x06,0x3e,0x07,
    0x02,0x00,0xc4,0xdc,0x06,0xf4,0x04,0x6a,0x02,0x20,0x00,0x41,0x19,0xc4,0x7d,0xda,
    0x00,0x02,0x02,0x00,0x4b,0x43,0x5c,0x00,0x08,0x54,0x00,0x05,0xdf,0x00,0x28,0x24,
    0x90,0xda,0x00,0x42,0x01,0x28,0x61,0x32,0x34,0x00,0x02,0x02,0x00,0x97,0xa6,0xa7,
    0x42,0x43,0x00,0x00,0xab,0x02,0x7a,0x68,0x00,0x08,0x02,0x00,0x8a,0x7a,0x06,0xab,
    0x02,0x00,0x00,0x42,0x43,0xba,0x02,0x48,0x61,0x32,0x01,0x28,0x56,0x00,0x06,0xb0,
    0x05,0x08,0xe8,0x05,0x48,0x24,0x80,0x80,0x08,0x88,0x02,0x88,0x65,0x9f,0x01,0x2a,
    0x82,0x00,0x35,0x05,0x60,0x00,0x0e,0x02,0x00,0x68,0x35,0x05,0x82,0x00,0x01,0x2a,
    0xc6,0x01,0x39,0x25,0x97,0x80,0x80,0x03,0x22,0x26,0xc8,0xdd,0x00,0x09,0xb4,0x01,
    0x47,0xe8,0x00,0x08,0x83,0x8a,0x02,0x7f,0xa6,0xa7,0x01,0x2a,0xc3,0x00,0x3a,0xd6,
    0x00,0x04,0x08,0x02,0x00,0x68,0x3a,0x06,0xc3,0x00,0x01,0x2a,0xe0,0x00,0x48,0x83,
    0x5c,0x00,0x08,0x60,0x04,0x02,0xbc,0x01,0x26,0x25,0xa8,0xf2,0x00,0x48,0x03,0x78,
    0xc0,0x10,0x32,0x00,0x3f,0x42,0x43,0x82,0x6c,0x00,0x12,0xa2,0x3e,0x07,0x3e,0x07,
    0x3a,0x06,0x82,0x00,0x42,0x43,0x7e,0x01,0xa6,0xc6,0xa7,0xc6,0xa7,0xa6,0xa7,0xc0,
    0x10,0x03,0x78,0x5c,0x00,0x20,0x25,0xa8,0x28,0x08,0x08,0x68,0x03,0x28,0x00,0x10,
    0x20,0x02,0x3d,0xc4,0x7d,0x00,0x44,0x01,0xcc,0x7a,0x06,0x11,0x04,0xcb,0x02,0x49,
    0x02,0xcb,0x02,0x11,0x04,0xca,0x01,0x48,0x35,0x05,0x00,0x00,0x30,0x02,0x46,0x43,
    0x5c,0x00,0x10,0x6e,0x00,0x48,0x26,0xd8,0x00,0x00,0xdc,0x04,0x48,0x25,0xb0,0x20,
    0x00,0x10,0x05,0x42,0x41,0x19,0xab,0x02,0xb8,0x00,0x02,0x02,0x00,0x42,0xbb,0x06,
    0xcb,0x02,0x7e,0x01,0x04,0x02,0x00,0x39,0xcb,0x02,0xbb,0x66,0x01,0x42,0xab,0x02,
    0x41,0x19,0xda,0x00,0x79,0xc6,0xa7,0xc6,0xa7,0x05,0x97,0x20,0xc8,0x03,0x28,0x24,
    0x80,0x68,0x04,0x42,0x03,0x60,0x01,0x2a,0x28,0x00,0x88,0xc6,0xa7,0xc6,0xa7,0x44,
    0x6d,0x20,0x00,0xbe,0x00,0x34,0xf9,0x05,0xc3,0x65,0x00,0x07,0x02,0x00,0x37,0xc3,
    0x00,0xf9,0x42,0x02,0x48,0x7a,0x06,0x20,0x00,0x80,0x03,0x46,0x01,0x2a,0x03,0x60,
    0xde,0x00,0x28,0x24,0x98,0x7c,0x00,0x37,0x01,0x20,0x23,0x22,0x02,0x37,0x21,0x2a,
    0x6a,0xda,0x00,0x2f,0xbb,0x06,0x6c,0x00,0x01,0x00,0xb2,0x09,0x28,0xc3,0x00,0xe0,
    0x00,0x37,0x6a,0x02,0x21,0xb2,0x00,0x46,0x23,0x5c,0x01,0x20,0x6e,0x00,0x45,0x25,
    0xb0,0x25,0xc0,0x0e,0x00,0x45,0xe8,0x00,0x00,0xe4,0xa6,0x03,0x62,0x65,0x9f,0x20,
    0x00,0xf4,0x04,0x42,0x01,0x4c,0x3e,0x07,0x3e,0x07,0x44,0x01,0x08,0x02,0x00,0x17,
    0xcb,0x96,0x00,0x46,0xf4,0x04,0x20,0x00,0x0a,0x03,0x46,0xe4,0x7d,0x00,0x00,0x98,
    0x02,0x01,0x20,0x0a,0x03,0xa2,0x07,0x46,0x25,0xc0,0x00,0x00,0x2c,0x07,0x46,0xa4,
    0x7d,0x00,0x00,0x38,0x04,0x28,0x7a,0x06,0x5e,0x00,0x0e,0x02,0x00,0x06,0x72,0x01,
    0x55,0xdc,0x06,0x00,0x00,0xa4,0xb4,0x00,0x46,0x25,0x9f,0x00,0x00,0xd0,0x00,0x07,
    0x8c,0x0a,0x52,0xf8,0x24,0xa0,0x60,0x08,0xb2,0x01,0x82,0xc6,0xa7,0xc6,0xa7,0x63,
    0x5c,0xe3,0x00,0xd6,0x00,0x6e,0x3e,0x07,0x3e,0x07,0x11,0x04,0x62,0x00,0x08,0x02,
    0x00,0x17,0x11,0x06,0x01,0x37,0xe3,0x00,0x63,0x90,0x01,0x27,0x60,0x08,0xa2,0x07,
    0x04,0xf8,0x0a,0x72,0xf8,0x27,0xf8,0x24,0x90,0xc0,0x10,0x6a,0x00,0x82,0xc6,0xa7,
    0xc6,0xa7,0x82,0x4b,0xa7,0x01,0x6a,0x00,0x0f,0x48,0x01,0x0d,0x00,0x6e,0x0b,0x08,
    0x4c,0x01,0x42,0xa7,0x01,0x82,0x4b,0x44,0x00,0x6a,0xc6,0xa7,0xc6,0xa7,0xc0,0x10,
    0x18,0x05,0x04,0x02,0x00,0x42,0x24,0x90,0x00,0x11,0x22,0x00,0x77,0xc6,0xa7,0xc6,
    0xa7,0x62,0x4b,0xe7,0x6e,0x00,0x1b,0x49,0xfa,0x02,0x0c,0x02,0x00,0x17,0x49,0xba,
    0x01,0x37,0xc7,0x01,0x62,0x6e,0x00,0x1f,0xe0,0x6e,0x00,0x06,0x0f,0xdc,0x00,0x50,
    0x05,0x4c,0x01,0x0f,0xb8,0x01,0x51,0x0f,0x94,0x02,0x5b,0x06,0xa0,0x02,0x0f,0x70,
    0x03,0x51,0x0f,0x4c,0x04,0x5b,0x0f,0x28,0x05,0x5b,0x0f,0x04,0x06,0x5b,0x0f,0xe0,
    0x06,0x5b,0x0f,0xbc,0x07,0x5d,0x0f,0x98,0x08,0x5b,0x0f,0x74,0x09,0x5b,0x0f,0x50,
    0x0a,0x5d,0x0f,0x2c,0x0b,0x5b,0x0b,0xbc,0x01,0x0f,0x08,0x0c,0x10,0x1f,0xe7,0x08,
    0x0c,0x2a,0x0f,0xe4,0x0c,0x5b,0x0f,0xc0,0x0d,0x5d,0x01,0x4e,0x01,0x05,0x7e,0x06,
    0x03,0x50,0x01,0x0f,0x9c,0x0e,0x46,0x01,0x70,0x00,0x0f,0x78,0x0f,0x58,0x01,0x70,
    0x00,0x0d,0xc0,0x10,0x0f,0x54,0x10,0x47,0x0f,0x70,0x00,0x03,0x0f,0x30,0x11,0x47,
    0x01,0x70,0x00,0x0f,0x0c,0x12,0x10,0x2f,0x00,0x11,0x0c,0x12,0x33,0x01,0x70,0x00,
    0x16,0x88,0x40,0x08,0x0b,0x02,0x00,0x0f,0xe8,0x12,0x3e,0x01,0x70,0x00,0x0f,0xc4,
    0x13,0x58,0x02,0x02,0x00,0x0f,0xa0,0x14,0x57,0x04,0x02,0x00,0x0f,0x7c,0x15,0x57,
    0x04,0x02,0x00,0x0f,0x58,0x16,0x57,0x06,0x02,0x00,0x0f,0x34,0x17,0x47,0xf6,0x00,
    0x35,0x97,0xce,0xea,0xfa,0xfe,0xff,0xff,0xff,0xfe,0xfa,0xea,0xce,0x97,0x35,0x73,
    0x00,0x0f,0x02,0x00,0x08,0x4a,0x45,0xc1,0xf9,0xff,0x01,0x00,0x3f,0xf9,0xc1,0x45,
    0x30,0x00,0x08,0x01,0x02,0x00,0x2a,0x73,0xee,0x33,0x00,0x03,0x02,0x00,0x21,0xee,
    0x73,0x1e,0x00,0x0f,0x02,0x00,0x04,0x23,0x5d,0xf2,0x27,0x00,0x0e,0x02,0x00,0x2f,
    0xf2,0x5d,0x34,0x00,0x04,0x3e,0x00,0x17,0xd3,0x2e,0x00,0x07,0x02,0x00,0x2f,0xd3,
    0x17,0x39,0x00,0x02,0x1c,0x52,0xd4,0x00,0x0c,0x02,0x00,0x2f,0xf9,0x52,0x38,0x00,
    0x00,0x1c,0x8c,0x26,0x00,0x0f,0x02,0x00,0x00,0x1d,0x8c,0x38,0x00,0x1f,0xa7,0x26,
    0x00,0x00,0x0e,0x02,0x00,0x1b,0xa7,0x38,0x00,0x0f,0x36,0x00,0x13,0x0c,0x38,0x00,
    0x0f,0xa2,0x00,0x11,0x02,0x02,0x00,0x08,0xa8,0x00,0x12,0x52,0x13,0x00,0x0f,0x02,
    0x00,0x12,0x06,0x18,0x01,0x1f,0x17,0x44,0x01,0x0d,0x08,0x02,0x00,0x15,0xf9,0x88,
    0x01,0x0f,0xb0,0x01,0x0b,0x0c,0x02,0x00,0x13,0xd3,0x17,0x01,0x1c,0x5d,0x19,0x00,
    0x0f,0x02,0x00,0x0c,0x03,0x30,0x02,0x0f,0x52,0x02,0x07,0x0f,0x02,0x00,0x03,0x11,
    0xf2,0x6f,0x00,0x1f,0x73,0x1d,0x00,0x03,0x0f,0x02,0x00,0x08,0x01,0xd8,0x02,0x0f,
    0xf4,0x02,0x03,0x0f,0x02,0x00,0x09,0x5f,0xee,0x00,0x00,0x00,0x45,0x21,0x00,0x09,
    0x0f,0x02,0x00,0x04,0x4f,0x45,0x00,0x00,0xc1,0x1b,0x00,0x04,0x0f,0x02,0x00,0x09,
    0x3f,0xc1,0x00,0x00,0xb4,0x01,0x19,0x04,0x02,0x00,0x34,0xf9,0x00,0x35,0x0b,0x00,
    0x0f,0x02,0x00,0x1a,0x2f,0x35,0x97,0x2f,0x00,0x1a,0x04,0x02,0x00,0x24,0x97,0xce,
    0x0a,0x00,0x0f,0x02,0x00,0x1a,0x2f,0xce,0xea,0x2f,0x00,0x1a,0x04,0x02,0x00,0x24,
    0xea,0xfa,0x0a,0x00,0x0f,0x02,0x00,0x1a,0x01,0x46,0x05,0x0f,0x02,0x00,0x1f,0x1f,
    0xfe,0x33,0x00,0x1f,0x0f,0x02,0x00,0x60,0x0f,0xa6,0x00,0x23,0x1f,0xfe,0x4a,0x01,
    0x24,0x0f,0xb8,0x01,0x24,0x0f,0x26,0x02,0x24,0x0f,0x94,0x02,0x24,0x0f,0x02,0x03,
    0x24,0x0f,0x70,0x03,0x24,0x0f,0xde,0x03,0x25,0x0f,0x4c,0x04,0x24,0x0f,0xba,0x04,
    0x24,0x0f,0x28,0x05,0x25,0x0f,0x96,0x05,0x24,0x0f,0x04,0x06,0x25,0x0f,0x72,0x06,
    0x24,0x0f,0xe0,0x06,0x25,0x0f,0x4e,0x07,0x24,0x0f,0xbc,0x07,0x25,0x0f,0x2a,0x08,
    0x25,0x0f,0x38,0x00,0x15,0x0c,0x98,0x08,0x0f,0xa8,0x00,0x13,0x08,0x5e,0x08,0x04,
    0x02,0x00,0x0f,0x74,0x09,0x23,0x0f,0xe2,0x09,0x25,0x0f,0x50,0x0a,0x25,0x00,0xd9,
    0x22,0x0f,0xbe,0x0a,0x22,0x0f,0x2c,0x0b,0x26,0x01,0x02,0x00,0x0f,0x9a,0x0b,0x0b,
    0x50,0x00,0x00,0x00,0x00,0x00,

};

const lv_image_dsc_t RING_LZ4 = {
  .header = {
    .magic = LV_IMAGE_HEADER_MAGIC,
    .cf = LV_COLOR_FORMAT_RGB565A8,
    .flags = 0 | LV_IMAGE_FLAGS_COMPRESSED,
    .w = 55,
    .h = 55,
    .stride = 110,
    .reserved_2 = 0,
  },
  .data_size = sizeof(RING_LZ4_map),
  .data = RING_LZ4_map,
  .reserved = NULL,
};


/**
 * Basic example to create a "Hello world" label
 */
void lv_example_get_localpic(void)
{
#if 1
    lv_obj_t * bg = lv_image_create(lv_screen_active());
    lv_image_set_src(bg, &HRS_I8);
    lv_obj_set_pos(bg, 0, 0);

    lv_obj_t * img0 = lv_image_create(lv_screen_active());
    lv_image_set_src(img0, &HRS_I8_RLE);
    lv_obj_set_pos(img0, 80, 0);

    lv_obj_t * img1 = lv_image_create(lv_screen_active());
    lv_image_set_src(img1, &HRS_I8_LZ4);
    lv_obj_set_pos(img1, 160, 0);

    lv_obj_t * img2 = lv_image_create(lv_screen_active());
    lv_image_set_src(img2, &HRS);
    lv_obj_set_pos(img2, 0, 80);

    lv_obj_t * img3 = lv_image_create(lv_screen_active());
    lv_image_set_src(img3, &HRS_RLE);
    lv_obj_set_pos(img3, 80, 80);

    lv_obj_t * img4 = lv_image_create(lv_screen_active());
    lv_image_set_src(img4, &HRS_LZ4);
    lv_obj_set_pos(img4, 160, 80);
#else
    lv_obj_t * bg = lv_image_create(lv_screen_active());
    lv_image_set_src(bg, &RING_I8);
    lv_obj_set_pos(bg, 0, 0);

    lv_obj_t * img0 = lv_image_create(lv_screen_active());
    lv_image_set_src(img0, &RING_I8_RLE);
    lv_obj_set_pos(img0, 10, 0);

    lv_obj_t * img1 = lv_image_create(lv_screen_active());
    lv_image_set_src(img1, &RING_I8_LZ4);
    lv_obj_set_pos(img1, 160, 0);

    lv_obj_t * img2 = lv_image_create(lv_screen_active());
    lv_image_set_src(img2, &RING);
    lv_obj_set_pos(img2, 0, 80);

    lv_obj_t * img3 = lv_image_create(lv_screen_active());
    lv_image_set_src(img3, &RING_RLE);
    lv_obj_set_pos(img3, 10, 80);

    lv_obj_t * img4 = lv_image_create(lv_screen_active());
    lv_image_set_src(img4, &RING_LZ4);
    lv_obj_set_pos(img4, 160, 80);
#endif
}

#endif
