#include "C_array.h"

static const LV_ATTRIBUTE_MEM_ALIGN LV_ATTRIBUTE_LARGE_CONST uint8_t BP_data[] = {

    0x02,0x00,0x00,0x00,0x4a,0x03,0x00,0x00,0x53,0x07,0x00,0x00,0x2f,0x63,0xfa,0x02,
    0x00,0x31,0x5f,0x22,0xfa,0xe1,0xf9,0x02,0x4a,0x00,0x14,0xff,0x0a,0x64,0xfa,0x22,
    0xfa,0xa0,0xf9,0x84,0xfa,0x47,0xfb,0x84,0xfa,0xa0,0xf9,0x22,0xfa,0x84,0xfa,0x01,
    0xfa,0xc0,0xf9,0xe0,0xf9,0x43,0x40,0x00,0x06,0xff,0x0b,0x22,0xfa,0xc0,0xf9,0xf0,
    0xfc,0x7d,0xff,0xff,0xff,0x9d,0xff,0x31,0xfd,0xe1,0xf9,0x02,0xfa,0x06,0xfb,0x68,
    0xfb,0x48,0xfb,0xa4,0xfa,0x34,0x00,0x05,0xff,0x0d,0xa0,0xf9,0x32,0xfd,0xff,0xff,
    0xff,0xff,0x5c,0xff,0xff,0xff,0xff,0xff,0xb4,0xfd,0x00,0xf9,0x78,0xfe,0xff,0xff,
    0xff,0xff,0xca,0xfb,0xc0,0xf9,0xf0,0x00,0x01,0xff,0x0e,0xe1,0xf9,0x07,0xfb,0xff,
    0xff,0xff,0xff,0x2b,0xfc,0x00,0xfa,0xc9,0xfb,0xbe,0xff,0xff,0xff,0x06,0xfb,0xae,
    0xfc,0xd9,0xfe,0x78,0xfe,0x47,0xfb,0x01,0x98,0x00,0x02,0xff,0x0c,0x80,0xf9,0x2c,
    0xfc,0xff,0xff,0x36,0xfe,0xe5,0xfa,0x4c,0xfc,0xe5,0xfa,0xd4,0xfd,0xff,0xff,0x8e,
    0xfc,0x43,0xfa,0xca,0xfb,0x89,0xfb,0xa5,0x96,0x00,0x04,0x11,0xa0,0x32,0x00,0xf1,
    0x00,0x72,0xfd,0xef,0xfc,0xff,0xff,0x51,0xfd,0x10,0xfd,0xff,0xff,0xeb,0xfb,0x93,
    0xa6,0x00,0x0f,0x96,0x00,0x05,0x02,0x32,0x00,0xff,0x07,0x93,0xfd,0xcf,0xfc,0xff,
    0xff,0x31,0xfd,0x52,0xfd,0xff,0xff,0x2c,0xfc,0x68,0xfb,0x73,0xfd,0x52,0xfd,0x07,
    0xfb,0x6e,0x01,0x03,0x0a,0x32,0x00,0x11,0x51,0x32,0x00,0x9f,0x84,0xfa,0x2c,0xfc,
    0xeb,0xfb,0xc5,0xfa,0x42,0xc8,0x00,0x02,0x35,0xa0,0xf9,0x0c,0x64,0x00,0x91,0x51,
    0xfd,0xf0,0xfc,0xff,0xff,0xa9,0xfb,0xf5,0x96,0x00,0x3f,0xeb,0xfb,0xa0,0x2c,0x01,
    0x00,0x91,0x64,0xfa,0x60,0xf9,0xca,0xfb,0xff,0xff,0xb3,0xc8,0x00,0x11,0x10,0xc8,
    0x00,0x7f,0xaa,0xfb,0x68,0xfb,0xd4,0xfd,0x73,0x96,0x00,0x04,0xff,0x0d,0x22,0xfa,
    0xe1,0xf9,0x57,0xfe,0xff,0xff,0xb3,0xfd,0xae,0xfc,0xff,0xff,0xae,0xfc,0x10,0xfd,
    0xff,0xff,0x57,0xfe,0xc0,0xf9,0x80,0xf9,0xc0,0xf9,0x94,0x00,0x03,0xff,0x0a,0x80,
    0xf9,0xf0,0xfc,0xff,0xff,0x9d,0xff,0xc4,0xfa,0x8d,0xfc,0xff,0xff,0xf0,0xfc,0xa3,
    0xfa,0xd9,0xfe,0xff,0xff,0x31,0xfd,0xa0,0x24,0x02,0x04,0xff,0x0d,0x22,0xfa,0x43,
    0xfa,0x9e,0xff,0xff,0xff,0xea,0xfb,0xc4,0xfa,0xfa,0xfe,0xde,0xff,0x3b,0xff,0x47,
    0xfb,0x47,0xfb,0xde,0xff,0x9d,0xff,0xc5,0xfa,0xbe,0x01,0x03,0xc2,0xc0,0xf9,0x69,
    0xfb,0xff,0xff,0x1b,0xff,0x62,0xfa,0x56,0xfe,0x26,0x02,0x9f,0xb8,0xfe,0x82,0xfa,
    0x15,0xfe,0xff,0xff,0xca,0xf6,0x00,0x02,0x31,0x63,0xfa,0xc0,0xf6,0x00,0x51,0x36,
    0xfe,0x83,0xfa,0x1a,0x58,0x02,0xcf,0xdf,0xff,0x5c,0xff,0xe4,0xfa,0x72,0xfd,0xff,
    0xff,0x0b,0xfc,0x28,0x01,0x01,0xd1,0x63,0xfa,0xe1,0xf9,0x27,0xfb,0xff,0xff,0xfa,
    0xfe,0xa3,0xfa,0x30,0x50,0x01,0xbf,0xff,0xff,0x93,0xfd,0x62,0xfa,0xb8,0xfe,0xff,
    0xff,0x89,0xf0,0x01,0x04,0xff,0x0e,0x43,0xfa,0x01,0xfa,0x78,0xfe,0xff,0xff,0xef,
    0xfc,0x21,0xfa,0xef,0xfc,0x57,0xfe,0x30,0xfd,0x41,0xfa,0x6d,0xfc,0xff,0xff,0xfa,
    0xfe,0x42,0xfa,0x22,0xbe,0x01,0x02,0xff,0x05,0x63,0xfa,0xc0,0xf9,0x89,0xfb,0xff,
    0xff,0xff,0xff,0x10,0xfd,0xc4,0xfa,0x83,0xfa,0xc4,0xfa,0xce,0xfc,0xbc,0x01,0x07,
    0x04,0x02,0x00,0x31,0xa0,0xf9,0x4d,0x26,0x00,0x51,0x9d,0xff,0xb9,0xfe,0x7c,0x22,
    0x03,0x2f,0xaf,0xfc,0x5c,0x01,0x05,0x02,0x02,0x00,0xff,0x05,0x43,0xfa,0xa0,0xf9,
    0x48,0xfb,0x15,0xfe,0x7d,0xff,0xdf,0xff,0x9d,0xff,0x36,0xfe,0xa9,0xfb,0xa0,0xf9,
    0x92,0x00,0x05,0x06,0x02,0x00,0xdf,0xc0,0xf9,0xc0,0xf9,0xc5,0xfa,0x47,0xfb,0xc5,
    0xfa,0xe1,0xf9,0xc0,0xbc,0x01,0x04,0x0c,0x02,0x00,0x7f,0x43,0xfa,0x02,0xfa,0xe1,
    0xf9,0x01,0x44,0x03,0x04,0x0f,0x02,0x00,0x21,0x12,0x00,0x01,0x00,0xb2,0x0b,0x5d,
    0x9e,0xd2,0xee,0xf2,0xee,0xd2,0x9e,0x5d,0x0b,0x11,0x00,0x02,0x02,0x00,0x31,0x04,
    0x77,0xe4,0x02,0x01,0x72,0xff,0xff,0xff,0xff,0xe4,0x77,0x04,0x15,0x00,0x52,0x00,
    0x00,0x00,0x2d,0xd0,0x14,0x00,0x03,0x02,0x00,0x21,0xd0,0x2d,0x16,0x00,0x43,0x00,
    0x00,0x3d,0xf7,0x12,0x00,0x04,0x02,0x00,0x21,0xf7,0x3d,0x1a,0x00,0x24,0x26,0xf8,
    0x11,0x00,0x05,0x02,0x00,0x75,0xf8,0x26,0x00,0x00,0x00,0x03,0xd9,0x10,0x00,0x06,
    0x02,0x00,0x56,0xd9,0x03,0x00,0x00,0x78,0x0f,0x00,0x07,0x02,0x00,0x47,0x78,0x00,
    0x0a,0xf1,0x0f,0x00,0x06,0x02,0x00,0x36,0xf1,0x0a,0x5b,0x0d,0x00,0x09,0x02,0x00,
    0x29,0x5b,0xa6,0x0f,0x00,0x06,0x02,0x00,0x26,0xa6,0xd3,0x0c,0x00,0x09,0x02,0x00,
    0x29,0xd3,0xee,0x0f,0x00,0x06,0x02,0x00,0x26,0xee,0xf6,0x0c,0x00,0x09,0x02,0x00,
    0x1f,0xf6,0x32,0x00,0x06,0x0f,0x64,0x00,0x06,0x0f,0x96,0x00,0x06,0x0f,0xc8,0x00,
    0x06,0x0f,0xfa,0x00,0x06,0x0f,0x2c,0x01,0x06,0x0f,0x5e,0x01,0x07,0x0f,0x90,0x01,
    0x06,0x0f,0xc2,0x01,0x07,0x0f,0xf4,0x01,0x07,0x0f,0x26,0x02,0x07,0x0c,0x58,0x02,
    0x50,0x00,0x00,0x00,0x00,0x00,

};

static const LV_ATTRIBUTE_MEM_ALIGN LV_ATTRIBUTE_LARGE_CONST uint8_t bpm_F_data[] = {

    0x02,0x00,0x00,0x00,0x69,0x02,0x00,0x00,0x3d,0x08,0x00,0x00,0x5f,0x00,0x00,0x28,
    0xfa,0x00,0x01,0x00,0x32,0x4f,0x28,0xfa,0x28,0xfa,0x4c,0x00,0x33,0x0f,0x4a,0x00,
    0x87,0x04,0x02,0x00,0x04,0x31,0x01,0x02,0xf2,0x00,0x0f,0x16,0x00,0x0f,0x08,0x22,
    0x00,0x04,0x0c,0x00,0x06,0x02,0x00,0x0f,0x16,0x00,0x01,0x02,0x62,0x00,0x06,0x24,
    0x00,0x0e,0x02,0x00,0x06,0x1e,0x00,0x08,0x0a,0x00,0x08,0x0c,0x00,0x04,0x34,0x00,
    0x0f,0x16,0x00,0x03,0x08,0x38,0x00,0x02,0x02,0x00,0x02,0x74,0x00,0x02,0x38,0x00,
    0x04,0x08,0x00,0x02,0x0a,0x00,0x04,0x0e,0x00,0x04,0x08,0x00,0x02,0x0a,0x00,0x02,
    0x2a,0x00,0x0a,0x0c,0x00,0x02,0x02,0x00,0x02,0x32,0x00,0x06,0x20,0x00,0x0f,0x16,
    0x00,0x07,0x0c,0x2a,0x00,0x06,0x36,0x00,0x02,0x02,0x00,0x02,0x12,0x00,0x06,0x42,
    0x00,0x0f,0x16,0x00,0x07,0x0c,0x2a,0x00,0x06,0x36,0x00,0x02,0x02,0x00,0x02,0x12,
    0x00,0x06,0x42,0x00,0x0f,0x16,0x00,0x07,0x0c,0x2a,0x00,0x06,0x36,0x00,0x02,0x02,
    0x00,0x02,0x12,0x00,0x06,0x42,0x00,0x0f,0x16,0x00,0x07,0x0c,0x2a,0x00,0x06,0x36,
    0x00,0x02,0x02,0x00,0x02,0x12,0x00,0x02,0x42,0x00,0x04,0x08,0x00,0x02,0x0a,0x00,
    0x04,0x0e,0x00,0x08,0x08,0x00,0x04,0x0c,0x00,0x02,0x16,0x00,0x02,0x36,0x00,0x0f,
    0x02,0x00,0x01,0x0f,0x1c,0x00,0x03,0x04,0x16,0x00,0x02,0x48,0x00,0x04,0x3e,0x00,
    0x02,0x0e,0x00,0x0f,0x46,0x00,0x01,0x0f,0x1c,0x00,0x05,0x06,0x32,0x00,0x02,0x0a,
    0x00,0x04,0x3e,0x00,0x02,0x0e,0x00,0x02,0x4a,0x00,0x02,0x56,0x04,0x02,0x0c,0x00,
    0x04,0x1a,0x00,0x06,0x10,0x00,0x02,0x02,0x00,0x02,0x30,0x00,0x02,0x18,0x00,0x02,
    0x08,0x00,0x0f,0x0c,0x00,0x09,0x0a,0x02,0x00,0x0c,0x42,0x00,0x0f,0x02,0x00,0x27,
    0x0f,0x4a,0x00,0x3b,0x0f,0x88,0x00,0x1e,0x1f,0x33,0x32,0x00,0x10,0x3f,0x99,0xff,
    0x11,0x26,0x00,0x0f,0x3f,0x99,0xff,0x22,0x25,0x00,0x37,0xb7,0x44,0x99,0x99,0x66,
    0x00,0x00,0x00,0x00,0x22,0x66,0x00,0x0b,0x00,0xf8,0x2c,0x55,0x99,0x88,0x22,0x00,
    0x00,0x55,0x99,0x99,0x44,0x00,0x00,0x99,0xff,0xcc,0xff,0xff,0xff,0xff,0xdd,0x11,
    0x00,0x00,0x99,0xff,0x88,0xff,0xff,0xff,0xff,0xcc,0x00,0x00,0x00,0xbb,0xff,0xaa,
    0xff,0xff,0xff,0xff,0x44,0xee,0xff,0xff,0xff,0xff,0x88,0x00,0x99,0xff,0xff,0x66,
    0x00,0x11,0xaa,0xff,0xaa,0x00,0x0b,0x00,0xf1,0x09,0xdd,0xff,0xdd,0x33,0x00,0x55,
    0xff,0xff,0xee,0x55,0x00,0x44,0xee,0xff,0x33,0x99,0xff,0x88,0x00,0x00,0x00,0x00,
    0xee,0xff,0x4a,0x00,0x04,0x0b,0x00,0xf1,0x04,0xdd,0xff,0x55,0x00,0x00,0x00,0xaa,
    0xff,0x77,0x00,0x00,0x00,0x77,0xff,0x66,0x99,0xff,0x44,0x00,0x10,0x00,0x14,0x22,
    0xe9,0x00,0x71,0xaa,0xff,0x22,0x00,0xdd,0xff,0x00,0x1f,0x00,0x73,0x44,0x00,0x00,
    0x00,0x66,0xff,0x77,0x1a,0x00,0x16,0x99,0x25,0x00,0x17,0x99,0x25,0x00,0x1f,0x22,
    0x25,0x00,0x1a,0x07,0x6f,0x00,0x03,0x0b,0x00,0x15,0x11,0x6f,0x00,0x05,0x4a,0x00,
    0x61,0x99,0x00,0x00,0x00,0x00,0xff,0xb9,0x00,0x05,0x0b,0x00,0x04,0x94,0x00,0x05,
    0x25,0x00,0x71,0xff,0xaa,0x55,0x55,0xcc,0xff,0x99,0x03,0x01,0x6f,0x99,0x55,0x66,
    0xcc,0xff,0x88,0x25,0x00,0x00,0xa2,0x66,0xff,0xff,0xff,0xff,0x99,0x00,0x00,0x00,
    0x99,0x42,0x01,0x53,0x99,0x00,0x00,0x00,0xaa,0xde,0x00,0xd1,0x11,0x00,0x00,0x00,
    0x55,0xff,0x66,0x00,0x33,0x00,0x11,0x55,0x66,0x0a,0x02,0x34,0x99,0xff,0x22,0x0b,
    0x00,0x03,0x41,0x02,0x01,0xa4,0x00,0x03,0x06,0x00,0x03,0x02,0x00,0x03,0x0e,0x01,
    0x0f,0x02,0x00,0x0b,0x0f,0x25,0x00,0x12,0x11,0x66,0x89,0x00,0x0b,0x02,0x00,0x50,
    0x00,0x00,0x00,0x00,0x00,

};

static const LV_ATTRIBUTE_MEM_ALIGN LV_ATTRIBUTE_LARGE_CONST uint8_t dial2_bg_data[] = {

    0x02,0x00,0x00,0x00,0x62,0x23,0x00,0x00,0x80,0x40,0x03,0x00,0x1f,0xff,0x01,0x00,
    0xff,0xff,0xff,0xff,0xff,0xff,0xff,0xff,0xff,0xff,0xff,0xff,0xff,0xff,0x9c,0x1f,
    0xdf,0xa2,0x0e,0xff,0xc9,0xaf,0xbe,0xf7,0xba,0xd6,0x38,0xc6,0x59,0xce,0xdb,0xde,
    0xe6,0x01,0xff,0xc4,0x62,0x7d,0xef,0x38,0xc6,0xdb,0xde,0xe4,0x01,0x2f,0xbe,0xf7,
    0xc9,0x03,0xff,0xc2,0x02,0xd6,0x01,0x6f,0x9e,0xf7,0x38,0xc6,0xba,0xd6,0xe0,0x01,
    0xef,0xff,0x00,0xdf,0xff,0xbe,0xf7,0xbe,0xf7,0x9e,0xf7,0x9e,0xf7,0x7d,0xef,0x7d,
    0xef,0x9e,0xf2,0x02,0x56,0xcf,0x9e,0xf7,0x7d,0xef,0x9e,0xf7,0x9e,0xf7,0xbe,0xf7,
    0xbe,0xf7,0x4a,0x05,0x43,0x4f,0x9a,0xd6,0x38,0xc6,0x5a,0x00,0x43,0x0f,0x02,0x00,
    0x8f,0xae,0x9e,0xf7,0x3c,0xe7,0xfb,0xde,0x9a,0xd6,0x79,0xce,0x02,0x00,0x0f,0xe4,
    0x01,0x4f,0x2e,0x7d,0xef,0x76,0x00,0x62,0xba,0xd6,0xfb,0xde,0x5d,0xef,0x7c,0x03,
    0x0f,0x02,0x00,0x33,0x2f,0x79,0xce,0xe0,0x01,0x87,0x6f,0xdf,0xff,0x3c,0xe7,0x1c,
    0xe7,0x6a,0x01,0x3f,0x5f,0x9e,0xf7,0x3c,0xe7,0xba,0xd6,0x01,0x02,0x06,0x02,0x00,
    0x2f,0x9a,0xd6,0x60,0x01,0x33,0x0f,0x02,0x00,0x07,0x06,0x6c,0x00,0x0f,0x02,0x00,
    0x01,0x0f,0xe8,0x01,0x31,0x80,0xdf,0xff,0xfb,0xde,0x38,0xc6,0xdb,0xde,0xec,0x19,
    0x8f,0xbe,0xf7,0xfb,0xde,0x9a,0xd6,0xfb,0xde,0x3c,0x02,0x39,0x0f,0x02,0x00,0x2b,
    0xaf,0xbe,0xf7,0x59,0xce,0x38,0xc6,0x38,0xc6,0x38,0xc6,0x06,0x0a,0x35,0x6f,0xbe,
    0xf7,0x3c,0xe7,0xdb,0xde,0x4e,0x01,0x01,0x0f,0x02,0x00,0x01,0x0f,0xbe,0x00,0x2b,
    0x0f,0x02,0x00,0x0d,0x2f,0xdf,0xff,0x74,0x00,0x01,0x0c,0x02,0x00,0x2f,0x9a,0xd6,
    0xe0,0x02,0x23,0xd9,0xdf,0xff,0x5d,0xef,0xdb,0xde,0x59,0xce,0x38,0xc6,0x9a,0xd6,
    0xdf,0x4c,0x01,0x5f,0x59,0xce,0x3c,0xe7,0xff,0x01,0x00,0x70,0xcf,0xbe,0xf7,0x59,
    0xce,0x9a,0xd6,0x5d,0xef,0x7d,0xef,0xdb,0xde,0x24,0x08,0x2f,0x4f,0xdf,0xff,0x3c,
    0xe7,0x88,0x05,0x03,0x0f,0x02,0x00,0x07,0x1f,0xdf,0x06,0x01,0x4a,0x0f,0xe0,0x01,
    0x13,0x02,0x02,0x00,0x4f,0x9a,0xd6,0x1c,0xe7,0x78,0x03,0x15,0x11,0xbe,0x9c,0x04,
    0x02,0x18,0x03,0x24,0xba,0xd6,0xcc,0x01,0xcf,0x79,0xce,0x38,0xc6,0x3c,0xe7,0xdf,
    0xff,0xbe,0xf7,0x9a,0xd6,0x52,0x0b,0x73,0x62,0x1c,0xe7,0x38,0xc6,0x7d,0xef,0x63,
    0x01,0x5f,0xba,0xd6,0x38,0xc6,0x1c,0x76,0x02,0x26,0x2f,0x5d,0xef,0x8c,0x05,0x0d,
    0x0f,0x02,0x00,0x03,0x02,0x7c,0x00,0x0f,0x02,0x00,0x45,0x0f,0xe0,0x01,0x19,0x02,
    0x02,0x00,0x4f,0xba,0xd6,0x5d,0xef,0x74,0x02,0x0d,0x08,0xda,0x01,0x06,0x12,0x02,
    0x62,0x7d,0xef,0x38,0xc6,0xfb,0xde,0xca,0x00,0x44,0x7d,0xef,0x38,0xc6,0xf6,0x01,
    0x0f,0x02,0x00,0x69,0x44,0x1c,0xe7,0x38,0xc6,0xa2,0x00,0x46,0xdf,0xff,0x59,0xce,
    0x0e,0x00,0x0f,0x02,0x00,0x17,0x42,0xbe,0xf7,0x1c,0xe7,0x1c,0x01,0x0f,0x02,0x00,
    0x1f,0x0f,0x56,0x0c,0x4f,0x0f,0x76,0x02,0x23,0x2f,0xfb,0xde,0x90,0x08,0x07,0x13,
    0xdf,0xe0,0x01,0x0c,0xc0,0x01,0x26,0x7d,0xef,0x20,0x03,0x08,0x0c,0x00,0x0f,0x02,
    0x00,0x69,0x28,0x3c,0xe7,0xa8,0x00,0x24,0x3c,0xe7,0x28,0x08,0x0f,0x02,0x00,0x15,
    0x1f,0x7d,0xb6,0x03,0x24,0x02,0x02,0x00,0x11,0xba,0xb6,0x06,0x0f,0x02,0x00,0x4b,
    0x1f,0xdf,0xe2,0x01,0x24,0x02,0xca,0x03,0x0f,0x9c,0x00,0x05,0x84,0x7d,0xef,0x9a,
    0xd6,0x38,0xc6,0x9a,0xd6,0xfc,0x04,0x00,0x48,0x23,0x42,0xdf,0xff,0x59,0xce,0x88,
    0x07,0x6f,0xff,0xff,0xdb,0xde,0x38,0xc6,0x3e,0x00,0x07,0x0f,0x02,0x00,0x57,0x1b,
    0xbe,0x9a,0x0f,0x1f,0x79,0xc2,0x03,0x16,0x0f,0x6c,0x07,0x21,0x02,0x9a,0x0c,0x5f,
    0x3c,0xe7,0x5d,0xef,0x5d,0x00,0x0f,0x5e,0x6f,0x5d,0xef,0x1c,0xe7,0xfb,0xde,0xec,
    0x01,0x1f,0x2f,0x1c,0xe7,0xae,0x05,0x05,0x84,0x3c,0xe7,0x79,0xce,0x38,0xc6,0xba,
    0xd6,0x00,0x05,0x02,0x20,0x03,0x66,0x79,0xce,0xfb,0xde,0x9a,0xd6,0xcc,0x08,0x4c,
    0x3c,0xe7,0x1c,0xe7,0xea,0x03,0x0f,0x02,0x00,0x59,0x28,0xba,0xd6,0x6a,0x02,0x26,
    0xfb,0xde,0x90,0x07,0x0f,0x02,0x00,0x07,0x2f,0xdf,0xff,0x92,0x05,0x1b,0x5f,0xba,
    0xd6,0x1c,0xe7,0x7d,0x70,0x0e,0x2e,0x5f,0x1c,0xff,0x79,0xfe,0x1c,0x95,0x00,0x07,
    0x0f,0x02,0x00,0x16,0x4f,0x9e,0xf7,0x5d,0xef,0x90,0x0f,0x05,0x0f,0x02,0x00,0x03,
    0x0f,0xf0,0x0c,0x07,0x24,0x3c,0xe7,0xb2,0x03,0x02,0x02,0x00,0x64,0xbe,0xf7,0x9a,
    0xd6,0x38,0xc6,0x50,0x0b,0xa4,0xff,0xff,0xba,0xd6,0x59,0xce,0x9a,0xd6,0x59,0xce,
    0x98,0x07,0x0f,0x02,0x00,0x5f,0x46,0x9e,0xf7,0x38,0xc6,0xc6,0x0a,0x0f,0x18,0x08,
    0x0f,0x4f,0xdf,0xff,0xfb,0xde,0x06,0x01,0x03,0x0e,0x02,0x00,0x1f,0xba,0x78,0x0c,
    0x24,0x0c,0x02,0x00,0xfc,0x02,0xbe,0xff,0x0f,0xfc,0x03,0xf9,0x20,0xf8,0x20,0xf8,
    0x20,0xf8,0x03,0xf9,0x0f,0xfc,0xbe,0x21,0x00,0x0f,0x02,0x00,0x22,0x2f,0xdf,0xff,
    0xe8,0x01,0x19,0x0f,0xe4,0x01,0x07,0x02,0x02,0x00,0x02,0x2c,0x0d,0x64,0x79,0xce,
    0x38,0xc6,0x59,0xce,0xa6,0x0a,0x62,0x5d,0xef,0x38,0xc6,0x9e,0xf7,0x64,0x01,0x06,
    0xe6,0x03,0x0f,0x02,0x00,0x5d,0x06,0x9e,0x0f,0x02,0x70,0x09,0x0f,0x5a,0x08,0x09,
    0x0f,0xdc,0x01,0x15,0x3f,0xfb,0xde,0x7d,0x86,0x0a,0x0e,0x0f,0x02,0x00,0x15,0x33,
    0xda,0xfe,0x44,0xdc,0x01,0x04,0x02,0x00,0x4f,0x44,0xf9,0xda,0xfe,0x3e,0x00,0x15,
    0x0f,0x02,0x00,0x0f,0x1f,0x9e,0x20,0x0a,0x16,0x0f,0xe4,0x01,0x07,0x26,0xfb,0xde,
    0x2c,0x0d,0x06,0xd0,0x05,0x22,0x1c,0xe7,0xc0,0x11,0x2f,0xbe,0xf7,0x16,0x05,0x11,
    0x0f,0x02,0x00,0x47,0x11,0xba,0x2c,0x08,0x3f,0x3c,0xe7,0xfb,0x04,0x0f,0x08,0x0f,
    0x94,0x05,0x15,0x24,0xdb,0xde,0x70,0x0d,0x0f,0x02,0x00,0x33,0x24,0x7d,0xff,0xba,
    0x03,0x08,0x02,0x00,0x3f,0x03,0xf9,0x7d,0x5f,0x00,0x33,0x05,0x02,0x00,0x2f,0x7d,
    0xef,0xbc,0x02,0x13,0x0f,0xe4,0x01,0x05,0x28,0x1c,0xe7,0x2c,0x0d,0x02,0x02,0x00,
    0xc2,0xbe,0xf7,0x38,0xc6,0x3c,0xe7,0x7d,0xef,0xfb,0xde,0x59,0xce,0x12,0x00,0x0f,
    0x02,0x00,0x65,0x04,0x80,0x02,0x0f,0xc4,0x12,0x05,0x1f,0x3c,0x02,0x0d,0x10,0x19,
    0x9a,0xbc,0x02,0x0f,0x02,0x00,0x35,0x28,0x6d,0xfb,0xd8,0x01,0x06,0x02,0x00,0x2f,
    0x6d,0xfb,0x62,0x00,0x35,0x06,0x02,0x00,0x1f,0xdf,0xc6,0x0f,0x14,0x0f,0x74,0x09,
    0x07,0x0c,0x02,0x00,0x8f,0x3c,0xe7,0x59,0xce,0x38,0xc6,0x79,0xce,0x9e,0x05,0x67,
    0x04,0x02,0x00,0x2f,0xbe,0xf7,0x02,0x09,0x05,0x2f,0x5d,0xef,0x94,0x12,0x0f,0x1f,
    0xdb,0x30,0x0e,0x08,0x0f,0x02,0x00,0x29,0x26,0x7d,0xff,0xd2,0x01,0x0c,0x02,0x00,
    0x0f,0xc2,0x03,0x3d,0x04,0x02,0x00,0x2f,0x9e,0xf7,0x62,0x08,0x11,0x0f,0xfe,0x0c,
    0x17,0x06,0xb0,0x05,0x0f,0x02,0x00,0x7f,0x2f,0x9e,0xf7,0x52,0x0c,0x0f,0x0f,0xd6,
    0x13,0x17,0x0f,0x02,0x00,0x1f,0x2c,0x75,0xfd,0xd6,0x01,0x06,0x02,0x00,0x2f,0x75,
    0xfd,0x50,0x00,0x1f,0x0f,0x02,0x00,0x15,0x0f,0xfe,0x0d,0x0d,0x0f,0xf2,0x0c,0x69,
    0x0f,0x02,0x00,0x35,0x0f,0x4e,0x09,0x0f,0x15,0x9a,0x7a,0x15,0x0f,0x02,0x00,0x45,
    0x26,0xb2,0xfc,0xd0,0x01,0x0c,0x02,0x00,0x2f,0x92,0xfc,0x76,0x00,0x45,0x04,0x02,
    0x00,0x0f,0xba,0x04,0x05,0x04,0xbc,0x03,0x11,0xbe,0x58,0x1e,0x04,0x2e,0x00,0x0f,
    0x02,0x00,0x9b,0x2e,0x5d,0xef,0xf0,0x0c,0x08,0x02,0x00,0x24,0x9a,0xd6,0xe6,0x00,
    0x0f,0x02,0x00,0x49,0x1f,0x92,0xe0,0x01,0x08,0x1f,0x10,0xe0,0x01,0x4e,0x00,0xde,
    0x35,0x0e,0xa2,0x13,0x02,0xcc,0x0e,0x04,0xea,0x0e,0x2f,0x38,0xc6,0xc6,0x1e,0x51,
    0x0f,0x02,0x00,0x3b,0x1f,0xbe,0x96,0x05,0x0c,0x0f,0xdc,0x01,0x53,0x00,0x3c,0x37,
    0x0f,0xe0,0x01,0x6f,0x0e,0xe4,0x01,0x22,0xbe,0xf7,0xb8,0x18,0x02,0x12,0x0d,0x4f,
    0x38,0xc6,0x38,0xc6,0x2c,0x1a,0x73,0x0f,0x02,0x00,0x15,0x0f,0x2c,0x0b,0x0b,0x0f,
    0xdc,0x01,0x57,0x0f,0xe0,0x01,0x77,0x02,0xe4,0x01,0x02,0x66,0x0a,0x02,0xd2,0x0e,
    0x22,0x1c,0xe7,0xda,0x01,0x04,0x02,0x00,0x02,0xde,0x1f,0x0f,0x02,0x00,0x8f,0x0f,
    0xba,0x03,0x0d,0x0f,0x58,0x08,0x5d,0x0f,0xc0,0x03,0x73,0x04,0x02,0x00,0x42,0x5d,
    0xef,0x9a,0xd6,0xca,0x01,0x02,0x86,0x14,0x06,0x02,0x00,0x02,0xe8,0x1c,0x0f,0x06,
    0x0d,0x6f,0x0f,0x02,0x00,0x0b,0x0f,0xba,0x03,0x0b,0x1f,0xfb,0xe6,0x2b,0x60,0x0f,
    0xe0,0x01,0x7b,0x02,0xc8,0x03,0x00,0x74,0x3d,0x0f,0xe0,0x01,0x03,0x24,0x1c,0xe7,
    0x9a,0x14,0x0f,0x02,0x00,0x7f,0x2f,0xdf,0xff,0x54,0x23,0x09,0x08,0x26,0x19,0x0f,
    0x02,0x00,0x59,0x0f,0xe0,0x01,0x7f,0x02,0x02,0x00,0x04,0x10,0x12,0x04,0x02,0x00,
    0x02,0xc8,0x1e,0x2f,0xdb,0xde,0x2a,0x01,0x67,0x0f,0x02,0x00,0x0b,0x0f,0x66,0x28,
    0x01,0x04,0x02,0x00,0x0f,0x72,0x07,0x5b,0x0a,0x02,0x00,0x0f,0xe0,0x01,0x85,0x02,
    0x0c,0x21,0x06,0x02,0x00,0x02,0x26,0x0d,0x04,0x32,0x01,0x0f,0x5a,0x0c,0x51,0x0f,
    0x02,0x00,0x19,0x0f,0xee,0x1b,0x09,0x0f,0x72,0x04,0x6b,0x0f,0xe0,0x01,0x85,0x44,
    0xff,0xff,0x9e,0xf7,0x42,0x0b,0x22,0x59,0xce,0xb4,0x05,0x08,0xde,0x06,0x02,0x44,
    0x0d,0x0f,0x02,0x00,0x71,0x0f,0xe0,0x20,0x09,0x22,0x9a,0xd6,0x98,0x02,0x0a,0x02,
    0x00,0x1f,0xdf,0x48,0x08,0x58,0x0f,0xe0,0x01,0x87,0x02,0x8c,0x07,0x24,0x3c,0xe7,
    0xac,0x03,0x24,0x9e,0xf7,0xbe,0x03,0x02,0x02,0x00,0x17,0x9a,0xf8,0x1f,0x0f,0x02,
    0x00,0x67,0x22,0x9e,0xf7,0xf6,0x0b,0x0f,0x02,0x00,0x01,0x0e,0xba,0x03,0xdf,0xdf,
    0xff,0x9a,0xd6,0xb6,0xb5,0x55,0xad,0x55,0xad,0x75,0xad,0x18,0x80,0x22,0x52,0x0f,
    0xe0,0x01,0x6d,0xef,0xda,0xfe,0x4b,0xfc,0x83,0xfa,0xe0,0xf9,0x00,0xfa,0x47,0xfb,
    0x72,0xfd,0x4a,0x16,0x07,0x0f,0xe0,0x06,0x03,0x04,0xfc,0x01,0x0f,0x02,0x00,0x65,
    0x08,0x52,0x04,0x0a,0x02,0x00,0x0f,0xba,0x03,0x01,0x31,0x5d,0xef,0x96,0xdc,0x01,
    0x06,0x02,0x00,0x0f,0xf6,0x1a,0x4f,0x0f,0xe0,0x01,0x6b,0x48,0xae,0xfc,0xe0,0xf9,
    0x02,0x00,0x4f,0xc5,0xfa,0xfa,0xfe,0xac,0x01,0x01,0x0f,0xe0,0x06,0x07,0x0e,0x24,
    0x03,0x0f,0x02,0x00,0x57,0x0f,0x26,0x19,0x07,0x0f,0x96,0x00,0x01,0x37,0x7d,0xef,
    0x75,0xda,0x01,0x04,0x02,0x00,0x0f,0xe2,0x01,0x4d,0x0f,0xe0,0x01,0x69,0x1b,0x6d,
    0xde,0x01,0x7f,0xe0,0xf9,0xe0,0xf9,0x62,0xfa,0x3b,0xa1,0x01,0x02,0x0f,0x2a,0x03,
    0x07,0x0f,0x72,0x1d,0x05,0x0f,0x02,0x00,0x4b,0x0f,0x76,0x07,0x09,0x02,0x2e,0x08,
    0x0c,0x02,0x00,0x24,0xf7,0xbd,0xd4,0x01,0x0a,0x02,0x00,0x0f,0x0c,0x02,0x01,0x0f,
    0x02,0x00,0x37,0x0f,0xe0,0x01,0x67,0x22,0x56,0xfe,0xd2,0x01,0x0c,0x02,0x00,0x1f,
    0x47,0x78,0x1e,0x04,0x0f,0xea,0x06,0x07,0x0f,0x8a,0x07,0x5f,0x1f,0xbe,0x76,0x07,
    0x06,0x0f,0x6e,0x02,0x05,0x2a,0x3c,0xe7,0xd6,0x01,0x06,0x02,0x00,0x2f,0xb6,0xb5,
    0xce,0x01,0x37,0x0e,0x02,0x00,0x0f,0xe0,0x01,0x65,0x4c,0xdf,0xff,0xc5,0xfa,0xda,
    0x01,0x04,0x02,0x00,0x1f,0xb9,0xa4,0x05,0x02,0x00,0x6a,0x4e,0x0f,0x12,0x05,0x07,
    0x22,0x9e,0xf7,0x22,0x00,0x0f,0x02,0x00,0x51,0x0f,0xde,0x01,0x07,0x0f,0x8c,0x03,
    0x07,0x26,0x79,0xce,0xd2,0x01,0x0c,0x02,0x00,0x02,0xdc,0x0f,0x0f,0x02,0x00,0x43,
    0x0f,0xe0,0x01,0x65,0x24,0x30,0xfd,0xce,0x01,0x0e,0x02,0x00,0x1f,0xae,0xb8,0x1a,
    0x08,0x0f,0x76,0x1b,0x07,0x0f,0x16,0x05,0x03,0x0f,0x02,0x00,0x43,0x0f,0xda,0x1d,
    0x03,0x0f,0x82,0x00,0x09,0x2c,0x38,0xc6,0xd6,0x01,0x06,0x02,0x00,0x2f,0x75,0xad,
    0x30,0x0d,0x47,0x0f,0xe0,0x01,0x63,0x3f,0x7d,0xff,0x21,0xbe,0x03,0x06,0x3f,0xe0,
    0xf9,0xea,0xa2,0x05,0x04,0x02,0x02,0x00,0x0f,0xa8,0x05,0x07,0x0f,0xbc,0x17,0x51,
    0x06,0xe2,0x0b,0x0a,0xf4,0x09,0x0f,0x80,0x14,0x0d,0x0f,0xe0,0x01,0x09,0x0f,0x66,
    0x09,0x49,0x0f,0xe0,0x01,0x63,0x1f,0x4c,0x5a,0x09,0x00,0x06,0x02,0x00,0x0f,0xe0,
    0x01,0x0b,0x0f,0xea,0x15,0x09,0x0f,0x20,0x05,0x07,0x0f,0x02,0x00,0x31,0x11,0xfb,
    0xca,0x38,0x15,0x59,0x28,0x18,0x06,0x70,0x16,0x02,0x14,0x19,0x0f,0x02,0x00,0x09,
    0x26,0xba,0xd6,0xb0,0x03,0x0f,0x02,0x00,0x01,0x0f,0xfc,0x03,0x09,0x0f,0x02,0x00,
    0x29,0x0f,0xe0,0x01,0x61,0x1f,0xda,0x5a,0x09,0x04,0x04,0x02,0x00,0x1f,0xcf,0xa0,
    0x05,0x08,0x04,0x02,0x00,0x0a,0x3e,0x03,0x06,0x02,0x00,0x0f,0xe2,0x01,0x47,0x08,
    0xf2,0x18,0x04,0xce,0x1a,0x02,0x78,0x00,0x0f,0x74,0x00,0x11,0x2f,0x9e,0xf7,0xd6,
    0x01,0x01,0x06,0x02,0x00,0x24,0xf7,0xbd,0xda,0x00,0x0f,0x02,0x00,0x3b,0x0f,0xe0,
    0x01,0x61,0x24,0x47,0xfb,0xca,0x01,0x0f,0x02,0x00,0x03,0x0f,0x60,0x09,0x07,0x08,
    0x02,0x00,0x0f,0x8a,0x07,0x05,0x0f,0xba,0x14,0x43,0x1b,0x3c,0x90,0x1e,0x02,0xd4,
    0x01,0x2f,0xba,0xd6,0x64,0x11,0x17,0x0f,0xa2,0x05,0x0b,0x2f,0x55,0xad,0xb8,0x00,
    0x43,0x0f,0xe0,0x01,0x5f,0x1f,0xd4,0x5a,0x09,0x08,0x5f,0xe0,0xf9,0xe0,0xf9,0xa9,
    0x7e,0x07,0x0a,0x08,0x02,0x00,0x0c,0xb2,0x14,0x04,0x02,0x00,0x0f,0x2e,0x05,0x0f,
    0x0f,0x02,0x00,0x1f,0x08,0xbe,0x03,0x02,0x34,0x24,0x02,0xd0,0x0b,0x0f,0xb8,0x0b,
    0x17,0x0f,0xc2,0x03,0x0d,0x26,0xb6,0xb5,0xdc,0x07,0x0f,0x02,0x00,0x37,0x0f,0xe0,
    0x01,0x5d,0x3f,0xdf,0xff,0x83,0x5a,0x09,0x08,0x4f,0xe0,0xf9,0xe0,0xf9,0xc2,0x12,
    0x03,0x0f,0x02,0x00,0x03,0x0f,0xaa,0x0c,0x05,0x0f,0xe2,0x01,0x3f,0x04,0xec,0x18,
    0x04,0x02,0x00,0x02,0x78,0x12,0x0f,0x92,0x01,0x1b,0x1f,0x9a,0x84,0x07,0x0c,0x02,
    0xba,0x22,0x0f,0x02,0x00,0x3b,0x0f,0xe0,0x01,0x5d,0x1f,0x10,0xbe,0x03,0x0c,0x1f,
    0x8d,0x7c,0x07,0x10,0x08,0x02,0x00,0x0f,0x48,0x12,0x05,0x0f,0xe2,0x01,0x3d,0x13,
    0xdb,0x20,0x33,0x04,0x02,0x00,0x0f,0xb4,0x0e,0x21,0x2c,0xdf,0xff,0x80,0x16,0x0a,
    0x02,0x00,0x0f,0x28,0x0d,0x41,0x0f,0xe0,0x01,0x5b,0x1f,0x5c,0x18,0x0d,0x0a,0x58,
    0xe0,0xf9,0x62,0xfa,0x9d,0xbd,0x01,0x0f,0x02,0x00,0x12,0x0f,0xe2,0x01,0x05,0x0f,
    0xd0,0x06,0x35,0x02,0x76,0x0d,0x24,0x9e,0xf7,0xda,0x01,0x02,0x02,0x00,0x0f,0xf0,
    0x0a,0x23,0x2a,0xfb,0xde,0xd2,0x01,0x0c,0x02,0x00,0x2f,0x38,0xc6,0xf3,0x00,0x12,
    0x0f,0x02,0x00,0x18,0x0f,0xe0,0x01,0x5b,0x1f,0xea,0x5a,0x09,0x0c,0x1f,0x92,0x52,
    0x2f,0x24,0x1f,0xdb,0x10,0x31,0x02,0x0f,0xe2,0x01,0x31,0x24,0x5d,0xef,0x58,0x0f,
    0x08,0x62,0x09,0x02,0x5e,0x09,0x0f,0x02,0x00,0x21,0x0f,0x86,0x16,0x05,0x04,0x02,
    0x00,0x0f,0x12,0x1b,0x3d,0x0f,0xe0,0x01,0x59,0x1f,0xb9,0x18,0x0d,0x0c,0x2f,0xc5,
    0xfa,0x32,0x01,0x21,0x02,0x02,0x00,0x0f,0xe2,0x01,0x03,0x0f,0x88,0x01,0x27,0x02,
    0x02,0x00,0x04,0x96,0x1c,0x11,0xbe,0xfe,0x14,0x6f,0xbe,0xf7,0xfb,0xde,0xdb,0xde,
    0x54,0x09,0x19,0x0e,0x02,0x00,0x24,0x5d,0xef,0xca,0x01,0x0f,0x02,0x00,0x03,0x0f,
    0x28,0x0d,0x3d,0x0f,0xe0,0x01,0x59,0x0f,0x18,0x0d,0x0d,0x1f,0x56,0x78,0x16,0x06,
    0x0f,0x02,0x00,0x11,0x0f,0xe2,0x01,0x03,0x02,0x5e,0x05,0x0f,0x02,0x00,0x25,0x04,
    0xbc,0x1f,0x0f,0xc2,0x18,0x39,0x0f,0x28,0x0d,0x5b,0x0f,0xe0,0x01,0x57,0x0f,0x18,
    0x0d,0x37,0x0f,0x02,0x00,0x05,0x0f,0xe2,0x01,0x03,0x0f,0x2e,0x00,0x05,0x0f,0x02,
    0x00,0x11,0x04,0x72,0x0d,0x0f,0x06,0x36,0x39,0x2f,0xbe,0xf7,0x08,0x1e,0x01,0x06,
    0x02,0x00,0x1f,0x96,0x28,0x0d,0x3a,0x0f,0xe0,0x01,0x55,0x3f,0xbe,0xff,0x62,0x18,
    0x0d,0x0a,0x1f,0x00,0xf8,0x1d,0x04,0x0f,0x02,0x00,0x1b,0x0f,0xe2,0x01,0x01,0x0f,
    0xc4,0x0c,0x1b,0x0a,0x02,0x00,0x02,0xda,0x01,0x06,0x02,0x00,0x0f,0x36,0x0b,0x21,
    0x0e,0x02,0x00,0x0f,0xac,0x14,0x0d,0x0f,0x94,0x02,0x2b,0x0a,0x02,0x00,0x0f,0xe0,
    0x01,0x55,0x0c,0xaa,0x21,0x0c,0x02,0x00,0x0f,0x34,0x1a,0x09,0x0f,0x02,0x00,0x19,
    0x0e,0xe2,0x01,0x0f,0xe0,0x01,0x37,0x0a,0x0a,0x44,0x0f,0x02,0x00,0x29,0x1b,0xb6,
    0xa8,0x23,0x0c,0x02,0x00,0x0f,0x36,0x11,0x17,0x0f,0x02,0x00,0x0d,0x0f,0xe0,0x01,
    0x53,0x3f,0x3b,0xff,0x00,0xbe,0x03,0x0a,0x3f,0x62,0xfa,0xbe,0xa9,0x00,0x0d,0x0f,
    0x02,0x00,0x16,0x0c,0x70,0x3b,0x0f,0x39,0x00,0x16,0x0f,0x02,0x00,0x00,0x08,0xe6,
    0x16,0x0f,0xde,0x01,0x37,0x3f,0xff,0xff,0x1c,0xee,0x1f,0x06,0x02,0x02,0x00,0x1f,
    0x18,0x28,0x0d,0x36,0x0f,0xe0,0x01,0x53,0x1f,0xa9,0x18,0x0d,0x0c,0x1f,0xd4,0x18,
    0x0d,0x24,0x0f,0x02,0x00,0x01,0x0a,0x10,0x0f,0x0f,0x42,0x0b,0x2d,0x04,0x18,0x24,
    0x0f,0x98,0x21,0x05,0x0f,0x02,0x00,0x25,0x0f,0x28,0x0d,0x0d,0x0f,0x18,0x0a,0x2b,
    0x06,0x02,0x00,0x0f,0xe0,0x01,0x09,0x1f,0x30,0x4c,0x12,0x1c,0x0f,0x02,0x00,0x05,
    0x0f,0x8a,0x23,0x05,0x04,0x02,0x00,0x0f,0x92,0x23,0x05,0x0f,0x02,0x00,0x27,0x04,
    0xe8,0x21,0x0f,0x26,0x01,0x35,0x0f,0x02,0x00,0x3f,0x1f,0x7d,0x28,0x0d,0x0c,0x0f,
    0xb6,0x23,0x35,0x1f,0xf3,0x00,0x3c,0x08,0x1f,0xf3,0xe0,0x01,0x34,0x0f,0x8a,0x23,
    0x07,0x02,0x02,0x00,0x0f,0x30,0x1a,0x13,0x0f,0x02,0x00,0xbd,0x0f,0xb2,0x23,0x09,
    0x4f,0x55,0xad,0x55,0xad,0x62,0x15,0x33,0x2c,0x79,0xfe,0xb6,0x3f,0x06,0x02,0x00,
    0x1f,0x79,0x90,0x0e,0x2a,0x04,0x02,0x00,0x1f,0x92,0x72,0x16,0x0c,0x0f,0xce,0x1f,
    0x0d,0x0f,0x02,0x00,0xc5,0x0f,0x28,0x0d,0x0d,0x2f,0x75,0xad,0x1a,0x0a,0x29,0x06,
    0x02,0x00,0x0c,0xfc,0x4a,0x04,0x02,0x00,0x26,0x44,0xf9,0x24,0x00,0x0f,0x02,0x00,
    0x27,0x1f,0x9d,0x18,0x0d,0x0c,0x3f,0x21,0xfa,0x5c,0x5d,0x00,0x27,0x0f,0x02,0x00,
    0xac,0x1f,0xdb,0x8e,0x16,0x0c,0x0f,0x1c,0x0a,0x2b,0x04,0x02,0x00,0x0f,0x62,0x45,
    0x05,0x0f,0x5e,0x45,0x33,0x1f,0x8d,0x8a,0x23,0x0a,0x3f,0xe0,0xf9,0x10,0x5a,0x09,
    0x38,0x0f,0x02,0x00,0x9f,0x0f,0x28,0x0d,0x0d,0x0f,0xc6,0x18,0x23,0x0c,0x02,0x00,
    0x0f,0x02,0x4b,0x01,0x0f,0xfe,0x4a,0x33,0x22,0xfa,0xfe,0x62,0x07,0x0f,0x02,0x00,
    0x05,0x2f,0x83,0xfa,0x84,0x04,0x33,0x0f,0x02,0x00,0xa5,0x0f,0x16,0x2d,0x07,0x02,
    0x02,0x00,0x0f,0x28,0x0d,0x35,0x31,0x92,0xfc,0xa1,0x7c,0x52,0x02,0x02,0x00,0x1f,
    0xa1,0x3a,0x47,0x36,0x0f,0x18,0x0d,0x59,0x0f,0x02,0x00,0xa3,0x1f,0x18,0x38,0x2b,
    0x08,0x0f,0xde,0x30,0x39,0xcf,0x7d,0xff,0xd2,0xfc,0xca,0xfa,0xca,0xfa,0xca,0xfa,
    0xd2,0xfc,0xd8,0x4c,0x35,0x0f,0x18,0x0d,0x5f,0x0f,0x02,0x00,0x9f,0x0f,0xb6,0x23,
    0x0f,0x0f,0xd4,0x00,0x85,0x0f,0xa2,0x30,0x09,0x02,0x02,0x00,0x0f,0xc4,0x54,0x39,
    0x0f,0x02,0x00,0xa7,0x0f,0x28,0x0d,0x53,0x0f,0x02,0x00,0x3f,0x1f,0x51,0x18,0x0d,
    0x0c,0x1f,0x4c,0x5e,0x0f,0x34,0x0f,0x02,0x00,0xad,0x0f,0xb6,0x23,0x0d,0x0f,0xc2,
    0x03,0x85,0x0f,0xd6,0x10,0x0b,0x2f,0x21,0xfa,0x06,0x06,0x35,0x0f,0x02,0x00,0xaf,
    0x0f,0x28,0x0d,0x0d,0x02,0x5e,0x20,0x0f,0x02,0x00,0x7b,0x22,0x5c,0xff,0x84,0x05,
    0x0f,0x02,0x00,0x05,0x1f,0x30,0x18,0x0d,0xea,0x0c,0x02,0x00,0x0f,0x28,0x0d,0x0b,
    0x0f,0x26,0x0d,0x33,0x0f,0x02,0x00,0x3b,0x1f,0xb9,0x1a,0x0d,0x0a,0x1f,0xc5,0x18,
    0x0d,0xec,0x0c,0x02,0x00,0x0f,0xb6,0x23,0x0b,0x0f,0xc0,0x03,0x81,0x0f,0xfa,0x0e,
    0x0b,0x0f,0x8a,0x23,0x2b,0x0f,0x02,0x00,0xc1,0x0f,0xb6,0x23,0x07,0x1f,0x96,0x20,
    0x3c,0x4a,0x0f,0x02,0x00,0x27,0x0f,0x22,0x38,0x07,0x0f,0xa2,0x30,0x17,0x0f,0x02,
    0x00,0xd7,0x0f,0x28,0x0d,0x07,0x0f,0xf6,0x2e,0x41,0x0f,0x02,0x00,0x31,0x0f,0x24,
    0x38,0x07,0x0f,0xa2,0x30,0x19,0x0f,0x02,0x00,0xd7,0x0f,0xb6,0x23,0x03,0x0f,0x8e,
    0x25,0x3b,0x0f,0x02,0x00,0x39,0x0f,0xcc,0x2e,0x05,0x0f,0x8a,0x23,0x35,0x0f,0x02,
    0x00,0xbf,0x0e,0xa4,0x05,0x2f,0x96,0xb5,0x5c,0x09,0x81,0x04,0x02,0x00,0x2e,0x56,
    0xfe,0x96,0x23,0x2f,0xa9,0xfb,0x72,0x16,0xeb,0x0f,0x02,0x00,0x0b,0x28,0xdb,0xde,
    0x5c,0x29,0x11,0x18,0xfc,0x67,0x0f,0x02,0x00,0x89,0x28,0xb9,0xfe,0x06,0x0f,0x4f,
    0x00,0xfa,0xae,0xfc,0xde,0x01,0xff,0x0a,0x04,0x46,0x67,0x4f,0xba,0xd6,0x9a,0xd6,
    0x70,0x63,0x45,0x0f,0x02,0x00,0x3f,0xaf,0x56,0xfe,0xae,0xfc,0xea,0xfb,0x4c,0xfc,
    0x92,0xfd,0xd2,0x10,0xf7,0x0f,0x02,0x00,0xff,0xff,0xff,0x52,0x04,0xfa,0x7e,0x2f,
    0xba,0xd6,0x8c,0x69,0x17,0x0f,0x02,0x00,0xff,0x5a,0xdf,0xfe,0xff,0x74,0xff,0x0d,
    0xff,0xea,0xfe,0xea,0xfe,0x2f,0xff,0xb8,0x79,0x01,0x1c,0x1d,0x9e,0xbe,0x4c,0x0f,
    0x88,0x29,0x87,0x0f,0x02,0x00,0xe3,0x57,0x74,0xff,0xc7,0xfe,0xa5,0x02,0x00,0x3f,
    0x0c,0xff,0xdd,0x09,0x01,0x16,0x0f,0xf6,0x41,0x03,0x0a,0x8a,0x78,0x0f,0x02,0x00,
    0xff,0x6a,0x37,0xb8,0xff,0xea,0xda,0x01,0x04,0x02,0x00,0x2f,0xe8,0xfe,0xe2,0x01,
    0x15,0x04,0x34,0x38,0x0e,0x02,0x00,0x0f,0xe4,0x4a,0x0d,0x0f,0x02,0x00,0xff,0x50,
    0x44,0xdc,0xff,0x0d,0xff,0xd2,0x01,0x0c,0x02,0x00,0x1f,0x0c,0x7f,0x01,0x12,0x0f,
    0x96,0x47,0x05,0x04,0x02,0x00,0x04,0xfc,0x4a,0x0f,0x02,0x00,0xff,0x60,0x5f,0xfe,
    0xff,0x51,0xff,0xc6,0xba,0x03,0x00,0x06,0x02,0x00,0x1f,0xba,0x95,0x01,0x10,0x0e,
    0xa0,0x36,0x0e,0x02,0x00,0x0f,0x8e,0x07,0xff,0x62,0x1b,0x96,0x72,0x07,0x0f,0x02,
    0x00,0x01,0x1f,0x51,0xe0,0x01,0x10,0x0c,0x9e,0x36,0x0f,0x02,0x00,0x03,0x0f,0x8e,
    0x07,0xff,0x5c,0x1f,0xba,0x72,0x07,0x02,0x0e,0x02,0x00,0x0f,0xa2,0x05,0x11,0x0f,
    0xe0,0x01,0x13,0x5f,0x79,0xce,0x79,0xce,0xdb,0x44,0x8b,0x78,0x0f,0x02,0x00,0xc7,
    0x3f,0xdd,0xff,0x2f,0x72,0x07,0x06,0x0c,0x02,0x00,0x0f,0xe0,0x01,0x11,0x04,0x9a,
    0x36,0x0f,0x02,0x00,0x13,0x0f,0x1c,0x0f,0xff,0x4e,0x0f,0x72,0x07,0x0d,0x0a,0x02,
    0x00,0x1f,0x2f,0xe7,0x02,0x10,0x04,0x52,0x45,0x0f,0x02,0x00,0x17,0x0f,0xf2,0x46,
    0x3d,0x0f,0x02,0x00,0xf5,0x3f,0x96,0xff,0xe8,0x4e,0x09,0x0a,0x0e,0x02,0x00,0x1f,
    0x96,0x3b,0x01,0x12,0x0f,0x20,0x0d,0x07,0x0f,0x02,0x00,0x05,0x1f,0xba,0x06,0x67,
    0x02,0x0f,0x02,0x00,0xff,0x2a,0x3f,0xba,0xff,0x0c,0x96,0x05,0x16,0x04,0x02,0x00,
    0x1f,0xe8,0x0e,0x39,0x14,0x04,0x16,0x56,0x0f,0x02,0x00,0x1b,0x0f,0x00,0x3e,0x3d,
    0x0f,0x02,0x00,0xe7,0x0f,0x72,0x07,0x19,0x08,0x02,0x00,0x0f,0x1e,0x0d,0x11,0x02,
    0x02,0x00,0x0f,0xd6,0x52,0x05,0x0f,0x02,0x00,0x0d,0x0f,0x2c,0x40,0x2d,0x0f,0x02,
    0x00,0xf1,0x1f,0x74,0xe4,0x0e,0x0c,0x0f,0x02,0x00,0x03,0x2f,0xc6,0xfe,0x84,0x16,
    0x1d,0x04,0x98,0x41,0x0f,0x02,0x00,0x1b,0x0f,0x6a,0x70,0x69,0x0f,0x02,0x00,0xaf,
    0x1f,0xb8,0x72,0x07,0x1e,0x02,0x02,0x00,0x1f,0x2f,0x7e,0x16,0x18,0x06,0x02,0x00,
    0x0f,0x64,0x61,0x03,0x0f,0x02,0x00,0x0f,0x0f,0x8e,0x07,0xff,0x24,0x0f,0x7a,0x14,
    0x09,0x0f,0x02,0x00,0x09,0x1f,0xea,0x98,0x05,0x18,0x0e,0x02,0x00,0x0f,0xfe,0x82,
    0x11,0x0f,0x02,0x00,0x01,0x0f,0xc6,0x14,0xff,0x1c,0x3f,0xfe,0xff,0x51,0x4e,0x09,
    0x1e,0x5f,0xa5,0xfe,0xa5,0xfe,0xc7,0x32,0x0b,0x14,0x0f,0x02,0x00,0x0b,0x0f,0x04,
    0x82,0x05,0x0f,0x02,0x00,0x0d,0x2f,0x3c,0xe7,0x58,0x00,0x0b,0x0f,0x02,0x00,0xf5,
    0x0c,0xec,0x1b,0x0f,0x02,0x00,0x13,0x1f,0xc6,0x8e,0x14,0x12,0x0f,0x02,0x00,0x15,
    0x08,0x08,0x4b,0x0f,0x02,0x00,0x17,0x0f,0x02,0x73,0x73,0x0f,0x02,0x00,0x89,0x1f,
    0xdc,0x7a,0x14,0x14,0x0c,0x02,0x00,0x3f,0x0d,0xff,0xdc,0xd7,0x00,0x3c,0x2f,0xbe,
    0xf7,0x7a,0x18,0x11,0x0e,0x02,0x00,0x0f,0x5c,0x32,0x81,0x0f,0x02,0x00,0x75,0x1f,
    0xdc,0x34,0x18,0x10,0x0e,0x02,0x00,0x1f,0xea,0x2c,0x0b,0x1e,0x0f,0x02,0x00,0x15,
    0x0f,0x8e,0x07,0x21,0x0f,0xb2,0x52,0x33,0x0f,0x02,0x00,0xc3,0x0f,0xa8,0x1f,0x01,
    0x0f,0x02,0x00,0x0b,0x3f,0xc7,0xfe,0x74,0x0b,0x01,0x4c,0x0f,0x20,0x1e,0x0d,0x0e,
    0x02,0x00,0x0f,0x4c,0x52,0x37,0x0f,0x02,0x00,0xbb,0x1f,0x96,0x54,0x09,0x1e,0x2f,
    0x51,0xff,0xa3,0x12,0x14,0x0f,0x02,0x00,0x2a,0x0f,0xe8,0x93,0x15,0x04,0x02,0x00,
    0x0f,0xf6,0x10,0xff,0x06,0x0f,0x8a,0x21,0x07,0x0f,0x02,0x00,0x01,0x1f,0x0c,0x72,
    0x07,0x3e,0x0f,0x02,0x00,0x09,0x0f,0x8e,0x07,0x19,0x0f,0x88,0x4e,0x33,0x0f,0x02,
    0x00,0xbf,0x0f,0x9e,0x05,0x17,0x1f,0xe8,0x72,0x07,0x46,0x0f,0x02,0x00,0x09,0x04,
    0x90,0x89,0x0f,0x02,0x00,0x0d,0x0f,0xe0,0x01,0xff,0x06,0x0f,0x1e,0x1a,0x13,0x1f,
    0xc6,0x72,0x07,0x4e,0x0f,0x02,0x00,0x09,0x0f,0xc6,0x14,0x11,0x0f,0xa0,0x05,0xff,
    0x06,0x0f,0x22,0x1a,0x11,0x0f,0x7a,0x14,0x23,0x0f,0x02,0x00,0x39,0x0f,0xc6,0x14,
    0x0f,0x0f,0x60,0x09,0xff,0x06,0x1f,0x74,0x60,0x09,0x0c,0x2f,0x0c,0xff,0x7a,0x14,
    0x29,0x0f,0x02,0x00,0x39,0x0f,0x2e,0x92,0x09,0x0f,0x20,0x0d,0xff,0x08,0x1f,0xfe,
    0x2a,0x1a,0x08,0x1f,0xe8,0x7a,0x14,0x32,0x0f,0x02,0x00,0x39,0x0f,0x8e,0x07,0x03,
    0x0f,0xc2,0x12,0xff,0x0c,0x0f,0x22,0x0d,0x03,0x0f,0x7a,0x14,0x3b,0x0f,0x02,0x00,
    0x39,0x0c,0x8e,0x07,0x0f,0x10,0x2f,0xff,0x10,0x1d,0x96,0xc4,0x03,0x1f,0x0d,0x72,
    0x07,0x6e,0x0f,0x02,0x00,0x09,0x31,0xdf,0xff,0x1c,0x92,0xb5,0x4f,0x9a,0xd6,0xdb,
    0xde,0x98,0x25,0xff,0x14,0x33,0xdc,0xff,0x2f,0xa6,0x14,0x3f,0xc6,0xfe,0x0d,0x72,
    0x07,0x76,0x0f,0x02,0x00,0xff,0x3e,0x1f,0xdd,0xb6,0x03,0x8a,0x0f,0x02,0x00,0xff,
    0xff,0xff,0xff,0xff,0xff,0xff,0xff,0xff,0xff,0xff,0xff,0xff,0xff,0xff,0xff,0xff,
    0xff,0xff,0xff,0xff,0xff,0xff,0xff,0xff,0xff,0xff,0xff,0xff,0xff,0xff,0xff,0xff,
    0xff,0xff,0xff,0xff,0xff,0xff,0xff,0xff,0xff,0xff,0xff,0xff,0xff,0xff,0xff,0xff,
    0xff,0xff,0xff,0xff,0xff,0x4f,0x7f,0x1a,0xff,0xd4,0xfd,0x92,0xfd,0x72,0x02,0x00,
    0x2c,0x5f,0x92,0xfd,0x56,0xfe,0x5c,0x77,0x36,0xff,0x15,0x8f,0xfe,0xf7,0xd8,0xbf,
    0xd4,0x9f,0xd4,0x97,0x02,0x00,0x2b,0x4f,0xd5,0x9f,0xd8,0xbf,0x71,0x01,0x0d,0x6f,
    0x7d,0xff,0x30,0xfd,0x4b,0xfc,0x02,0x00,0x37,0x3f,0x92,0xfd,0xbe,0x73,0x00,0x0d,
    0x0f,0x02,0x00,0xec,0x6f,0xfe,0xf7,0xd2,0x87,0xa8,0x2f,0x02,0x00,0x35,0x4f,0xaa,
    0x3f,0xd4,0x9f,0x51,0x01,0x07,0x3f,0x5c,0xff,0x6d,0xdc,0x01,0x38,0x02,0x02,0x00,
    0x1f,0xae,0x2a,0xe4,0x34,0x0f,0x02,0x00,0xc3,0x4f,0xfe,0xf7,0xad,0x57,0xdc,0x01,
    0x35,0x04,0x02,0x00,0x2f,0xae,0x67,0x2c,0x01,0x03,0x3f,0xdf,0xff,0xae,0xde,0x01,
    0x3e,0x5f,0x4b,0xfc,0x4b,0xfc,0x51,0xc8,0x89,0xfa,0x0a,0x02,0x00,0x0f,0xde,0x01,
    0x3f,0x6a,0xa8,0x2f,0xa8,0x2f,0xd2,0x87,0x66,0x00,0x02,0x02,0x00,0x22,0x56,0xfe,
    0x90,0x01,0x0f,0x02,0x00,0x3f,0x12,0x1a,0x61,0x00,0x0f,0x02,0x00,0xfe,0x22,0xd7,
    0xb7,0x90,0x01,0x0f,0x02,0x00,0x3f,0x0f,0x05,0x80,0x01,0x1f,0x10,0x7a,0x07,0x3a,
    0x08,0x02,0x00,0x1f,0xd4,0xc2,0x03,0xff,0x05,0x2f,0xae,0x67,0xda,0x01,0x3f,0x02,
    0x02,0x00,0x0f,0xc2,0x03,0x01,0x1f,0x4c,0x9e,0x05,0x42,0x4f,0x4b,0xfc,0x4b,0xfc,
    0x82,0x9c,0xeb,0x0f,0x02,0x00,0x07,0x22,0xa9,0x37,0x8e,0x01,0x0f,0x02,0x00,0x3f,
    0x2c,0xad,0x57,0x76,0x00,0x22,0xdf,0xff,0x8c,0x01,0x0f,0x02,0x00,0x41,0x0f,0x0e,
    0xc0,0x11,0x0f,0x02,0x00,0xe1,0x0f,0xd8,0x01,0x3f,0x04,0x02,0x00,0x0e,0xe0,0x01,
    0x3f,0xff,0xff,0x8d,0xc0,0x03,0x46,0x0f,0x62,0x09,0xff,0x06,0x0f,0xc0,0x03,0x59,
    0x3f,0xff,0xff,0x92,0x80,0x07,0x46,0x0f,0x4c,0x91,0xff,0x00,0x02,0x02,0x00,0x0f,
    0x80,0x07,0x47,0x22,0xd4,0x97,0x62,0x00,0x08,0x02,0x00,0x1f,0x3b,0xa2,0x05,0x44,
    0x1f,0x6d,0x02,0x0f,0xff,0x07,0x24,0xd8,0xbf,0x50,0x05,0x0f,0x02,0x00,0x3d,0x0f,
    0x40,0x0b,0x01,0x3f,0xff,0xff,0xd4,0xc2,0x03,0x42,0x0f,0x7c,0xab,0xe3,0x0f,0x02,
    0x00,0x13,0x0f,0xc2,0x03,0x43,0x0f,0xbe,0x03,0x01,0x02,0x02,0x00,0x0f,0xe2,0x01,
    0x3d,0x1f,0x4c,0x9c,0x05,0xff,0x07,0x02,0x02,0x00,0x0f,0xc0,0x12,0x41,0x22,0xd0,
    0x7f,0x5c,0x00,0x0f,0x02,0x00,0x03,0x2f,0xda,0xfe,0x82,0x16,0x35,0x4f,0x4c,0xfc,
    0x72,0xfd,0x62,0x18,0xff,0x12,0x4f,0xd4,0x97,0xaa,0x3f,0xa0,0x05,0x35,0x4f,0xaa,
    0x3f,0xd6,0xaf,0xd8,0x01,0x03,0x08,0x02,0x00,0x5f,0xbe,0xff,0x5c,0xff,0x1a,0x02,
    0x00,0x2c,0x2f,0x5c,0xff,0x48,0x91,0xff,0x0e,0x08,0x02,0x00,0x6f,0xfa,0xcf,0xd6,
    0xaf,0xd5,0xa7,0x02,0x00,0x2b,0x48,0xd7,0xb7,0xfa,0xcf,0x54,0x00,0x0f,0x02,0x00,
    0xff,0xff,0xff,0xff,0xff,0xff,0xff,0xff,0xff,0xff,0xff,0xff,0xff,0xff,0xff,0xff,
    0xff,0xff,0xff,0xff,0xff,0xff,0xff,0xff,0xff,0xff,0xff,0xff,0xff,0xff,0xff,0xff,
    0xff,0xff,0xff,0xff,0xff,0xff,0xff,0xff,0xff,0xff,0xff,0xff,0xff,0xff,0xff,0xff,
    0xff,0xff,0xff,0xff,0xff,0xff,0xdc,0x9f,0xf7,0xbe,0xd7,0xbe,0xcf,0xbe,0xcf,0xdf,
    0xef,0xc2,0x36,0xff,0x18,0x71,0xdf,0xf7,0x5e,0xd7,0x5e,0xd7,0xdf,0xe4,0xf8,0x0f,
    0x02,0x00,0x8a,0x72,0xf7,0x7d,0xaf,0x1c,0x77,0xfc,0x6e,0x02,0x00,0x4f,0x3c,0x87,
    0xbe,0xd7,0xae,0x00,0x8a,0x0f,0x02,0x00,0x72,0xff,0x01,0x1d,0xc7,0xf8,0x4c,0xd6,
    0x13,0xd6,0x13,0xd6,0x13,0xf6,0x13,0xf8,0x4c,0x1d,0xc7,0x95,0x00,0x72,0x0f,0x02,
    0x00,0x02,0x26,0x9e,0xbf,0xdc,0x01,0x04,0x02,0x00,0x1f,0x9e,0xd4,0x54,0x0e,0x0f,
    0x02,0x00,0xeb,0x22,0xba,0x7d,0xdc,0x01,0x06,0x02,0x00,0x3f,0x19,0x55,0x9e,0xf8,
    0xa9,0x80,0x44,0xbe,0xd7,0x1c,0x7f,0xd4,0x01,0x0a,0x02,0x00,0x1f,0xbe,0x76,0x3c,
    0xff,0x09,0x26,0xfb,0x8d,0xd8,0x01,0x06,0x02,0x00,0x4f,0xf6,0x1b,0xba,0x7d,0xac,
    0x05,0x79,0x4a,0xdf,0xe7,0x5d,0x97,0xd4,0x01,0x08,0x02,0x00,0x1f,0x1c,0x10,0x42,
    0x0a,0x0f,0x02,0x00,0xe9,0x31,0x5e,0xd7,0xf6,0x98,0x05,0x0f,0x02,0x00,0x01,0x4f,
    0x57,0x2c,0x7c,0xa6,0x1c,0x01,0x72,0x58,0xf7,0x7d,0xaf,0x1c,0x6f,0xd0,0x01,0x0e,
    0x02,0x00,0x0f,0xc2,0x03,0xff,0x06,0x2f,0x9a,0x75,0xda,0x01,0x01,0x06,0x02,0x00,
    0x2f,0x98,0x3c,0x8e,0x07,0x6d,0x2e,0x9e,0xc7,0x72,0x07,0x0e,0x02,0x00,0x1f,0x7d,
    0xf4,0x43,0x10,0x0f,0x02,0x00,0xe1,0x26,0x98,0x3c,0xcc,0x01,0x0f,0x02,0x00,0x03,
    0x4f,0xf6,0x13,0x59,0x65,0x8e,0x07,0x65,0x4e,0xbe,0xd7,0x3c,0x87,0xcc,0x01,0x0f,
    0x02,0x00,0x01,0x2f,0x5d,0xa7,0xbe,0x01,0xe1,0x0f,0x02,0x00,0x0f,0x2f,0x17,0x1c,
    0xd6,0x01,0x03,0x0a,0x02,0x00,0x4f,0xf6,0x1b,0xfb,0x8d,0xac,0x46,0x5d,0x2f,0xdf,
    0xef,0x72,0x07,0x09,0x0c,0x02,0x00,0x0f,0xc0,0x03,0xff,0x06,0x2a,0x57,0x2c,0xca,
    0x01,0x0f,0x02,0x00,0x07,0x4f,0x57,0x2c,0xbd,0xb6,0x30,0x02,0x0f,0x0f,0x02,0x00,
    0x35,0x2f,0x7e,0xb7,0x96,0x05,0x11,0x06,0x02,0x00,0x0f,0x80,0x07,0xff,0x06,0x2f,
    0x19,0x55,0xd2,0x01,0x07,0x0e,0x02,0x00,0x3f,0xf8,0x4c,0x5e,0x4e,0x10,0x50,0x2f,
    0xbe,0xcf,0x08,0x0d,0x05,0x0f,0x02,0x00,0x05,0x3f,0x1c,0x77,0xff,0x98,0x11,0x8f,
    0x0f,0x02,0x00,0x62,0x2e,0x7c,0xa6,0xc6,0x01,0x0f,0x02,0x00,0x0b,0x3f,0x9a,0x75,
    0xbf,0x16,0x14,0x48,0x2f,0xdf,0xe7,0x72,0x07,0x15,0x08,0x02,0x00,0x1f,0x9e,0x92,
    0x11,0x88,0x0f,0x02,0x00,0x6d,0x0f,0x62,0x09,0x0f,0x0c,0x02,0x00,0x4f,0x17,0x1c,
    0x3b,0x9e,0xb6,0x00,0x42,0x38,0xf7,0x5d,0xa7,0xb6,0x01,0x0f,0x02,0x00,0x15,0x0f,
    0x7c,0x07,0xff,0x06,0x02,0x02,0x00,0x2f,0x5e,0xd7,0x84,0x07,0x17,0x06,0x02,0x00,
    0x2f,0x98,0x3c,0x8e,0x07,0x3d,0x0f,0x7a,0x14,0x01,0x0f,0x02,0x00,0x0f,0x2f,0x1c,
    0x77,0xbc,0x03,0xff,0x0a,0x02,0x02,0x00,0x24,0x9e,0xe7,0x7e,0x16,0x0f,0x02,0x00,
    0x1b,0x2f,0x19,0x55,0x8e,0x07,0x35,0x0f,0x72,0x07,0x1f,0x8f,0xfc,0x6e,0xfc,0x6e,
    0x1c,0x6f,0x7d,0xaf,0x78,0x07,0xff,0x06,0x0c,0x02,0x00,0x2f,0xbd,0xb6,0xc6,0x03,
    0x21,0x0f,0xc6,0x14,0x31,0x0f,0x7a,0x14,0x0b,0x0f,0x02,0x00,0x07,0x3f,0x5d,0x97,
    0xdf,0x24,0x17,0x80,0x0f,0x02,0x00,0x87,0x6f,0xdf,0xff,0xfb,0x8d,0xf6,0x1b,0xc2,
    0x03,0x1b,0x6f,0xd6,0x13,0xd6,0x13,0x57,0x2c,0x8e,0x07,0x28,0x3f,0xf7,0x7d,0xaf,
    0xc2,0x01,0x07,0x0f,0x02,0x00,0x07,0x2f,0x3c,0x87,0x10,0x0d,0xff,0x06,0x0f,0x02,
    0x00,0x0b,0x4f,0x9e,0xe7,0x59,0x65,0x90,0x16,0x07,0x0f,0x02,0x00,0x07,0x0f,0xc6,
    0x14,0x23,0x0f,0x7a,0x14,0x13,0x0c,0x02,0x00,0x2f,0x1c,0x77,0x10,0x1c,0xff,0x0e,
    0x0f,0x02,0x00,0x0b,0x2f,0x1d,0xc7,0x52,0x0b,0x1f,0x3f,0xd6,0x13,0xd6,0xc6,0x14,
    0x1e,0x0f,0x9e,0x12,0x19,0x06,0x02,0x00,0x2f,0x5d,0xa7,0x72,0x07,0xff,0x16,0x0f,
    0x02,0x00,0x09,0x2f,0x7c,0xa6,0x8e,0x07,0x21,0x2f,0x17,0x1c,0x54,0x0b,0x17,0x0f,
    0x0a,0x0d,0x21,0x2f,0x3c,0x87,0x72,0x07,0xff,0x1c,0x0f,0x02,0x00,0x09,0x4f,0xdf,
    0xf7,0xba,0x7d,0x8e,0x07,0x1f,0x2f,0xf6,0x1b,0x6e,0x1a,0x13,0x26,0xdf,0xe7,0x92,
    0x03,0x0f,0x02,0x00,0x13,0x2f,0x1c,0x7f,0x72,0x07,0xff,0x24,0x0f,0x02,0x00,0x09,
    0x2f,0x5e,0xd7,0xbe,0x14,0x1b,0x6f,0xd6,0x13,0xd6,0x13,0x98,0x3c,0x52,0x00,0x09,
    0x04,0x02,0x00,0x0f,0xbe,0x03,0x1b,0x44,0x1c,0x77,0x7e,0xb7,0x3a,0x00,0x0f,0x02,
    0x00,0xff,0x3e,0x2f,0xbd,0xb6,0x8e,0x07,0x1b,0x2f,0xf6,0x13,0xa4,0x05,0x11,0x0f,
    0x60,0x16,0x19,0x2f,0x5d,0xa7,0x26,0x29,0xff,0x1a,0x0f,0x02,0x00,0x21,0x2f,0x3b,
    0x9e,0x46,0x1c,0x13,0x02,0x02,0x00,0x1f,0xba,0x61,0xf2,0x10,0x0f,0x1c,0x1a,0x15,
    0x0f,0x1e,0x29,0xff,0x14,0x0f,0x02,0x00,0x2f,0x4f,0xbf,0xef,0x9a,0x75,0x38,0x0d,
    0x15,0x2f,0x59,0x65,0x70,0x00,0x0f,0x0f,0xc0,0x03,0x11,0x2f,0x1c,0x7f,0x7a,0x14,
    0xff,0x10,0x0f,0x02,0x00,0x39,0x2f,0x5e,0xd7,0xc6,0x14,0x13,0x2f,0x9a,0x75,0x76,
    0x00,0x0f,0x0f,0x1c,0x0d,0x0d,0x2f,0x1c,0x77,0x7a,0x14,0xff,0x18,0x0f,0x02,0x00,
    0x39,0x0f,0xc6,0x14,0x11,0x0f,0xce,0x12,0x11,0x2f,0xbe,0xd7,0x36,0x0b,0x09,0x2f,
    0x5d,0x97,0x72,0x07,0xff,0x4e,0x0f,0x02,0x00,0x07,0x4f,0xdf,0xff,0xfb,0x8d,0x8e,
    0x07,0x09,0x2f,0xf6,0x1b,0xac,0x25,0x13,0x0f,0xc2,0x03,0x05,0x0f,0x72,0x07,0xff,
    0x56,0x0f,0x02,0x00,0x09,0x0f,0xc6,0x14,0x09,0x0f,0x5e,0x09,0x11,0x01,0x02,0x00,
    0x1e,0xf7,0xc8,0x1f,0x0f,0x7a,0x14,0xff,0x2e,0x0f,0x02,0x00,0x39,0x06,0xd2,0x32,
    0x08,0x02,0x00,0x2f,0xf8,0x4c,0x64,0x00,0x19,0x08,0x48,0x34,0x0f,0x72,0x07,0xff,
    0x66,0x0f,0x02,0x00,0x09,0x0a,0xc6,0x14,0x4f,0xf6,0x13,0x9a,0x75,0x64,0x29,0x1e,
    0x9f,0xf7,0xbe,0xcf,0x7e,0xb7,0x7e,0xb7,0xbe,0xcf,0x56,0x16,0xff,0x32,0x0f,0x02,
    0x00,0x3f,0xcf,0xdf,0xff,0xbd,0xb6,0x9a,0x75,0x19,0x55,0x59,0x65,0xfb,0x8d,0x78,
    0x07,0x13,0x0f,0x02,0x00,0xff,0xff,0xff,0xff,0x35,0xff,0x00,0xbe,0xf7,0xd3,0x9c,
    0x69,0x4a,0x03,0x21,0x03,0x21,0x28,0x42,0x50,0x8c,0x7d,0x0e,0x2a,0x48,0x0f,0x02,
    0x00,0x3b,0xdf,0xdd,0xe6,0xda,0xbc,0x98,0xa3,0x58,0x9b,0xf9,0xab,0x7b,0xcd,0x7e,
    0x10,0x2c,0xff,0x05,0x86,0xff,0xff,0x59,0xce,0x65,0x29,0x61,0x10,0x02,0x00,0x4f,
    0xe3,0x20,0xb6,0xb5,0x88,0x01,0x3b,0x0f,0x02,0x00,0x41,0x66,0xdf,0xff,0x79,0xb4,
    0x56,0x8a,0x02,0x00,0x4f,0x76,0x8a,0x7b,0xcd,0x68,0x00,0x41,0x0f,0x02,0x00,0xad,
    0x46,0x59,0xce,0xa2,0x18,0xdc,0x01,0x02,0x02,0x00,0x3f,0x81,0x10,0x96,0xe2,0x01,
    0x8c,0x46,0xdf,0xff,0x98,0xa3,0xdc,0x01,0x04,0x02,0x00,0x2f,0x1a,0xc5,0x8e,0x01,
    0xad,0x0f,0x02,0x00,0x3d,0x2a,0xbe,0xf7,0xbc,0x03,0x04,0x02,0x00,0x2f,0xe3,0x18,
    0x68,0xd0,0x8b,0x24,0xda,0xbc,0xd4,0x01,0x0a,0x02,0x00,0x2f,0x7d,0xde,0x22,0x01,
    0x3d,0x0f,0x02,0x00,0xab,0x24,0x50,0x8c,0xd2,0x01,0x0c,0x02,0x00,0x2f,0xce,0x7b,
    0xda,0x00,0x87,0x37,0x9f,0xf7,0x76,0x9a,0x05,0x08,0x02,0x00,0x2f,0x17,0x9b,0xb6,
    0x00,0x87,0x0f,0x02,0x00,0x5f,0x2e,0x1c,0xe7,0x9c,0x05,0x04,0x02,0x00,0x2f,0xc6,
    0x39,0x90,0x00,0x5f,0x0f,0x02,0x00,0x15,0x28,0xdc,0xd5,0xd4,0x01,0x0a,0x02,0x00,
    0x0f,0x86,0x07,0xf9,0x24,0x2c,0x63,0xce,0x01,0x0e,0x02,0x00,0x2f,0x81,0x10,0x6e,
    0x01,0x15,0x0f,0x02,0x00,0x5f,0x0f,0x9e,0x05,0x05,0x6f,0x56,0x8a,0x56,0x8a,0x96,
    0x8a,0x4a,0x0b,0xf5,0x2e,0x38,0xc6,0xd6,0x01,0x08,0x02,0x00,0x0f,0xb8,0x01,0x5f,
    0x0f,0x02,0x00,0x15,0x0f,0xe0,0x01,0x09,0x4f,0x56,0x8a,0x79,0xb4,0x48,0x00,0x15,
    0x0f,0x02,0x00,0xcb,0x28,0xe7,0x39,0xce,0x01,0x0c,0x02,0x00,0x2f,0x85,0x31,0xfe,
    0x00,0x87,0x22,0x7b,0xcd,0xac,0x03,0x0f,0x02,0x00,0x03,0x4f,0x76,0x8a,0xdd,0xe6,
    0xbc,0x00,0x87,0x0f,0x02,0x00,0x55,0x2c,0xd3,0x9c,0xd2,0x01,0x0a,0x02,0x00,0x0f,
    0x60,0x09,0x89,0x2f,0x1e,0xef,0xda,0x01,0x03,0x04,0x02,0x00,0x2f,0x98,0xa3,0x46,
    0x01,0x55,0x0f,0x02,0x00,0x85,0x4a,0x9e,0xf7,0x03,0x21,0xd0,0x01,0x0a,0x02,0x00,
    0x3f,0xa2,0x18,0x3c,0xcc,0x34,0x8a,0x24,0xf9,0xab,0xcc,0x01,0x0f,0x02,0x00,0x03,
    0x2f,0xdc,0xd5,0x7a,0x01,0x85,0x0f,0x02,0x00,0x53,0x2a,0xce,0x7b,0xd0,0x01,0x0c,
    0x02,0x00,0x2f,0x50,0x8c,0x88,0x00,0x53,0x0f,0x02,0x00,0x25,0x2f,0x1e,0xef,0x22,
    0x0d,0x05,0x02,0x02,0x00,0x2f,0x17,0x9b,0xba,0x1b,0x1e,0x0f,0x02,0x00,0xb8,0x2f,
    0xfb,0xde,0x18,0x0d,0x07,0x6f,0x61,0x10,0x61,0x10,0x44,0x29,0xe0,0xf5,0x35,0xdf,
    0xf7,0xcd,0x0e,0x9c,0x4b,0x83,0xe9,0x7a,0x4b,0x83,0xd1,0xac,0xfb,0x16,0x07,0x3a,
    0x0f,0x64,0x09,0x0b,0x0f,0x28,0x0d,0xeb,0x22,0xaa,0x52,0xc8,0x01,0x0f,0x02,0x00,
    0x05,0x2f,0x34,0xad,0xcd,0x02,0x31,0x68,0x5c,0xef,0xac,0x93,0xe9,0x7a,0x02,0x00,
    0x1f,0x33,0xf6,0x14,0x38,0x42,0x9f,0xf7,0xd7,0x92,0xac,0x03,0x0f,0x02,0x00,0x03,
    0x1f,0x76,0x28,0x0d,0xe6,0x2f,0xf7,0xbd,0xd8,0x01,0x05,0x02,0x02,0x00,0x2f,0x28,
    0x42,0xde,0x01,0x31,0x48,0x7d,0xf7,0x4b,0x83,0xdc,0x01,0x02,0x02,0x00,0x1f,0xf2,
    0xbc,0x0c,0x38,0x0f,0xe6,0x10,0x09,0x0f,0x28,0x0d,0xe9,0x22,0x85,0x31,0xc8,0x01,
    0x0f,0x02,0x00,0x05,0x2f,0x59,0xce,0xe0,0x01,0x31,0x22,0x90,0xa4,0xd2,0x01,0x0c,
    0x02,0x00,0x2f,0x78,0xd6,0x5e,0x00,0x31,0x82,0xff,0xff,0xff,0xff,0xdf,0xff,0x58,
    0x9b,0xca,0x01,0x0f,0x02,0x00,0x05,0x0f,0x28,0x0d,0xe1,0x0f,0x18,0x0d,0x0d,0x22,
    0x2c,0x63,0x3e,0x01,0x0f,0x02,0x00,0x2b,0x2c,0x1b,0xe7,0xd8,0x01,0x04,0x02,0x00,
    0x2f,0x0e,0x9c,0x5a,0x00,0x2b,0x08,0x02,0x00,0x2f,0x7d,0xde,0xda,0x01,0x05,0x02,
    0x02,0x00,0x0f,0x28,0x0d,0xdf,0x4f,0x7d,0xef,0xe3,0x20,0xb8,0x03,0x05,0x5f,0x61,
    0x10,0x61,0x10,0xe3,0x18,0x0d,0x34,0x24,0x94,0xc5,0xd0,0x01,0x0e,0x02,0x00,0x0f,
    0x7a,0xf2,0x39,0x22,0x19,0xac,0xca,0x01,0x0f,0x02,0x00,0x05,0x0f,0x28,0x0d,0xdd,
    0x0f,0x18,0x0d,0x55,0x2e,0xd1,0xac,0xd8,0x01,0x04,0x02,0x00,0x0f,0x48,0x0b,0x39,
    0x0f,0x28,0x0d,0x0d,0x2f,0xd7,0x92,0xeb,0x5c,0xd9,0x37,0xba,0xd6,0x81,0xa8,0x21,
    0x0e,0x02,0x00,0x2f,0x65,0x29,0x36,0x0e,0x35,0x0f,0x7e,0x07,0x05,0x5f,0xe9,0x7a,
    0xe9,0x7a,0xba,0xa4,0x1d,0x3a,0x2f,0x1a,0xc5,0xbc,0x03,0x05,0x02,0x02,0x00,0x0f,
    0xf4,0x1f,0x83,0x42,0xdf,0xff,0xdb,0xde,0x22,0xfb,0x2f,0x9a,0xd6,0xd0,0x04,0x37,
    0x2e,0x69,0x4a,0xd4,0x01,0x08,0x02,0x00,0x0f,0xb6,0x21,0x37,0x0f,0xe0,0x01,0x57,
    0x2f,0xbf,0xff,0x28,0x0d,0xa1,0x04,0xde,0x01,0x02,0x02,0x00,0x0f,0xe2,0x01,0x33,
    0x28,0xb6,0xb5,0xcc,0x01,0x0e,0x02,0x00,0x28,0x69,0x4a,0xbc,0x08,0x0f,0x02,0x00,
    0x2b,0x0f,0xe0,0x01,0x57,0x0f,0x28,0x0d,0x0f,0x2f,0x19,0xac,0xcc,0x00,0x2b,0x6f,
    0xff,0xff,0xfb,0xde,0x79,0xce,0xb0,0x15,0x3b,0x02,0xd8,0x01,0x06,0x02,0x00,0x0f,
    0x50,0x12,0x2f,0x2f,0xdf,0xff,0x8a,0x23,0x03,0x04,0x02,0x00,0x3f,0x81,0x10,0x9a,
    0xba,0x0c,0x36,0x0f,0xe0,0x01,0x5b,0x1f,0xff,0x8c,0x25,0x02,0x08,0x02,0x00,0x0f,
    0xb6,0x23,0x2b,0x6f,0xba,0xd6,0xba,0xd6,0x7d,0xef,0x56,0x2a,0x3b,0x06,0xda,0x01,
    0x04,0x02,0x00,0x0f,0xe2,0x01,0x2d,0x2f,0x50,0x8c,0x7c,0x07,0x0b,0x0f,0x30,0x1a,
    0x3b,0x0f,0xc0,0x03,0x59,0x48,0xff,0xff,0xdd,0xe6,0xce,0x01,0x0e,0x02,0x00,0x1f,
    0x58,0xb6,0x23,0x28,0x2f,0x3c,0xe7,0xf8,0x02,0x39,0x04,0x02,0x00,0x04,0xd6,0x01,
    0x02,0x02,0x00,0x2f,0xfb,0xde,0xa2,0x05,0x2d,0x3d,0x5d,0xef,0xe3,0x26,0x29,0x08,
    0x02,0x00,0x0f,0x50,0x27,0x3d,0x0f,0xe0,0x01,0x5b,0x1b,0xff,0x2c,0x2b,0x0e,0x02,
    0x00,0x0f,0x28,0x0d,0x27,0x24,0x3c,0xe7,0x6c,0xfe,0x15,0x1c,0x0a,0x00,0x0f,0x02,
    0x00,0x2f,0x22,0x9a,0xd6,0xda,0x01,0x0f,0x60,0x09,0x35,0x0f,0x8a,0x23,0x09,0x5f,
    0x61,0x10,0x61,0x10,0xd3,0x76,0x10,0x38,0x0f,0xa0,0x05,0x5f,0x5f,0xff,0xff,0x7e,
    0xf7,0x96,0x72,0x27,0x04,0x02,0x02,0x00,0x3f,0x96,0x8a,0x9f,0x00,0x2f,0x24,0x22,
    0x3c,0xe7,0x7c,0x07,0x42,0x9e,0xf7,0x79,0xce,0xea,0x01,0x0f,0x64,0x0c,0x31,0x24,
    0xbe,0xf7,0xe0,0x01,0x02,0x98,0x05,0x8f,0xdf,0xff,0x3c,0xe7,0xfb,0xde,0x3c,0xe7,
    0x5c,0x00,0x23,0x2f,0x79,0xce,0x9c,0x05,0x0b,0x2f,0x85,0x31,0x58,0x00,0x23,0x0f,
    0x02,0x00,0x07,0x0f,0xc0,0x03,0x5d,0x0f,0x28,0x0d,0x0f,0x2f,0xda,0xbc,0xae,0x00,
    0x07,0x0f,0x02,0x00,0x0b,0x22,0x1c,0xe7,0x8c,0x01,0x42,0xba,0xd6,0x79,0xce,0x9a,
    0x01,0x0f,0x8c,0x07,0x31,0x11,0x9e,0xe2,0x01,0x02,0xb6,0x09,0x42,0x5d,0xef,0x38,
    0xc6,0x02,0x00,0x2f,0x59,0xce,0x98,0x2c,0x21,0x22,0x28,0x42,0xa6,0x03,0x0f,0x02,
    0x00,0x05,0x2f,0xf7,0xbd,0xe2,0x00,0x0b,0x0f,0x02,0x00,0x1f,0x0f,0xe0,0x01,0x5f,
    0x3f,0xdf,0xff,0x17,0x8e,0x16,0x0a,0x3f,0x76,0x8a,0x1e,0x78,0x33,0x1c,0xff,0x0b,
    0xfb,0xde,0x79,0xce,0xdb,0xde,0xff,0xff,0xff,0xff,0x5d,0xef,0x3c,0xe7,0x3c,0xe7,
    0xbe,0xf7,0x79,0xce,0xdf,0xff,0x79,0xce,0x1c,0xe7,0x10,0x01,0x1f,0x0f,0x02,0x00,
    0x01,0x31,0x7d,0xef,0x79,0xea,0x17,0x22,0x9e,0xf7,0xdc,0x01,0x04,0x02,0x00,0x0f,
    0x8c,0x07,0x1d,0x2f,0x55,0xad,0xd8,0x01,0x05,0x02,0x02,0x00,0x2f,0xaa,0x52,0x7e,
    0x00,0x01,0x0f,0x02,0x00,0x2b,0x0f,0xe0,0x01,0x5f,0x0f,0x28,0x0d,0x0f,0x2f,0xf9,
    0xab,0xd4,0x00,0x19,0x6a,0xba,0xd6,0xba,0xd6,0x5d,0xef,0x4e,0x03,0x42,0x79,0xce,
    0x9a,0xd6,0xa4,0x05,0x0f,0x02,0x00,0x33,0x02,0xca,0x01,0x24,0xdb,0xde,0xda,0x01,
    0x02,0x02,0x00,0x02,0x54,0x02,0x0f,0x02,0x00,0x15,0x39,0xbe,0xf7,0x44,0x5e,0x34,
    0x0c,0x02,0x00,0x2f,0x81,0x10,0x50,0x00,0x1b,0x0f,0x02,0x00,0x13,0x0f,0xe0,0x01,
    0x61,0x0f,0x28,0x0d,0x39,0x22,0x3c,0xe7,0x5c,0x03,0x0a,0x02,0x00,0x2f,0x79,0xce,
    0x4c,0x0b,0x43,0x02,0xd8,0x01,0x04,0x02,0x00,0x0f,0x7a,0x00,0x01,0x0f,0x02,0x00,
    0x07,0x0f,0xa2,0x30,0x07,0x02,0x02,0x00,0x0f,0x18,0x0d,0x3b,0x04,0x02,0x00,0x0f,
    0xe0,0x01,0x63,0x0f,0x28,0x0d,0x0d,0x0f,0xde,0x30,0x17,0x06,0x36,0x0b,0x26,0x3c,
    0xe7,0x90,0x05,0x22,0x3c,0xe7,0x0e,0x09,0x0f,0x02,0x00,0x3b,0x24,0x9a,0xd6,0xda,
    0x01,0x02,0x02,0x00,0x02,0x44,0x02,0x02,0x9a,0x07,0x0f,0x02,0x00,0x0d,0x2f,0x5d,
    0xef,0x8a,0x23,0x0b,0x22,0x03,0x21,0x24,0x04,0x0f,0x02,0x00,0x3d,0x0f,0xe0,0x01,
    0x63,0x0f,0x28,0x0d,0x0f,0x0f,0xde,0x30,0x15,0x22,0x5d,0xef,0xfc,0x08,0x2f,0xbe,
    0xf7,0x92,0x05,0x3b,0x0f,0x02,0x00,0x01,0x22,0x1c,0xe7,0xd8,0x01,0x04,0x02,0x00,
    0x02,0x50,0x02,0x4f,0x9a,0xd6,0xba,0xd6,0xf6,0x0a,0x0f,0x0f,0xbe,0x03,0x0d,0x0f,
    0x18,0x0d,0x3d,0x04,0x02,0x00,0x0f,0xe0,0x01,0x65,0x0f,0x28,0x0d,0x0d,0x0f,0xc2,
    0x03,0x17,0x44,0x1c,0xe7,0x79,0xce,0xa6,0x0e,0x6f,0xff,0xff,0xff,0xff,0xdb,0xde,
    0xbc,0x03,0x41,0x02,0xa8,0x20,0x08,0xa2,0x05,0x42,0x79,0xce,0xdf,0xff,0xa6,0x0b,
    0x4f,0x79,0xce,0x9a,0xd6,0x74,0x00,0x0d,0x0f,0x3a,0x0b,0x0b,0x0f,0x64,0x34,0x47,
    0x0f,0xe0,0x01,0x65,0x0f,0xfc,0x2e,0x0d,0x1f,0x56,0x46,0x0b,0x0c,0x44,0x3c,0xe7,
    0x9a,0xd6,0x36,0x0b,0x11,0x7d,0x36,0x0b,0x7f,0x7d,0xef,0x79,0xce,0xdf,0xff,0xba,
    0x58,0x09,0x3a,0x0c,0x02,0x00,0x33,0xdf,0xff,0xba,0xa4,0x05,0x04,0xb4,0x03,0x06,
    0x80,0x18,0x0f,0x8c,0x0d,0x0b,0x0f,0x74,0x16,0x0b,0x2c,0x38,0xc6,0x6a,0x00,0x0f,
    0x02,0x00,0x35,0x0f,0xe0,0x01,0x67,0x1f,0xff,0x28,0x0d,0x0c,0x0f,0x8c,0x16,0x09,
    0x02,0xcc,0x10,0x24,0x3c,0xe7,0xca,0x10,0x04,0x5e,0x03,0x0f,0xde,0x01,0x4b,0x02,
    0x02,0x00,0x52,0xdf,0xff,0xbe,0xf7,0xdf,0x0b,0x00,0x23,0xff,0x3c,0x72,0x0f,0x02,
    0x02,0x00,0x02,0xb0,0x05,0x0f,0x02,0x00,0x03,0x0f,0x6c,0x25,0x09,0x0f,0x18,0x0d,
    0x41,0x04,0x02,0x00,0x0f,0xe0,0x01,0x69,0x0f,0xb6,0x23,0x0b,0x0f,0xe0,0x01,0x09,
    0x02,0x74,0x07,0x02,0x9a,0x0e,0x06,0xe0,0x08,0x22,0x79,0xce,0x34,0x05,0x0f,0x02,
    0x00,0x53,0x11,0xdf,0xae,0x1a,0x0a,0x02,0x00,0x04,0xd6,0x03,0x0e,0x02,0x00,0x0f,
    0x98,0x14,0x07,0x2f,0xa2,0x18,0x18,0x02,0x09,0x0f,0x02,0x00,0x2d,0x0f,0xe0,0x01,
    0x69,0x0f,0xde,0x30,0x0b,0x0f,0x5e,0x38,0x09,0x13,0x79,0x3e,0x12,0x24,0xdf,0xff,
    0x76,0x07,0x5f,0xff,0xff,0xff,0xff,0x1c,0x36,0x0b,0x42,0x0f,0x02,0x00,0x03,0x2a,
    0x5d,0xef,0xda,0x01,0x06,0x02,0x00,0x0f,0xa8,0x05,0x03,0x1f,0x96,0xf4,0x1d,0x06,
    0x0f,0xa2,0x30,0x4b,0x0f,0xe0,0x01,0x6b,0x0f,0xb6,0x23,0x07,0x0f,0x72,0x27,0x05,
    0x91,0xdb,0xde,0x5d,0xef,0xff,0xff,0xdb,0xde,0xba,0xd2,0x08,0x4f,0x1c,0xe7,0xba,
    0xd6,0x76,0x1f,0x35,0x0f,0x02,0x00,0x1d,0x04,0x0e,0x15,0x0e,0x02,0x00,0x0f,0x90,
    0x03,0x03,0x0f,0x62,0x09,0x03,0x2f,0x65,0x29,0x18,0x0d,0x43,0x04,0x02,0x00,0x0f,
    0xe0,0x01,0x6b,0x0f,0xde,0x30,0x07,0x0f,0x9e,0x05,0x03,0x22,0xdf,0xff,0x90,0x05,
    0x06,0xf6,0x17,0x22,0x9e,0xf7,0x12,0x00,0x0f,0x02,0x00,0x61,0x1f,0x7d,0xc4,0x03,
    0x06,0x02,0x7e,0x02,0x0a,0x02,0x00,0x2e,0x1c,0xe7,0xc0,0x12,0x26,0xe3,0x18,0x7e,
    0x04,0x0f,0x02,0x00,0x43,0x0f,0xe0,0x01,0x6d,0x0f,0x80,0x45,0x17,0x2a,0x7d,0xef,
    0xea,0x02,0x22,0x3c,0xe7,0x7a,0x07,0x22,0xba,0xd6,0x08,0x00,0x0f,0x02,0x00,0x61,
    0x24,0xbe,0xf7,0x9a,0x0d,0x0e,0x02,0x00,0x0e,0x96,0x00,0x2a,0x3c,0xe7,0x78,0x25,
    0x2f,0xe7,0x39,0x44,0x15,0x39,0x0f,0x02,0x00,0x03,0x0f,0xe0,0x01,0x6d,0x01,0x94,
    0x03,0x0f,0x40,0x49,0x0e,0x22,0x7d,0xef,0x48,0x01,0x0f,0xdc,0x06,0x01,0x2f,0xfb,
    0xde,0x26,0x01,0x4f,0x0f,0x02,0x00,0x07,0x06,0x80,0x27,0x0e,0x02,0x00,0x0f,0xc6,
    0x03,0x01,0xaf,0x59,0xce,0xce,0x7b,0xaa,0x52,0xaa,0x52,0xce,0x7b,0x2c,0x1a,0x3f,
    0x0f,0x02,0x00,0x01,0x0f,0xe0,0x01,0x6f,0x02,0xd8,0x21,0x0f,0x00,0x4d,0x09,0x02,
    0x0c,0x1a,0x2f,0xdf,0xff,0xde,0x01,0x01,0x06,0xc8,0x03,0x0f,0x02,0x00,0x67,0x0f,
    0x8a,0x07,0x07,0x0f,0xc6,0x03,0x01,0x0f,0x02,0x00,0x5b,0x0f,0xe0,0x01,0x73,0x0f,
    0x02,0x00,0x0b,0x06,0x64,0x16,0x0f,0x02,0x00,0x85,0x0f,0x8a,0x07,0x07,0x0f,0x58,
    0x2b,0x3b,0x0f,0x02,0x00,0x1f,0x0f,0xe0,0x01,0x8d,0x11,0xdf,0x46,0x10,0x02,0xca,
    0x17,0x0f,0xac,0x03,0x71,0x0f,0x02,0x00,0x05,0x0f,0xa8,0x05,0x09,0x44,0x79,0xce,
    0xfb,0xde,0x12,0x11,0x0f,0x02,0x00,0x5d,0x0f,0xe0,0x01,0x89,0x22,0x7d,0xef,0x90,
    0x12,0x82,0x7d,0xef,0x79,0xce,0x1c,0xe7,0x7d,0xef,0xb6,0x12,0x0f,0x22,0x01,0x5d,
    0x0f,0x02,0x00,0x17,0x0a,0xce,0x12,0x0c,0x02,0x00,0x0f,0xba,0x00,0x63,0x0f,0xe0,
    0x01,0x85,0x64,0xbe,0xf7,0xfb,0xde,0x79,0xce,0x62,0x16,0x06,0x3a,0x01,0x0f,0x26,
    0x01,0x63,0x0f,0x02,0x00,0x15,0x1f,0x9e,0x50,0x0b,0x08,0x4f,0x79,0xce,0x9a,0xd6,
    0x42,0x08,0x03,0x0f,0x02,0x00,0x49,0x0f,0xe0,0x01,0x7f,0x22,0x9e,0xf7,0xd0,0x01,
    0x28,0xdb,0xde,0xdc,0x0e,0xef,0xdf,0xff,0x7d,0xef,0xdf,0xff,0x9a,0xd6,0x7d,0xef,
    0xdf,0xff,0xba,0xd6,0x42,0x10,0x03,0x0f,0x02,0x00,0x73,0x0f,0x6e,0x09,0x09,0x3f,
    0x79,0xce,0xba,0xe6,0x32,0x38,0x0f,0x02,0x00,0x11,0x0f,0xe0,0x01,0x7d,0xec,0x3c,
    0xe7,0x79,0xce,0x7d,0xef,0x3c,0xe7,0x5d,0xef,0xff,0xff,0x9e,0xf7,0x9c,0x12,0x44,
    0x79,0xce,0x1c,0xe7,0xd4,0x03,0x0f,0x02,0x00,0x87,0x0f,0xc6,0x03,0x0b,0x2f,0x79,
    0xce,0xc2,0x1c,0x47,0x0e,0x02,0x00,0x0f,0xe0,0x01,0x7d,0x26,0xdf,0xff,0x82,0x05,
    0x06,0x58,0x09,0x02,0x02,0x00,0x02,0x6e,0x16,0x06,0x20,0x00,0x0f,0x02,0x00,0x89,
    0x06,0x52,0x06,0x0f,0x02,0x00,0x03,0x1f,0xfb,0xe4,0x01,0x54,0x0f,0xe0,0x01,0x75,
    0x2e,0xfb,0xde,0xb8,0x01,0x4a,0xdb,0xde,0xfb,0xde,0xc4,0x01,0x0f,0xc2,0x06,0x61,
    0x0f,0x02,0x00,0x25,0x35,0xbe,0xf7,0xba,0x1c,0x2f,0x0f,0x02,0x00,0x03,0x1f,0xdb,
    0x0e,0x31,0x2e,0x0f,0x02,0x00,0x0f,0x0f,0xe0,0x01,0x6b,0x06,0x74,0x14,0x2e,0x9a,
    0xd6,0x3e,0x28,0x15,0x9a,0x7a,0x14,0x0f,0x50,0x2e,0x25,0x0f,0x02,0x00,0x6d,0x13,
    0x5d,0x78,0x13,0x0f,0x02,0x00,0x07,0x0f,0xe4,0x01,0x4d,0x1f,0xf2,0xe0,0x3d,0x54,
    0x0e,0x02,0x00,0x04,0xc2,0x04,0x02,0x5e,0x14,0x4c,0x3c,0xe7,0x79,0xce,0xe4,0x22,
    0x04,0x8a,0x19,0x2f,0xdf,0xff,0x9a,0x14,0x03,0x0f,0x02,0x00,0x93,0x0f,0x70,0x09,
    0x0b,0x02,0x74,0x09,0x0a,0xde,0x2b,0x0f,0x02,0x00,0x39,0x0f,0xa0,0x41,0x09,0x0c,
    0x70,0x01,0x0f,0x02,0x00,0x39,0xb1,0x9e,0xf7,0x79,0xce,0x1c,0xe7,0xdf,0xff,0xbe,
    0xf7,0xdb,0xfc,0x0f,0x1f,0xbe,0x08,0x1a,0x00,0xa4,0xdb,0xde,0x79,0xce,0x5d,0xef,
    0x9e,0xf7,0xba,0xd6,0xe0,0x10,0x0f,0x02,0x00,0xa3,0x26,0xbe,0xf7,0xc6,0x23,0x0f,
    0x02,0x00,0x07,0x0f,0xbe,0x1e,0x43,0x22,0x3c,0xef,0xac,0x3f,0x0e,0x02,0x00,0x0f,
    0x60,0x45,0x39,0x0e,0x02,0x00,0x0e,0xb8,0x2c,0x02,0xcc,0x10,0x0a,0x02,0x00,0x02,
    0xc2,0x06,0x02,0x02,0x02,0x0f,0x02,0x00,0xab,0x1f,0x9e,0x8e,0x07,0x0e,0x0f,0xca,
    0x03,0x45,0x1f,0x90,0xa2,0x05,0x04,0x1b,0xba,0xdc,0x08,0x0f,0x02,0x00,0x3b,0x24,
    0x3c,0xe7,0x4c,0x23,0x04,0x84,0x07,0x0f,0xa2,0x05,0x01,0x4f,0xff,0xff,0x9e,0xf7,
    0x46,0x04,0x49,0x0f,0x02,0x00,0x5b,0x22,0x7d,0xef,0xb0,0x02,0x0f,0x02,0x00,0x0d,
    0x0f,0x86,0x3a,0x2f,0x08,0x02,0x00,0x2c,0x9e,0xf7,0xbe,0x4e,0x0f,0xc2,0x4e,0x3d,
    0x0f,0x02,0x00,0x01,0x62,0xdf,0xff,0x79,0xce,0xfb,0xde,0x74,0x14,0x23,0xba,0xd6,
    0x28,0x1c,0x5c,0xce,0x1c,0xe7,0x5d,0xef,0x34,0x0b,0x0f,0x02,0x00,0xbb,0x0f,0xe4,
    0x01,0x15,0x4a,0x9a,0xd6,0x1c,0xe7,0xf0,0x1e,0x0f,0x02,0x00,0x27,0x42,0x7d,0xf7,
    0x0e,0x9c,0xd6,0x01,0x04,0x02,0x00,0x1f,0x94,0xe0,0x64,0x50,0x02,0x5c,0x0a,0x35,
    0xdb,0xde,0xdb,0xc0,0x1d,0x44,0xdb,0xde,0x9a,0xd6,0x54,0x09,0x0f,0x02,0x00,0xc9,
    0x0f,0xe4,0x01,0x15,0x02,0x0c,0x11,0x2f,0x5d,0xef,0xc2,0x04,0x31,0xef,0x78,0xd6,
    0x90,0xa4,0xac,0x93,0x4b,0x83,0xac,0x93,0x33,0xb5,0x5c,0xef,0x5e,0x01,0x59,0x06,
    0x8a,0x07,0x11,0x5d,0x48,0x18,0x0f,0x7c,0x00,0x59,0x0f,0x02,0x00,0x67,0x1f,0x9e,
    0x74,0x09,0x12,0x04,0x02,0x00,0x8f,0x9a,0xd6,0xdb,0xde,0x3c,0xe7,0x9e,0xf7,0x86,
    0x1a,0x65,0x0f,0x02,0x00,0x29,0x02,0x98,0x2e,0x02,0x42,0x00,0x0e,0xe4,0x10,0x0f,
    0x02,0x00,0xc9,0x13,0x9e,0x44,0x19,0x0f,0x02,0x00,0x19,0xbb,0x9a,0xd6,0xba,0xd6,
    0xfb,0xde,0x1c,0xe7,0x3c,0xe7,0x5d,0xb0,0x24,0x0f,0x02,0x00,0x7f,0x42,0x9e,0xf7,
    0x3c,0xe7,0x3a,0x0c,0x0f,0x58,0x19,0x5f,0x0f,0x02,0x00,0x75,0x13,0xdf,0x8a,0x31,
    0x0f,0x02,0x00,0x23,0x0f,0x70,0x2d,0x07,0x0f,0x02,0x00,0x71,0x6f,0xfb,0xde,0xba,
    0xd6,0xfb,0xde,0xec,0x37,0x43,0x0f,0x02,0x00,0x9b,0x22,0x7d,0xef,0xe8,0x02,0x0f,
    0x02,0x00,0x1f,0x02,0x9c,0x0a,0x0f,0x02,0x00,0xff,0x92,0x0f,0xca,0x03,0x25,0x0f,
    0xdc,0x01,0xff,0x92,0x06,0x02,0x00,0x31,0x9e,0xf7,0x1c,0x3a,0x37,0x0f,0x02,0x00,
    0x17,0x04,0xbc,0x08,0x0f,0x02,0x00,0xff,0x9a,0x0f,0xe6,0x01,0x19,0x0f,0xd8,0x01,
    0xff,0x9a,0x0a,0x02,0x00,0x51,0xdf,0xff,0x5d,0xef,0xfb,0x14,0x10,0x0f,0x02,0x00,
    0x07,0x0f,0x9a,0x17,0xab,0x0f,0x02,0x00,0xf3,0x53,0xdf,0xff,0x7d,0xef,0x1c,0x6a,
    0x0c,0x0c,0x02,0x00,0x0f,0xfc,0x10,0x31,0x0f,0x02,0x00,0xff,0x7a,0xaf,0xdf,0xff,
    0xdf,0xff,0xbe,0xf7,0xbe,0xf7,0x9e,0xf7,0x9a,0x17,0xb9,0x0f,0x02,0x00,0xff,0xff,
    0xff,0xff,0xff,0xff,0xff,0xff,0xff,0xff,0xff,0xff,0xff,0xff,0xff,0xff,0xff,0xff,
    0xff,0xff,0xff,0xff,0xff,0xff,0xff,0xff,0xff,0xff,0xff,0xff,0xff,0xff,0xff,0xff,
    0xff,0xff,0xff,0xff,0xff,0xff,0xff,0xff,0xff,0xff,0xff,0xff,0xff,0xff,0xff,0xff,
    0xff,0xff,0xff,0xff,0xff,0xff,0xff,0xff,0xff,0xff,0xff,0xff,0xff,0xff,0xff,0xff,
    0xff,0xff,0xff,0xff,0xff,0xff,0xff,0xff,0xff,0xff,0xff,0xff,0xff,0xff,0xff,0xff,
    0xff,0xff,0xff,0xff,0xff,0xff,0xff,0xff,0xff,0xff,0xff,0xff,0xff,0xff,0xff,0xff,
    0xff,0xff,0xff,0xff,0xff,0xff,0xff,0xff,0xff,0xff,0xff,0xff,0xff,0xff,0xff,0xff,
    0xff,0xff,0xff,0xff,0xff,0xff,0xff,0xff,0xff,0xff,0xff,0xff,0xff,0xff,0xff,0xff,
    0xff,0xff,0xff,0xff,0xff,0xff,0xff,0xff,0xff,0xff,0xff,0xff,0xff,0xff,0xff,0xff,
    0xff,0xff,0xff,0xff,0xff,0xff,0xff,0xff,0xff,0xff,0xff,0xff,0xff,0xff,0xff,0xff,
    0xff,0xff,0xff,0xff,0xff,0xff,0xff,0xff,0xff,0xff,0xff,0xff,0xff,0xff,0xff,0xff,
    0xff,0xff,0xff,0xff,0xff,0xff,0xff,0xff,0xff,0xff,0xff,0xff,0xff,0xff,0xff,0xff,
    0xff,0xff,0xff,0xff,0xff,0xff,0xff,0xff,0xff,0xff,0xff,0xff,0xff,0xff,0xff,0xff,
    0xff,0xff,0xff,0xff,0xff,0xff,0xff,0xff,0xff,0xff,0xff,0xff,0xff,0xff,0xff,0xff,
    0xff,0xff,0xff,0xff,0xff,0xff,0xff,0xff,0xff,0xff,0xff,0xff,0xff,0xff,0xff,0xff,
    0xff,0xff,0xff,0xff,0xff,0xff,0xff,0xff,0xff,0xff,0xff,0xff,0xff,0xff,0xff,0xff,
    0xff,0xff,0xff,0xff,0xff,0xff,0xff,0xff,0xff,0xff,0xff,0xff,0xff,0xff,0xff,0xff,
    0xff,0xff,0xff,0xff,0xff,0xff,0xff,0xff,0xff,0xff,0xff,0xff,0xff,0xff,0xff,0xff,
    0xff,0xff,0xff,0xff,0xff,0xff,0xff,0xab,0x50,0xff,0xff,0xff,0xff,0xff,

};

static const LV_ATTRIBUTE_MEM_ALIGN LV_ATTRIBUTE_LARGE_CONST uint8_t HRS_data[] = {

    0x02,0x00,0x00,0x00,0xe8,0x05,0x00,0x00,0x75,0x3c,0x00,0x00,0x1f,0x00,0x01,0x00,
    0x0a,0x2f,0x28,0xfa,0x02,0x00,0x09,0x0f,0x3b,0x00,0x0a,0x01,0x02,0x00,0x0f,0x3e,
    0x00,0x09,0x0f,0x40,0x00,0x11,0x0f,0x02,0x00,0x03,0x0f,0x56,0x00,0x0b,0x04,0x02,
    0x00,0x0f,0x3c,0x00,0x03,0x00,0xf0,0x00,0x04,0x22,0x00,0x0f,0x02,0x00,0x0b,0x02,
    0x2c,0x00,0x0f,0x02,0x00,0x17,0x0f,0x4e,0x00,0x0b,0x0c,0x02,0x00,0x0e,0x58,0x00,
    0x0c,0x22,0x00,0x0f,0x02,0x00,0x0b,0x0e,0x40,0x00,0x0f,0x02,0x00,0x03,0x0f,0x46,
    0x00,0x0b,0x0f,0x02,0x00,0x05,0x06,0x4c,0x00,0x0f,0x22,0x00,0x05,0x0f,0x02,0x00,
    0x0b,0x06,0x40,0x00,0x0f,0x02,0x00,0x05,0x0f,0x40,0x00,0x0b,0x0f,0x02,0x00,0x09,
    0x02,0x52,0x00,0x0f,0x22,0x00,0x09,0x0f,0x02,0x00,0x0b,0x02,0x40,0x00,0x0f,0x02,
    0x00,0x05,0x0f,0x3c,0x00,0x0b,0x0f,0x02,0x00,0x0d,0x0f,0x40,0x00,0x2f,0x0f,0x02,
    0x00,0x05,0x0f,0x7a,0x00,0x0d,0x0f,0x02,0x00,0x4f,0x0f,0x9a,0x00,0x03,0x0f,0x78,
    0x00,0x4f,0x0f,0x02,0x00,0x11,0x0e,0x9c,0x00,0x0f,0x36,0x00,0x11,0x0f,0x02,0x00,
    0x53,0x0a,0x9c,0x00,0x0f,0x74,0x00,0x53,0x0f,0x02,0x00,0x15,0x08,0x9c,0x00,0x0f,
    0x34,0x00,0x15,0x0f,0x02,0x00,0x53,0x06,0x9a,0x00,0x0f,0x70,0x00,0x53,0x0f,0x02,
    0x00,0x19,0x04,0x9c,0x00,0x0f,0x34,0x00,0x19,0x0f,0x02,0x00,0x53,0x02,0x9a,0x00,
    0x0f,0x6c,0x00,0x53,0x0f,0x02,0x00,0x1d,0x0f,0x7a,0x07,0x17,0x0f,0x02,0x00,0x5d,
    0x0f,0x9a,0x00,0x89,0x0f,0x0c,0x01,0x5d,0x0f,0x02,0x00,0xff,0xff,0xff,0xff,0xff,
    0xff,0xff,0xf0,0x0f,0x6e,0x08,0x85,0x0f,0xa0,0x09,0x89,0x0f,0x34,0x01,0x89,0x0f,
    0x9c,0x00,0x81,0x02,0xa2,0x0c,0x0f,0x9c,0x00,0x7f,0x02,0x94,0x00,0x02,0x02,0x00,
    0x0f,0x04,0x0b,0x7b,0x02,0x94,0x00,0x04,0x02,0x00,0x0f,0x9c,0x00,0x77,0x04,0x92,
    0x00,0x06,0x02,0x00,0x0f,0x9c,0x00,0x73,0x06,0x90,0x00,0x06,0x02,0x00,0x0f,0x9a,
    0x00,0x87,0x0f,0x9c,0x00,0x71,0x06,0x28,0x01,0x0c,0x02,0x00,0x0f,0x38,0x01,0x6b,
    0x0c,0x8e,0x00,0x0a,0x02,0x00,0x0f,0x9c,0x00,0x67,0x0a,0x88,0x00,0x0f,0x02,0x00,
    0x01,0x0f,0x9c,0x00,0x63,0x0f,0x8a,0x00,0x01,0x0e,0x02,0x00,0x0f,0x9c,0x00,0x5f,
    0x0e,0x84,0x00,0x0f,0x02,0x00,0x05,0x0f,0x9c,0x00,0x5b,0x0f,0x86,0x00,0x05,0x0f,
    0x02,0x00,0x03,0x0f,0x9c,0x00,0x57,0x0f,0x80,0x00,0x03,0x0f,0x02,0x00,0x09,0x0f,
    0x9c,0x00,0x53,0x0f,0x82,0x00,0x09,0x0f,0x02,0x00,0x07,0x0f,0x9c,0x00,0x4f,0x0f,
    0x7c,0x00,0x07,0x0f,0x02,0x00,0x0d,0x0f,0x9c,0x00,0x4b,0x0f,0x7e,0x00,0x0d,0x0f,
    0x02,0x00,0x0b,0x0f,0x9c,0x00,0x47,0x0f,0x78,0x00,0x0b,0x0f,0x02,0x00,0x11,0x0f,
    0x9c,0x00,0x43,0x0f,0x7a,0x00,0x11,0x0f,0x02,0x00,0x0f,0x0f,0x9c,0x00,0x3f,0x0f,
    0x74,0x00,0x0f,0x0f,0x02,0x00,0x15,0x0f,0x9c,0x00,0x3b,0x0f,0x76,0x00,0x15,0x0f,
    0x02,0x00,0x13,0x0f,0x9c,0x00,0x37,0x0f,0x70,0x00,0x13,0x0f,0x02,0x00,0x19,0x0f,
    0x9c,0x00,0x33,0x0f,0x72,0x00,0x19,0x0f,0x02,0x00,0x17,0x0f,0x9c,0x00,0x2f,0x0f,
    0x6c,0x00,0x17,0x0f,0x02,0x00,0x1d,0x0f,0x9c,0x00,0x2b,0x0f,0x6e,0x00,0x1d,0x0f,
    0x02,0x00,0x1b,0x0f,0x9c,0x00,0x27,0x0f,0x68,0x00,0x1b,0x0f,0x02,0x00,0x21,0x0f,
    0x9c,0x00,0x23,0x0f,0x6a,0x00,0x21,0x0f,0x02,0x00,0x1f,0x0f,0x9c,0x00,0x1f,0x0f,
    0x64,0x00,0x1f,0x0f,0x02,0x00,0x25,0x0f,0x9c,0x00,0x1b,0x0f,0x66,0x00,0x25,0x0f,
    0x02,0x00,0x23,0x0f,0x9c,0x00,0x17,0x0f,0x60,0x00,0x23,0x0f,0x02,0x00,0x29,0x0f,
    0x9c,0x00,0x13,0x0f,0x62,0x00,0x29,0x0f,0x02,0x00,0x27,0x0f,0x9c,0x00,0x0f,0x0f,
    0x5c,0x00,0x27,0x0f,0x02,0x00,0x2d,0x0f,0x9c,0x00,0x0b,0x0f,0x5e,0x00,0x2d,0x0f,
    0x02,0x00,0x2b,0x0f,0x9c,0x00,0x07,0x0f,0x58,0x00,0x2b,0x0f,0x02,0x00,0x33,0x0e,
    0x9e,0x00,0x0f,0x58,0x00,0x33,0x09,0x02,0x00,0xf9,0x00,0x01,0x30,0x70,0xa7,0xcd,
    0xed,0xfc,0xff,0xfe,0xee,0xd1,0xad,0x78,0x38,0x03,0x1c,0x00,0x00,0x79,0x28,0xf2,
    0x00,0x03,0x38,0x78,0xad,0xd1,0xee,0xfe,0xff,0xfc,0xed,0xcd,0xa7,0x70,0x30,0x01,
    0x15,0x00,0x0f,0x02,0x00,0x03,0x48,0x22,0x88,0xe2,0xff,0x01,0x00,0x39,0xe9,0x92,
    0x2c,0x29,0x00,0x38,0x2c,0x92,0xe9,0x1f,0x00,0x49,0xff,0xe2,0x88,0x22,0x20,0x00,
    0x07,0x02,0x00,0x39,0x25,0xa7,0xfc,0x2b,0x00,0x01,0x02,0x00,0x25,0xb4,0x31,0x22,
    0x00,0x21,0x31,0xb4,0x12,0x00,0x09,0x02,0x00,0x35,0xfc,0xa7,0x25,0x20,0x00,0x07,
    0x02,0x00,0x39,0x07,0x85,0xf9,0x27,0x00,0x04,0x02,0x00,0x31,0xfd,0x95,0x0e,0x26,
    0x00,0x34,0x0e,0x95,0xfd,0x13,0x00,0x09,0x02,0x00,0x31,0xf9,0x85,0x07,0x20,0x00,
    0x08,0x02,0x00,0x29,0x25,0xd0,0x23,0x00,0x08,0x02,0x00,0x78,0xdd,0x33,0x00,0x00,
    0x00,0x33,0xdd,0x13,0x00,0x09,0x02,0x00,0x1c,0xd0,0x9d,0x00,0x29,0x40,0xf1,0x20,
    0x00,0x0a,0x02,0x00,0x4f,0xf9,0x54,0x00,0x54,0xb7,0x00,0x03,0x02,0x02,0x00,0x28,
    0xf1,0x40,0x97,0x00,0x2f,0x00,0x4e,0x2c,0x00,0x09,0x4f,0xff,0xff,0xfd,0xa4,0xe3,
    0x00,0x03,0x04,0x02,0x00,0x27,0xf9,0x4e,0x4e,0x00,0x1f,0x3f,0x4c,0x00,0x0b,0x0f,
    0x02,0x00,0x0f,0x25,0xf9,0x3f,0x4e,0x00,0x1f,0x24,0xe4,0x00,0x09,0x0f,0x02,0x00,
    0x13,0x23,0xf1,0x24,0x4e,0x00,0x2f,0x06,0xcc,0x31,0x00,0x13,0x0f,0x02,0x00,0x0a,
    0x22,0xcc,0x06,0x4e,0x00,0x1f,0x80,0x26,0x00,0x0a,0x0f,0x02,0x00,0x15,0x11,0x80,
    0x4d,0x00,0x2f,0x20,0xf7,0x30,0x00,0x15,0x0f,0x02,0x00,0x0a,0x20,0xf7,0x20,0xe8,
    0x2b,0x1f,0xa1,0x24,0x00,0x0a,0x0f,0x02,0x00,0x17,0x6f,0xa1,0x00,0x00,0x00,0x1d,
    0xfa,0x30,0x00,0x17,0x0f,0x02,0x00,0x0a,0x5f,0xfa,0x1d,0x00,0x00,0x82,0x22,0x00,
    0x0a,0x0f,0x02,0x00,0x19,0x4f,0x82,0x00,0x00,0xdb,0x30,0x00,0x19,0x0f,0x02,0x00,
    0x0a,0x3f,0xdb,0x00,0x2c,0x20,0x00,0x0a,0x0f,0x02,0x00,0x1b,0x2f,0x2c,0x6a,0x30,
    0x00,0x1b,0x0f,0x02,0x00,0x0a,0x2f,0x6a,0xa2,0x1f,0x00,0x0a,0x0f,0x02,0x00,0x1b,
    0x2f,0xa2,0xc8,0x30,0x00,0x1b,0x0f,0x02,0x00,0x0a,0x2f,0xc8,0xea,0x1f,0x00,0x0a,
    0x0f,0x02,0x00,0x1b,0x1f,0xea,0x66,0x02,0x35,0x4f,0xff,0xff,0xff,0xff,0x4c,0x00,
    0x39,0x0f,0x02,0x00,0x3c,0x0f,0xcb,0x04,0x2f,0x06,0x02,0x00,0x26,0xf1,0xd8,0x0c,
    0x00,0x0f,0x02,0x00,0x2e,0x2f,0xd8,0xb3,0x43,0x00,0x2e,0x06,0x02,0x00,0x26,0xb3,
    0x84,0x0c,0x00,0x0f,0x02,0x00,0x2e,0x2f,0x84,0x45,0x43,0x00,0x2e,0x06,0x02,0x00,
    0x36,0x45,0x0a,0xf4,0x0d,0x00,0x0f,0x02,0x00,0x2c,0x4f,0xf4,0x0a,0x00,0xa7,0x43,
    0x00,0x2c,0x06,0x02,0x00,0x3f,0xa7,0x00,0x00,0xe8,0x00,0x37,0x56,0x45,0x00,0x00,
    0x01,0xd1,0x5c,0x00,0x0f,0x02,0x00,0x2a,0x6f,0xd1,0x01,0x00,0x00,0x00,0x53,0x43,
    0x00,0x2a,0x06,0x02,0x00,0x11,0x53,0xec,0x06,0x16,0xbe,0x11,0x00,0x0f,0x02,0x00,
    0x28,0x11,0xbe,0x4c,0x00,0x3f,0x00,0x27,0xf5,0x44,0x00,0x28,0x04,0x02,0x00,0x22,
    0xf5,0x27,0x4d,0x00,0x24,0x00,0x63,0x12,0x00,0x0f,0x02,0x00,0x28,0x13,0x63,0x4c,
    0x00,0x3f,0x00,0x00,0x94,0x46,0x00,0x28,0x02,0x02,0x00,0x15,0x94,0x4c,0x00,0x32,
    0x00,0x03,0xac,0x13,0x00,0x0f,0x02,0x00,0x26,0x18,0xac,0x98,0x0b,0x2f,0x06,0xb2,
    0x48,0x00,0x26,0x53,0xff,0xff,0xff,0xff,0xb2,0x03,0x09,0x03,0x02,0x00,0x0f,0x4e,
    0x00,0x2a,0x0b,0x4c,0x00,0x0f,0x4e,0x00,0x2a,0x0d,0x4c,0x00,0x0f,0x4e,0x00,0x28,
    0x0f,0x4c,0x00,0x00,0x0f,0x4e,0x00,0x26,0x0f,0x4c,0x00,0x02,0x42,0x00,0x00,0x06,
    0xbc,0x4f,0x01,0x0f,0x02,0x00,0x1a,0x1a,0xbc,0x7c,0x01,0x06,0x02,0x00,0x1f,0x0a,
    0x59,0x03,0x1f,0x26,0xbe,0x0a,0x3f,0x00,0x0b,0x02,0x00,0x0f,0x4e,0x00,0x1e,0x0f,
    0x4c,0x00,0x08,0x0f,0x4e,0x00,0x1e,0x0f,0x4c,0x00,0x0a,0x0f,0x4e,0x00,0x1c,0x0f,
    0x4c,0x00,0x0c,0x0f,0x4e,0x00,0x1a,0x0f,0x4c,0x00,0x0e,0x0f,0x4e,0x00,0x18,0x0f,
    0x4c,0x00,0x10,0x0f,0x4e,0x00,0x16,0x0f,0x4c,0x00,0x12,0x0f,0x4e,0x00,0x14,0x0f,
    0x4c,0x00,0x14,0x4f,0x00,0x00,0x0a,0xc1,0xb8,0x02,0x0e,0x1f,0xc1,0x60,0x02,0x07,
    0x0c,0x02,0x00,0x2f,0x0f,0xc9,0x4e,0x00,0x0c,0x2c,0xc9,0x0f,0x33,0x00,0x0f,0x02,
    0x00,0x08,0x0f,0x4e,0x00,0x0c,0x0f,0x4c,0x00,0x1a,0x0f,0x4e,0x00,0x0c,0x0f,0x4c,
    0x00,0x1c,0x0f,0x4e,0x00,0x0a,0x0f,0x4c,0x00,0x1e,0x0f,0x4e,0x00,0x08,0x0f,0x4c,
    0x00,0x20,0x0f,0x4e,0x00,0x06,0x0f,0x4c,0x00,0x22,0x0f,0x4e,0x00,0x04,0x0f,0x4c,
    0x00,0x24,0x0f,0x4e,0x00,0x02,0x0f,0x4c,0x00,0x26,0x0f,0x4e,0x00,0x00,0x0f,0x4c,
    0x00,0x28,0x49,0x00,0x00,0x11,0xd3,0xbe,0x02,0x2f,0xd3,0x11,0x9c,0x02,0x08,0x0f,
    0x02,0x00,0x0f,0x18,0x15,0xa9,0x0d,0x2f,0xc8,0x15,0x31,0x00,0x0f,0x0f,0x02,0x00,
    0x0a,0x24,0x08,0x90,0x08,0x13,0x3f,0xfc,0x90,0x08,0x2a,0x00,0x0a,0x0f,0x02,0x00,
    0x12,0x9f,0x23,0x80,0xcb,0xf0,0xff,0xf0,0xcb,0x80,0x23,0x2e,0x00,0x0a,0x50,0x00,
    0x00,0x00,0x00,0x00,

};

static const LV_ATTRIBUTE_MEM_ALIGN LV_ATTRIBUTE_LARGE_CONST uint8_t HRS_8_data[] = {

    0x01,0x00,0x00,0x00,0x88,0x06,0x00,0x00,0x4e,0x28,0x00,0x00,0x10,0x00,0x00,0x8e,
    0x61,0x28,0xe3,0x68,0x65,0xa1,0xa6,0xc9,0xe7,0xe9,0x08,0xfa,0x28,0xfa,0x28,0xfa,
    0xe7,0xe9,0xc7,0xd1,0x65,0xa9,0xe3,0x70,0x61,0x30,0x00,0x00,0x12,0x00,0x00,0x8e,
    0x61,0x30,0xe3,0x70,0x65,0xa9,0xc7,0xd1,0xe7,0xe9,0x28,0xfa,0x28,0xfa,0x08,0xfa,
    0xe7,0xe9,0xa6,0xc9,0x65,0xa1,0xe3,0x68,0x61,0x28,0x00,0x00,0x1c,0x00,0x00,0xb4,
    0x41,0x20,0x24,0x81,0xe7,0xe1,0x28,0xfa,0x28,0xfa,0x28,0xfa,0x28,0xfa,0x28,0xfa,
    0x28,0xfa,0x28,0xfa,0x28,0xfa,0x28,0xfa,0x28,0xfa,0x28,0xfa,0x28,0xfa,0x28,0xfa,
    0xe7,0xe9,0x24,0x91,0x41,0x28,0x00,0x00,0x00,0x00,0x00,0x00,0x00,0x00,0x00,0x00,
    0x00,0x00,0x00,0x00,0x00,0x00,0x00,0x00,0x00,0x00,0x00,0x00,0x00,0x00,0x00,0x00,
    0x41,0x28,0x24,0x91,0xe7,0xe9,0x28,0xfa,0x28,0xfa,0x28,0xfa,0x28,0xfa,0x28,0xfa,
    0x28,0xfa,0x28,0xfa,0x28,0xfa,0x28,0xfa,0x28,0xfa,0x28,0xfa,0x28,0xfa,0x28,0xfa,
    0xe7,0xe1,0x24,0x81,0x41,0x20,0x00,0x00,0x17,0x00,0x00,0x84,0x41,0x20,0x65,0xa1,
    0x08,0xfa,0x28,0xfa,0x11,0x28,0xfa,0x8e,0x86,0xb1,0x61,0x30,0x00,0x00,0x00,0x00,
    0x00,0x00,0x00,0x00,0x00,0x00,0x00,0x00,0x00,0x00,0x00,0x00,0x00,0x00,0x61,0x30,
    0x86,0xb1,0x28,0xfa,0x11,0x28,0xfa,0x84,0x08,0xfa,0x65,0xa1,0x41,0x20,0x00,0x00,
    0x14,0x00,0x00,0x83,0x04,0x81,0x08,0xfa,0x28,0xfa,0x14,0x28,0xfa,0x8c,0x08,0xfa,
    0x24,0x91,0x00,0x08,0x00,0x00,0x00,0x00,0x00,0x00,0x00,0x00,0x00,0x00,0x00,0x08,
    0x24,0x91,0x08,0xfa,0x28,0xfa,0x14,0x28,0xfa,0x83,0x08,0xfa,0x04,0x81,0x00,0x00,
    0x11,0x00,0x00,0x83,0x41,0x20,0xa6,0xc9,0x28,0xfa,0x18,0x28,0xfa,0x88,0xc7,0xd9,
    0x61,0x30,0x00,0x00,0x00,0x00,0x00,0x00,0x61,0x30,0xc7,0xd9,0x28,0xfa,0x18,0x28,
    0xfa,0x94,0xa6,0xc9,0x41,0x20,0x00,0x00,0x00,0x00,0x00,0x00,0x00,0x00,0x00,0x00,
    0x00,0x00,0x00,0x00,0x00,0x00,0x00,0x00,0x00,0x00,0x00,0x00,0x00,0x00,0x00,0x00,
    0x00,0x00,0x00,0x00,0x82,0x38,0x08,0xf2,0x28,0xfa,0x1a,0x28,0xfa,0x86,0x08,0xfa,
    0xa2,0x50,0x00,0x00,0xa2,0x50,0x08,0xfa,0x28,0xfa,0x1a,0x28,0xfa,0x92,0x08,0xf2,
    0x82,0x38,0x00,0x00,0x00,0x00,0x00,0x00,0x00,0x00,0x00,0x00,0x00,0x00,0x00,0x00,
    0x00,0x00,0x00,0x00,0x00,0x00,0x00,0x00,0x00,0x00,0x00,0x00,0xa2,0x48,0x08,0xfa,
    0x28,0xfa,0x1c,0x28,0xfa,0x84,0x08,0xfa,0x45,0xa1,0x08,0xfa,0x28,0xfa,0x1c,0x28,
    0xfa,0x90,0x08,0xfa,0xa2,0x48,0x00,0x00,0x00,0x00,0x00,0x00,0x00,0x00,0x00,0x00,
    0x00,0x00,0x00,0x00,0x00,0x00,0x00,0x00,0x00,0x00,0x00,0x00,0x82,0x38,0x08,0xfa,
    0x28,0xfa,0x3e,0x28,0xfa,0x8e,0x08,0xfa,0x82,0x38,0x00,0x00,0x00,0x00,0x00,0x00,
    0x00,0x00,0x00,0x00,0x00,0x00,0x00,0x00,0x00,0x00,0x00,0x00,0x41,0x20,0x08,0xf2,
    0x28,0xfa,0x40,0x28,0xfa,0x8c,0x08,0xf2,0x41,0x20,0x00,0x00,0x00,0x00,0x00,0x00,
    0x00,0x00,0x00,0x00,0x00,0x00,0x00,0x00,0x00,0x00,0xa6,0xc9,0x28,0xfa,0x42,0x28,
    0xfa,0x8a,0xa6,0xc9,0x00,0x00,0x00,0x00,0x00,0x00,0x00,0x00,0x00,0x00,0x00,0x00,
    0x00,0x00,0x04,0x79,0x28,0xfa,0x44,0x28,0xfa,0x89,0x04,0x79,0x00,0x00,0x00,0x00,
    0x00,0x00,0x00,0x00,0x00,0x00,0x41,0x18,0x08,0xf2,0x28,0xfa,0x44,0x28,0xfa,0x88,
    0x08,0xf2,0x41,0x18,0x00,0x00,0x00,0x00,0x00,0x00,0x00,0x00,0x45,0xa1,0x28,0xfa,
    0x46,0x28,0xfa,0x87,0x45,0xa1,0x00,0x00,0x00,0x00,0x00,0x00,0x20,0x18,0x08,0xfa,
    0x28,0xfa,0x46,0x28,0xfa,0x86,0x08,0xfa,0x20,0x18,0x00,0x00,0x00,0x00,0x04,0x81,
    0x28,0xfa,0x48,0x28,0xfa,0x85,0x04,0x81,0x00,0x00,0x00,0x00,0xc7,0xd9,0x28,0xfa,
    0x48,0x28,0xfa,0x84,0xc7,0xd9,0x00,0x00,0x41,0x28,0x28,0xfa,0x4a,0x28,0xfa,0x83,
    0x41,0x28,0xe3,0x68,0x28,0xfa,0x4a,0x28,0xfa,0x83,0xe3,0x68,0x45,0xa1,0x28,0xfa,
    0x4a,0x28,0xfa,0x83,0x45,0xa1,0xa6,0xc1,0x28,0xfa,0x4a,0x28,0xfa,0x83,0xa6,0xc1,
    0xe7,0xe9,0x28,0xfa,0x4a,0x28,0xfa,0x83,0xe7,0xe9,0x08,0xfa,0x28,0xfa,0x4a,0x28,
    0xfa,0x82,0x08,0xfa,0x28,0xfa,0x7f,0x28,0xfa,0x1a,0x28,0xfa,0x82,0x08,0xf2,0x28,
    0xfa,0x4a,0x28,0xfa,0x83,0x08,0xf2,0xc7,0xd1,0x28,0xfa,0x4a,0x28,0xfa,0x83,0xc7,
    0xd1,0x65,0xb1,0x28,0xfa,0x4a,0x28,0xfa,0x83,0x65,0xb1,0x04,0x81,0x28,0xfa,0x4a,
    0x28,0xfa,0x83,0x04,0x81,0x82,0x40,0x28,0xfa,0x4a,0x28,0xfa,0x84,0x82,0x40,0x00,
    0x08,0x08,0xf2,0x28,0xfa,0x48,0x28,0xfa,0x85,0x08,0xf2,0x00,0x08,0x00,0x00,0x65,
    0xa1,0x28,0xfa,0x48,0x28,0xfa,0x85,0x65,0xa1,0x00,0x00,0x00,0x00,0x82,0x40,0x28,
    0xfa,0x48,0x28,0xfa,0x86,0x82,0x40,0x00,0x00,0x00,0x00,0x00,0x00,0xc7,0xd1,0x28,
    0xfa,0x46,0x28,0xfa,0x87,0xc7,0xd1,0x00,0x00,0x00,0x00,0x00,0x00,0x00,0x00,0xa2,
    0x50,0x28,0xfa,0x46,0x28,0xfa,0x88,0xa2,0x50,0x00,0x00,0x00,0x00,0x00,0x00,0x00,
    0x00,0x00,0x00,0x86,0xb9,0x28,0xfa,0x44,0x28,0xfa,0x8a,0x86,0xb9,0x00,0x00,0x00,
    0x00,0x00,0x00,0x00,0x00,0x00,0x00,0x00,0x00,0x41,0x20,0x08,0xf2,0x28,0xfa,0x42,
    0x28,0xfa,0x8b,0x08,0xf2,0x41,0x20,0x00,0x00,0x00,0x00,0x00,0x00,0x00,0x00,0x00,
    0x00,0x00,0x00,0x00,0x00,0xc3,0x60,0x28,0xfa,0x42,0x28,0xfa,0x8c,0xc3,0x60,0x00,
    0x00,0x00,0x00,0x00,0x00,0x00,0x00,0x00,0x00,0x00,0x00,0x00,0x00,0x00,0x00,0x00,
    0x00,0x24,0x91,0x28,0xfa,0x40,0x28,0xfa,0x8e,0x24,0x91,0x00,0x00,0x00,0x00,0x00,
    0x00,0x00,0x00,0x00,0x00,0x00,0x00,0x00,0x00,0x00,0x00,0x00,0x00,0x00,0x00,0x00,
    0x00,0x65,0xa9,0x28,0xfa,0x3e,0x28,0xfa,0x90,0x65,0xa9,0x00,0x00,0x00,0x00,0x00,
    0x00,0x00,0x00,0x00,0x00,0x00,0x00,0x00,0x00,0x00,0x00,0x00,0x00,0x00,0x00,0x00,
    0x00,0x00,0x00,0x00,0x00,0x65,0xb1,0x28,0xfa,0x3c,0x28,0xfa,0x92,0x65,0xb1,0x00,
    0x00,0x00,0x00,0x00,0x00,0x00,0x00,0x00,0x00,0x00,0x00,0x00,0x00,0x00,0x00,0x00,
    0x00,0x00,0x00,0x00,0x00,0x00,0x00,0x00,0x00,0x00,0x00,0x00,0x00,0x65,0xb1,0x28,
    0xfa,0x3a,0x28,0xfa,0x94,0x65,0xb1,0x00,0x00,0x00,0x00,0x00,0x00,0x00,0x00,0x00,
    0x00,0x00,0x00,0x00,0x00,0x00,0x00,0x00,0x00,0x00,0x00,0x00,0x00,0x00,0x00,0x00,
    0x00,0x00,0x00,0x00,0x00,0x00,0x00,0x00,0x00,0x65,0xb1,0x28,0xfa,0x38,0x28,0xfa,
    0x82,0x65,0xb1,0x00,0x00,0x12,0x00,0x00,0x82,0x65,0xb1,0x28,0xfa,0x36,0x28,0xfa,
    0x82,0x65,0xb1,0x00,0x00,0x14,0x00,0x00,0x82,0x65,0xb1,0x28,0xfa,0x34,0x28,0xfa,
    0x82,0x65,0xb1,0x00,0x00,0x16,0x00,0x00,0x82,0x86,0xb9,0x28,0xfa,0x32,0x28,0xfa,
    0x82,0x86,0xb9,0x00,0x00,0x17,0x00,0x00,0x83,0x00,0x08,0x86,0xb9,0x28,0xfa,0x30,
    0x28,0xfa,0x83,0x86,0xb9,0x00,0x08,0x00,0x00,0x18,0x00,0x00,0x83,0x00,0x08,0x86,
    0xb9,0x28,0xfa,0x2e,0x28,0xfa,0x83,0x86,0xb9,0x00,0x08,0x00,0x00,0x1a,0x00,0x00,
    0x83,0x00,0x08,0x86,0xb9,0x28,0xfa,0x2c,0x28,0xfa,0x83,0x86,0xb9,0x00,0x08,0x00,
    0x00,0x1c,0x00,0x00,0x83,0x00,0x08,0x86,0xb9,0x28,0xfa,0x2a,0x28,0xfa,0x83,0x86,
    0xb9,0x00,0x08,0x00,0x00,0x1e,0x00,0x00,0x83,0x00,0x08,0x86,0xb9,0x28,0xfa,0x28,
    0x28,0xfa,0x83,0x86,0xb9,0x00,0x08,0x00,0x00,0x20,0x00,0x00,0x83,0x00,0x08,0x86,
    0xb9,0x28,0xfa,0x26,0x28,0xfa,0x83,0x86,0xb9,0x00,0x08,0x00,0x00,0x22,0x00,0x00,
    0x83,0x00,0x08,0x86,0xb9,0x28,0xfa,0x24,0x28,0xfa,0x83,0x86,0xb9,0x00,0x08,0x00,
    0x00,0x24,0x00,0x00,0x83,0x00,0x08,0x86,0xb9,0x28,0xfa,0x22,0x28,0xfa,0x83,0x86,
    0xb9,0x00,0x08,0x00,0x00,0x26,0x00,0x00,0x83,0x00,0x08,0x86,0xc1,0x28,0xfa,0x20,
    0x28,0xfa,0x83,0x86,0xc1,0x00,0x08,0x00,0x00,0x28,0x00,0x00,0x83,0x00,0x08,0xa6,
    0xc9,0x28,0xfa,0x1e,0x28,0xfa,0x83,0xa6,0xc9,0x00,0x08,0x00,0x00,0x2a,0x00,0x00,
    0x83,0x00,0x08,0xa6,0xc9,0x28,0xfa,0x1c,0x28,0xfa,0x83,0xa6,0xc9,0x00,0x08,0x00,
    0x00,0x2c,0x00,0x00,0x83,0x00,0x08,0xa6,0xc9,0x28,0xfa,0x1a,0x28,0xfa,0x83,0xa6,
    0xc9,0x00,0x08,0x00,0x00,0x2e,0x00,0x00,0x83,0x00,0x08,0xa6,0xc9,0x28,0xfa,0x18,
    0x28,0xfa,0x83,0xa6,0xc9,0x00,0x08,0x00,0x00,0x30,0x00,0x00,0x83,0x00,0x08,0xa6,
    0xc9,0x28,0xfa,0x16,0x28,0xfa,0x83,0xa6,0xc9,0x00,0x08,0x00,0x00,0x32,0x00,0x00,
    0x83,0x00,0x08,0xa6,0xc9,0x28,0xfa,0x14,0x28,0xfa,0x83,0xa6,0xc9,0x00,0x08,0x00,
    0x00,0x34,0x00,0x00,0x83,0x00,0x08,0xa6,0xc9,0x28,0xfa,0x12,0x28,0xfa,0x83,0xa6,
    0xc9,0x00,0x08,0x00,0x00,0x36,0x00,0x00,0x96,0x00,0x08,0xa6,0xc9,0x28,0xfa,0x28,
    0xfa,0x28,0xfa,0x28,0xfa,0x28,0xfa,0x28,0xfa,0x28,0xfa,0x28,0xfa,0x28,0xfa,0x28,
    0xfa,0x28,0xfa,0x28,0xfa,0x28,0xfa,0x28,0xfa,0x28,0xfa,0x28,0xfa,0x28,0xfa,0xa6,
    0xc9,0x00,0x08,0x00,0x00,0x38,0x00,0x00,0x94,0x00,0x08,0xa6,0xc9,0x28,0xfa,0x28,
    0xfa,0x28,0xfa,0x28,0xfa,0x28,0xfa,0x28,0xfa,0x28,0xfa,0x28,0xfa,0x28,0xfa,0x28,
    0xfa,0x28,0xfa,0x28,0xfa,0x28,0xfa,0x28,0xfa,0x28,0xfa,0xa6,0xc9,0x00,0x08,0x00,
    0x00,0x3a,0x00,0x00,0x92,0x20,0x10,0xc7,0xd1,0x28,0xfa,0x28,0xfa,0x28,0xfa,0x28,
    0xfa,0x28,0xfa,0x28,0xfa,0x28,0xfa,0x28,0xfa,0x28,0xfa,0x28,0xfa,0x28,0xfa,0x28,
    0xfa,0x28,0xfa,0xc7,0xd1,0x20,0x10,0x00,0x00,0x3c,0x00,0x00,0x90,0x20,0x10,0xa6,
    0xc1,0x28,0xfa,0x28,0xfa,0x28,0xfa,0x28,0xfa,0x28,0xfa,0x28,0xfa,0x28,0xfa,0x28,
    0xfa,0x28,0xfa,0x28,0xfa,0x28,0xfa,0xa6,0xc1,0x20,0x10,0x00,0x00,0x3f,0x00,0x00,
    0x8c,0x24,0x89,0x08,0xfa,0x28,0xfa,0x28,0xfa,0x28,0xfa,0x28,0xfa,0x28,0xfa,0x28,
    0xfa,0x28,0xfa,0x08,0xfa,0x24,0x89,0x00,0x00,0x42,0x00,0x00,0x8a,0x41,0x20,0x04,
    0x79,0xa6,0xc9,0x08,0xea,0x28,0xfa,0x08,0xea,0xa6,0xc9,0x04,0x79,0x41,0x20,0x00,
    0x00,0x21,0x00,0x00,

};

static const LV_ATTRIBUTE_MEM_ALIGN LV_ATTRIBUTE_LARGE_CONST uint8_t HRS_png_data[] = {

    0x02,0x00,0x00,0x00,0xe8,0x05,0x00,0x00,0x75,0x3c,0x00,0x00,0x1f,0x00,0x01,0x00,
    0x0a,0x2f,0x28,0xfa,0x02,0x00,0x09,0x0f,0x3b,0x00,0x0a,0x01,0x02,0x00,0x0f,0x3e,
    0x00,0x09,0x0f,0x40,0x00,0x11,0x0f,0x02,0x00,0x03,0x0f,0x56,0x00,0x0b,0x04,0x02,
    0x00,0x0f,0x3c,0x00,0x03,0x00,0xf0,0x00,0x04,0x22,0x00,0x0f,0x02,0x00,0x0b,0x02,
    0x2c,0x00,0x0f,0x02,0x00,0x17,0x0f,0x4e,0x00,0x0b,0x0c,0x02,0x00,0x0e,0x58,0x00,
    0x0c,0x22,0x00,0x0f,0x02,0x00,0x0b,0x0e,0x40,0x00,0x0f,0x02,0x00,0x03,0x0f,0x46,
    0x00,0x0b,0x0f,0x02,0x00,0x05,0x06,0x4c,0x00,0x0f,0x22,0x00,0x05,0x0f,0x02,0x00,
    0x0b,0x06,0x40,0x00,0x0f,0x02,0x00,0x05,0x0f,0x40,0x00,0x0b,0x0f,0x02,0x00,0x09,
    0x02,0x52,0x00,0x0f,0x22,0x00,0x09,0x0f,0x02,0x00,0x0b,0x02,0x40,0x00,0x0f,0x02,
    0x00,0x05,0x0f,0x3c,0x00,0x0b,0x0f,0x02,0x00,0x0d,0x0f,0x40,0x00,0x2f,0x0f,0x02,
    0x00,0x05,0x0f,0x7a,0x00,0x0d,0x0f,0x02,0x00,0x4f,0x0f,0x9a,0x00,0x03,0x0f,0x78,
    0x00,0x4f,0x0f,0x02,0x00,0x11,0x0e,0x9c,0x00,0x0f,0x36,0x00,0x11,0x0f,0x02,0x00,
    0x53,0x0a,0x9c,0x00,0x0f,0x74,0x00,0x53,0x0f,0x02,0x00,0x15,0x08,0x9c,0x00,0x0f,
    0x34,0x00,0x15,0x0f,0x02,0x00,0x53,0x06,0x9a,0x00,0x0f,0x70,0x00,0x53,0x0f,0x02,
    0x00,0x19,0x04,0x9c,0x00,0x0f,0x34,0x00,0x19,0x0f,0x02,0x00,0x53,0x02,0x9a,0x00,
    0x0f,0x6c,0x00,0x53,0x0f,0x02,0x00,0x1d,0x0f,0x7a,0x07,0x17,0x0f,0x02,0x00,0x5d,
    0x0f,0x9a,0x00,0x89,0x0f,0x0c,0x01,0x5d,0x0f,0x02,0x00,0xff,0xff,0xff,0xff,0xff,
    0xff,0xff,0xf0,0x0f,0x6e,0x08,0x85,0x0f,0xa0,0x09,0x89,0x0f,0x34,0x01,0x89,0x0f,
    0x9c,0x00,0x81,0x02,0xa2,0x0c,0x0f,0x9c,0x00,0x7f,0x02,0x94,0x00,0x02,0x02,0x00,
    0x0f,0x04,0x0b,0x7b,0x02,0x94,0x00,0x04,0x02,0x00,0x0f,0x9c,0x00,0x77,0x04,0x92,
    0x00,0x06,0x02,0x00,0x0f,0x9c,0x00,0x73,0x06,0x90,0x00,0x06,0x02,0x00,0x0f,0x9a,
    0x00,0x87,0x0f,0x9c,0x00,0x71,0x06,0x28,0x01,0x0c,0x02,0x00,0x0f,0x38,0x01,0x6b,
    0x0c,0x8e,0x00,0x0a,0x02,0x00,0x0f,0x9c,0x00,0x67,0x0a,0x88,0x00,0x0f,0x02,0x00,
    0x01,0x0f,0x9c,0x00,0x63,0x0f,0x8a,0x00,0x01,0x0e,0x02,0x00,0x0f,0x9c,0x00,0x5f,
    0x0e,0x84,0x00,0x0f,0x02,0x00,0x05,0x0f,0x9c,0x00,0x5b,0x0f,0x86,0x00,0x05,0x0f,
    0x02,0x00,0x03,0x0f,0x9c,0x00,0x57,0x0f,0x80,0x00,0x03,0x0f,0x02,0x00,0x09,0x0f,
    0x9c,0x00,0x53,0x0f,0x82,0x00,0x09,0x0f,0x02,0x00,0x07,0x0f,0x9c,0x00,0x4f,0x0f,
    0x7c,0x00,0x07,0x0f,0x02,0x00,0x0d,0x0f,0x9c,0x00,0x4b,0x0f,0x7e,0x00,0x0d,0x0f,
    0x02,0x00,0x0b,0x0f,0x9c,0x00,0x47,0x0f,0x78,0x00,0x0b,0x0f,0x02,0x00,0x11,0x0f,
    0x9c,0x00,0x43,0x0f,0x7a,0x00,0x11,0x0f,0x02,0x00,0x0f,0x0f,0x9c,0x00,0x3f,0x0f,
    0x74,0x00,0x0f,0x0f,0x02,0x00,0x15,0x0f,0x9c,0x00,0x3b,0x0f,0x76,0x00,0x15,0x0f,
    0x02,0x00,0x13,0x0f,0x9c,0x00,0x37,0x0f,0x70,0x00,0x13,0x0f,0x02,0x00,0x19,0x0f,
    0x9c,0x00,0x33,0x0f,0x72,0x00,0x19,0x0f,0x02,0x00,0x17,0x0f,0x9c,0x00,0x2f,0x0f,
    0x6c,0x00,0x17,0x0f,0x02,0x00,0x1d,0x0f,0x9c,0x00,0x2b,0x0f,0x6e,0x00,0x1d,0x0f,
    0x02,0x00,0x1b,0x0f,0x9c,0x00,0x27,0x0f,0x68,0x00,0x1b,0x0f,0x02,0x00,0x21,0x0f,
    0x9c,0x00,0x23,0x0f,0x6a,0x00,0x21,0x0f,0x02,0x00,0x1f,0x0f,0x9c,0x00,0x1f,0x0f,
    0x64,0x00,0x1f,0x0f,0x02,0x00,0x25,0x0f,0x9c,0x00,0x1b,0x0f,0x66,0x00,0x25,0x0f,
    0x02,0x00,0x23,0x0f,0x9c,0x00,0x17,0x0f,0x60,0x00,0x23,0x0f,0x02,0x00,0x29,0x0f,
    0x9c,0x00,0x13,0x0f,0x62,0x00,0x29,0x0f,0x02,0x00,0x27,0x0f,0x9c,0x00,0x0f,0x0f,
    0x5c,0x00,0x27,0x0f,0x02,0x00,0x2d,0x0f,0x9c,0x00,0x0b,0x0f,0x5e,0x00,0x2d,0x0f,
    0x02,0x00,0x2b,0x0f,0x9c,0x00,0x07,0x0f,0x58,0x00,0x2b,0x0f,0x02,0x00,0x33,0x0e,
    0x9e,0x00,0x0f,0x58,0x00,0x33,0x09,0x02,0x00,0xf9,0x00,0x01,0x30,0x70,0xa7,0xcd,
    0xed,0xfc,0xff,0xfe,0xee,0xd1,0xad,0x78,0x38,0x03,0x1c,0x00,0x00,0x79,0x28,0xf2,
    0x00,0x03,0x38,0x78,0xad,0xd1,0xee,0xfe,0xff,0xfc,0xed,0xcd,0xa7,0x70,0x30,0x01,
    0x15,0x00,0x0f,0x02,0x00,0x03,0x48,0x22,0x88,0xe2,0xff,0x01,0x00,0x39,0xe9,0x92,
    0x2c,0x29,0x00,0x38,0x2c,0x92,0xe9,0x1f,0x00,0x49,0xff,0xe2,0x88,0x22,0x20,0x00,
    0x07,0x02,0x00,0x39,0x25,0xa7,0xfc,0x2b,0x00,0x01,0x02,0x00,0x25,0xb4,0x31,0x22,
    0x00,0x21,0x31,0xb4,0x12,0x00,0x09,0x02,0x00,0x35,0xfc,0xa7,0x25,0x20,0x00,0x07,
    0x02,0x00,0x39,0x07,0x85,0xf9,0x27,0x00,0x04,0x02,0x00,0x31,0xfd,0x95,0x0e,0x26,
    0x00,0x34,0x0e,0x95,0xfd,0x13,0x00,0x09,0x02,0x00,0x31,0xf9,0x85,0x07,0x20,0x00,
    0x08,0x02,0x00,0x29,0x25,0xd0,0x23,0x00,0x08,0x02,0x00,0x78,0xdd,0x33,0x00,0x00,
    0x00,0x33,0xdd,0x13,0x00,0x09,0x02,0x00,0x1c,0xd0,0x9d,0x00,0x29,0x40,0xf1,0x20,
    0x00,0x0a,0x02,0x00,0x4f,0xf9,0x54,0x00,0x54,0xb7,0x00,0x03,0x02,0x02,0x00,0x28,
    0xf1,0x40,0x97,0x00,0x2f,0x00,0x4e,0x2c,0x00,0x09,0x4f,0xff,0xff,0xfd,0xa4,0xe3,
    0x00,0x03,0x04,0x02,0x00,0x27,0xf9,0x4e,0x4e,0x00,0x1f,0x3f,0x4c,0x00,0x0b,0x0f,
    0x02,0x00,0x0f,0x25,0xf9,0x3f,0x4e,0x00,0x1f,0x24,0xe4,0x00,0x09,0x0f,0x02,0x00,
    0x13,0x23,0xf1,0x24,0x4e,0x00,0x2f,0x06,0xcc,0x31,0x00,0x13,0x0f,0x02,0x00,0x0a,
    0x22,0xcc,0x06,0x4e,0x00,0x1f,0x80,0x26,0x00,0x0a,0x0f,0x02,0x00,0x15,0x11,0x80,
    0x4d,0x00,0x2f,0x20,0xf7,0x30,0x00,0x15,0x0f,0x02,0x00,0x0a,0x20,0xf7,0x20,0xe8,
    0x2b,0x1f,0xa1,0x24,0x00,0x0a,0x0f,0x02,0x00,0x17,0x6f,0xa1,0x00,0x00,0x00,0x1d,
    0xfa,0x30,0x00,0x17,0x0f,0x02,0x00,0x0a,0x5f,0xfa,0x1d,0x00,0x00,0x82,0x22,0x00,
    0x0a,0x0f,0x02,0x00,0x19,0x4f,0x82,0x00,0x00,0xdb,0x30,0x00,0x19,0x0f,0x02,0x00,
    0x0a,0x3f,0xdb,0x00,0x2c,0x20,0x00,0x0a,0x0f,0x02,0x00,0x1b,0x2f,0x2c,0x6a,0x30,
    0x00,0x1b,0x0f,0x02,0x00,0x0a,0x2f,0x6a,0xa2,0x1f,0x00,0x0a,0x0f,0x02,0x00,0x1b,
    0x2f,0xa2,0xc8,0x30,0x00,0x1b,0x0f,0x02,0x00,0x0a,0x2f,0xc8,0xea,0x1f,0x00,0x0a,
    0x0f,0x02,0x00,0x1b,0x1f,0xea,0x66,0x02,0x35,0x4f,0xff,0xff,0xff,0xff,0x4c,0x00,
    0x39,0x0f,0x02,0x00,0x3c,0x0f,0xcb,0x04,0x2f,0x06,0x02,0x00,0x26,0xf1,0xd8,0x0c,
    0x00,0x0f,0x02,0x00,0x2e,0x2f,0xd8,0xb3,0x43,0x00,0x2e,0x06,0x02,0x00,0x26,0xb3,
    0x84,0x0c,0x00,0x0f,0x02,0x00,0x2e,0x2f,0x84,0x45,0x43,0x00,0x2e,0x06,0x02,0x00,
    0x36,0x45,0x0a,0xf4,0x0d,0x00,0x0f,0x02,0x00,0x2c,0x4f,0xf4,0x0a,0x00,0xa7,0x43,
    0x00,0x2c,0x06,0x02,0x00,0x3f,0xa7,0x00,0x00,0xe8,0x00,0x37,0x56,0x45,0x00,0x00,
    0x01,0xd1,0x5c,0x00,0x0f,0x02,0x00,0x2a,0x6f,0xd1,0x01,0x00,0x00,0x00,0x53,0x43,
    0x00,0x2a,0x06,0x02,0x00,0x11,0x53,0xec,0x06,0x16,0xbe,0x11,0x00,0x0f,0x02,0x00,
    0x28,0x11,0xbe,0x4c,0x00,0x3f,0x00,0x27,0xf5,0x44,0x00,0x28,0x04,0x02,0x00,0x22,
    0xf5,0x27,0x4d,0x00,0x24,0x00,0x63,0x12,0x00,0x0f,0x02,0x00,0x28,0x13,0x63,0x4c,
    0x00,0x3f,0x00,0x00,0x94,0x46,0x00,0x28,0x02,0x02,0x00,0x15,0x94,0x4c,0x00,0x32,
    0x00,0x03,0xac,0x13,0x00,0x0f,0x02,0x00,0x26,0x18,0xac,0x98,0x0b,0x2f,0x06,0xb2,
    0x48,0x00,0x26,0x53,0xff,0xff,0xff,0xff,0xb2,0x03,0x09,0x03,0x02,0x00,0x0f,0x4e,
    0x00,0x2a,0x0b,0x4c,0x00,0x0f,0x4e,0x00,0x2a,0x0d,0x4c,0x00,0x0f,0x4e,0x00,0x28,
    0x0f,0x4c,0x00,0x00,0x0f,0x4e,0x00,0x26,0x0f,0x4c,0x00,0x02,0x42,0x00,0x00,0x06,
    0xbc,0x4f,0x01,0x0f,0x02,0x00,0x1a,0x1a,0xbc,0x7c,0x01,0x06,0x02,0x00,0x1f,0x0a,
    0x59,0x03,0x1f,0x26,0xbe,0x0a,0x3f,0x00,0x0b,0x02,0x00,0x0f,0x4e,0x00,0x1e,0x0f,
    0x4c,0x00,0x08,0x0f,0x4e,0x00,0x1e,0x0f,0x4c,0x00,0x0a,0x0f,0x4e,0x00,0x1c,0x0f,
    0x4c,0x00,0x0c,0x0f,0x4e,0x00,0x1a,0x0f,0x4c,0x00,0x0e,0x0f,0x4e,0x00,0x18,0x0f,
    0x4c,0x00,0x10,0x0f,0x4e,0x00,0x16,0x0f,0x4c,0x00,0x12,0x0f,0x4e,0x00,0x14,0x0f,
    0x4c,0x00,0x14,0x4f,0x00,0x00,0x0a,0xc1,0xb8,0x02,0x0e,0x1f,0xc1,0x60,0x02,0x07,
    0x0c,0x02,0x00,0x2f,0x0f,0xc9,0x4e,0x00,0x0c,0x2c,0xc9,0x0f,0x33,0x00,0x0f,0x02,
    0x00,0x08,0x0f,0x4e,0x00,0x0c,0x0f,0x4c,0x00,0x1a,0x0f,0x4e,0x00,0x0c,0x0f,0x4c,
    0x00,0x1c,0x0f,0x4e,0x00,0x0a,0x0f,0x4c,0x00,0x1e,0x0f,0x4e,0x00,0x08,0x0f,0x4c,
    0x00,0x20,0x0f,0x4e,0x00,0x06,0x0f,0x4c,0x00,0x22,0x0f,0x4e,0x00,0x04,0x0f,0x4c,
    0x00,0x24,0x0f,0x4e,0x00,0x02,0x0f,0x4c,0x00,0x26,0x0f,0x4e,0x00,0x00,0x0f,0x4c,
    0x00,0x28,0x49,0x00,0x00,0x11,0xd3,0xbe,0x02,0x2f,0xd3,0x11,0x9c,0x02,0x08,0x0f,
    0x02,0x00,0x0f,0x18,0x15,0xa9,0x0d,0x2f,0xc8,0x15,0x31,0x00,0x0f,0x0f,0x02,0x00,
    0x0a,0x24,0x08,0x90,0x08,0x13,0x3f,0xfc,0x90,0x08,0x2a,0x00,0x0a,0x0f,0x02,0x00,
    0x12,0x9f,0x23,0x80,0xcb,0xf0,0xff,0xf0,0xcb,0x80,0x23,0x2e,0x00,0x0a,0x50,0x00,
    0x00,0x00,0x00,0x00,

};

static const LV_ATTRIBUTE_MEM_ALIGN LV_ATTRIBUTE_LARGE_CONST uint8_t Message_line_icon_data[] = {

    0x02,0x00,0x00,0x00,0x10,0x01,0x00,0x00,0xe5,0x01,0x00,0x00,0xe1,0xff,0xff,0xff,
    0xff,0x00,0x00,0x00,0xff,0x00,0x00,0x00,0x3f,0xfc,0x00,0x01,0x00,0x41,0x03,0xff,
    0xff,0xc0,0x09,0x00,0x41,0x1f,0xff,0xff,0xf8,0x09,0x00,0x90,0x7f,0xff,0xff,0xfe,
    0x00,0x00,0x00,0x00,0x01,0x2e,0x00,0x12,0x80,0x23,0x00,0x02,0x25,0x00,0x10,0x0f,
    0x40,0x00,0x12,0xf0,0x2c,0x00,0x02,0x2e,0x00,0x10,0x3f,0x52,0x00,0x12,0xfc,0x35,
    0x00,0x02,0x37,0x00,0x00,0x63,0x00,0x02,0x65,0x00,0x01,0x0a,0x00,0x03,0x47,0x00,
    0x51,0xff,0xff,0x80,0x00,0x03,0x11,0x00,0x26,0xff,0xc0,0x09,0x00,0x12,0x07,0x12,
    0x00,0x97,0xe0,0x00,0x07,0xfc,0x7f,0x18,0xf8,0xc0,0x1f,0x09,0x00,0x12,0x0f,0x12,
    0x00,0x92,0xf0,0x00,0x0f,0xfc,0x7f,0x18,0x78,0xc7,0xff,0x09,0x00,0x14,0x38,0x09,
    0x00,0x14,0x18,0x09,0x00,0x14,0x08,0x24,0x00,0x14,0x80,0x09,0x00,0x14,0xc0,0x1b,
    0x00,0x14,0xe0,0x09,0x00,0x84,0xf0,0xc7,0xff,0xf0,0x00,0x07,0xfc,0x03,0x63,0x00,
    0x0c,0x09,0x00,0x0e,0x99,0x00,0x01,0xfb,0x00,0x32,0xff,0xff,0x80,0x04,0x01,0x09,
    0xcf,0x00,0x06,0xea,0x00,0x05,0xfc,0x00,0x05,0x0e,0x01,0x05,0x20,0x01,0x01,0xd9,
    0x00,0x14,0xe0,0x44,0x01,0x01,0x60,0x01,0x13,0x7f,0x4d,0x01,0x22,0x00,0x1f,0x28,
    0x01,0x01,0x25,0x00,0x03,0x84,0x01,0x13,0x7f,0x7a,0x01,0x41,0x00,0x07,0xff,0xf0,
    0x83,0x01,0x23,0x00,0x03,0x95,0x01,0x43,0x00,0x03,0xff,0x80,0x12,0x00,0x01,0x94,
    0x01,0x43,0x00,0x00,0x00,0x03,0x35,0x00,0x23,0x00,0x03,0x2c,0x00,0x21,0x00,0x03,
    0x61,0x00,0x90,0x00,0x00,0x00,0x03,0x00,0x00,0x00,0x00,0x00,

};

static const LV_ATTRIBUTE_MEM_ALIGN LV_ATTRIBUTE_LARGE_CONST uint8_t Message_note_data[] = {

    0x02,0x00,0x00,0x00,0xec,0x00,0x00,0x00,0xe5,0x01,0x00,0x00,0xe1,0xff,0xff,0xff,
    0xff,0x00,0x00,0x00,0xff,0x00,0x00,0x00,0x1f,0xfc,0x00,0x01,0x00,0x41,0x01,0xff,
    0xff,0xc0,0x09,0x00,0x41,0x0f,0xff,0xff,0xf8,0x09,0x00,0x41,0x3f,0xff,0xff,0xfe,
    0x09,0x00,0x00,0x2e,0x00,0x50,0x80,0x00,0x00,0x00,0x03,0x37,0x00,0x50,0xe0,0x00,
    0x00,0x00,0x07,0x40,0x00,0x12,0xf0,0x2c,0x00,0x02,0x2e,0x00,0x10,0x1f,0x52,0x00,
    0x12,0xfc,0x35,0x00,0x02,0x37,0x00,0x10,0x7f,0x64,0x00,0x01,0x65,0x00,0x01,0x09,
    0x00,0x31,0x80,0x00,0x01,0x08,0x00,0x26,0xff,0xc0,0x09,0x00,0x01,0x50,0x00,0x32,
    0xff,0xff,0xe0,0x59,0x00,0x32,0xff,0xff,0xe0,0x59,0x00,0x36,0xff,0xff,0xf0,0x09,
    0x00,0x12,0x0f,0x36,0x00,0x1f,0xf8,0x09,0x00,0x09,0xfa,0x00,0x1f,0xff,0xfc,0x7f,
    0xff,0x1f,0xff,0xfc,0x00,0x1f,0xff,0xf0,0x1f,0xfc,0x07,0x09,0x00,0x41,0xe0,0x0f,
    0xf8,0x03,0x12,0x00,0x0e,0x09,0x00,0x0e,0x2d,0x00,0x03,0x48,0x00,0x03,0x6c,0x00,
    0x05,0x09,0x00,0x0f,0x7e,0x00,0x01,0x01,0x04,0x01,0x09,0xab,0x00,0x0e,0xcf,0x00,
    0x0e,0xf3,0x00,0x05,0x0e,0x01,0x06,0x20,0x01,0x05,0x32,0x01,0x05,0x44,0x01,0x01,
    0x7f,0x00,0x14,0xfe,0x68,0x01,0x14,0xff,0x7a,0x01,0x23,0xff,0x80,0x8c,0x01,0x01,
    0xa9,0x01,0x01,0x37,0x00,0x14,0xe0,0x84,0x01,0x12,0xf0,0xc2,0x01,0x02,0x8d,0x01,
    0x70,0x00,0x1f,0xff,0xff,0xff,0xfc,0x00,

};

static const LV_ATTRIBUTE_MEM_ALIGN LV_ATTRIBUTE_LARGE_CONST uint8_t mmHg_F_data[] = {

    0x02,0x00,0x00,0x00,0xa1,0x02,0x00,0x00,0xd0,0x08,0x00,0x00,0x1f,0x00,0x01,0x00,
    0x22,0x66,0x5f,0x1e,0x5f,0x1e,0x5f,0x1e,0x3b,0x00,0x0c,0x10,0x00,0x0f,0x02,0x00,
    0x2b,0x0c,0x4e,0x00,0x0c,0x10,0x00,0x0f,0x02,0x00,0x2b,0x0c,0x4e,0x00,0x0c,0x10,
    0x00,0x04,0x02,0x00,0x02,0x18,0x00,0x02,0x02,0x00,0x06,0x0e,0x00,0x00,0x30,0x01,
    0x02,0x14,0x00,0x02,0x02,0x00,0x08,0x10,0x00,0x06,0x0c,0x00,0x04,0x44,0x00,0x04,
    0x2c,0x00,0x06,0x0a,0x00,0x08,0x4c,0x00,0x0f,0x02,0x00,0x01,0x04,0x32,0x00,0x0f,
    0x02,0x00,0x01,0x04,0x1c,0x00,0x0e,0x5e,0x00,0x0f,0x2e,0x00,0x01,0x02,0x28,0x00,
    0x02,0x1a,0x00,0x04,0x80,0x00,0x0c,0x10,0x00,0x06,0x1a,0x00,0x06,0x1c,0x00,0x0f,
    0x02,0x00,0x03,0x02,0x74,0x00,0x06,0x1c,0x00,0x06,0x10,0x00,0x06,0x0a,0x00,0x04,
    0x02,0x00,0x04,0x6e,0x00,0x02,0x0a,0x00,0x02,0x36,0x00,0x02,0x06,0x00,0x0f,0x02,
    0x00,0x05,0x0c,0x44,0x00,0x06,0x10,0x00,0x06,0x0a,0x00,0x04,0x02,0x00,0x04,0x52,
    0x00,0x02,0x0a,0x00,0x02,0x58,0x00,0x02,0x06,0x00,0x04,0x12,0x00,0x04,0x16,0x00,
    0x04,0x02,0x00,0x02,0x12,0x00,0x04,0x24,0x00,0x04,0x10,0x00,0x0a,0x0a,0x00,0x04,
    0x02,0x00,0x06,0x28,0x00,0x02,0x36,0x00,0x02,0x26,0x00,0x02,0x1e,0x00,0x02,0x12,
    0x00,0x06,0x22,0x00,0x02,0x02,0x00,0x0c,0x12,0x00,0x06,0x10,0x00,0x06,0x0a,0x00,
    0x04,0x02,0x00,0x06,0x3c,0x00,0x06,0x1c,0x00,0x0f,0x5e,0x00,0x63,0x04,0x76,0x00,
    0x0a,0x02,0x00,0x08,0x96,0x00,0x06,0xac,0x00,0x02,0x02,0x00,0x06,0x10,0x00,0x06,
    0x1c,0x00,0x04,0x46,0x00,0x02,0x12,0x00,0x0a,0x22,0x00,0x02,0x36,0x00,0x08,0x02,
    0x00,0x06,0x22,0x00,0x02,0x0a,0x00,0x22,0x00,0x00,0x0a,0x00,0x02,0x06,0x00,0x06,
    0x10,0x00,0x02,0x0a,0x00,0x02,0x16,0x00,0x02,0x06,0x00,0x04,0x02,0x00,0x06,0x16,
    0x00,0x04,0x18,0x00,0x02,0x60,0x00,0x04,0x20,0x00,0x0f,0x02,0x00,0x33,0x0f,0x5e,
    0x00,0x4f,0x06,0x02,0x00,0x0f,0xb2,0x00,0x33,0x08,0x02,0x00,0x0f,0x5c,0x00,0x16,
    0x31,0x33,0x99,0x11,0x38,0x00,0x13,0x66,0x08,0x00,0x0f,0x02,0x00,0x0c,0x31,0x66,
    0xff,0x22,0x22,0x00,0x13,0x99,0x08,0x00,0x0f,0x02,0x00,0x0c,0x0f,0x2f,0x00,0x01,
    0xfb,0x0a,0x55,0x33,0x33,0x99,0x88,0x33,0x00,0x33,0x88,0x99,0x44,0x00,0x00,0x22,
    0x66,0x11,0x77,0x99,0x77,0x00,0x00,0x77,0x99,0x77,0x11,0x2f,0x00,0xf9,0x12,0x22,
    0x77,0x99,0x77,0x00,0x55,0x33,0xdd,0xcc,0xdd,0x99,0xdd,0xee,0x77,0xee,0xaa,0xcc,
    0xff,0x77,0x00,0x66,0xff,0xbb,0xcc,0xbb,0xee,0xaa,0xaa,0xcc,0xaa,0xee,0xdd,0x11,
    0x5e,0x00,0xf1,0x11,0x44,0xee,0xdd,0x99,0xcc,0xaa,0xdd,0x99,0xdd,0xee,0x22,0x00,
    0x00,0xdd,0xff,0x44,0x00,0x00,0xbb,0xdd,0x00,0x66,0xff,0x88,0x00,0x00,0x77,0xff,
    0xbb,0x00,0x00,0x44,0x3d,0x00,0x11,0x99,0x01,0x00,0xf1,0x1b,0xcc,0xff,0x22,0x11,
    0xee,0xbb,0x00,0x00,0x00,0x88,0xff,0x99,0xdd,0xaa,0x00,0x00,0x00,0x99,0xdd,0x00,
    0x00,0x00,0x77,0xff,0x22,0x66,0xff,0x33,0x00,0x00,0x22,0xff,0x66,0x00,0x00,0x00,
    0xdd,0x99,0x00,0x66,0xff,0xdd,0x01,0x00,0xe4,0xee,0xff,0x22,0x55,0xff,0x44,0x00,
    0x00,0x00,0x11,0xee,0x99,0xdd,0x99,0x2f,0x00,0x31,0x66,0xff,0x22,0x7f,0x00,0x07,
    0x2f,0x00,0x05,0x1a,0x01,0x03,0x0b,0x00,0x1f,0xdd,0x2f,0x00,0x16,0x1f,0x33,0x5e,
    0x00,0x19,0x8f,0x22,0xee,0x88,0x00,0x00,0x00,0x66,0xff,0x5e,0x00,0x14,0x7f,0x00,
    0x77,0xee,0x99,0x66,0x77,0xdd,0x8d,0x00,0x15,0xe1,0x00,0x00,0x77,0xcc,0xdd,0xbb,
    0x33,0xdd,0x99,0x11,0x11,0x00,0x00,0x00,0x05,0x00,0x41,0x00,0x22,0x00,0x00,0xdc,
    0x00,0x01,0x05,0x00,0x23,0x11,0x11,0x09,0x00,0x81,0x00,0x00,0x11,0x22,0x00,0x00,
    0x66,0x22,0xbc,0x00,0x1f,0x77,0x09,0x02,0x0c,0x04,0x02,0x00,0x21,0xcc,0xbb,0x6b,
    0x01,0x14,0x44,0x10,0x00,0x0f,0x02,0x00,0x0c,0x6f,0x44,0xee,0xdd,0xdd,0xdd,0xff,
    0x5d,0x00,0x15,0x90,0x00,0x00,0x11,0x66,0x88,0x77,0x44,0x00,0x00,

};

static const LV_ATTRIBUTE_MEM_ALIGN LV_ATTRIBUTE_LARGE_CONST uint8_t point_53_data[] = {

    0x02,0x00,0x00,0x00,0xaf,0x01,0x00,0x00,0x28,0x05,0x00,0x00,0x6a,0xff,0xff,0xff,
    0xff,0xef,0x07,0x02,0x00,0x2e,0x80,0xfc,0x02,0x00,0x00,0x28,0x00,0x0f,0x2c,0x00,
    0xc9,0x26,0x0f,0xf9,0x02,0x00,0x04,0x0e,0x01,0x06,0x06,0x01,0x28,0x3f,0xb2,0x02,
    0x00,0x06,0x2a,0x00,0x62,0x0f,0xf9,0x0f,0xf9,0xef,0x07,0x1a,0x01,0x02,0x02,0x00,
    0x0f,0x2c,0x00,0x0b,0x02,0x24,0x00,0x06,0x02,0x00,0x08,0x56,0x00,0x0c,0x58,0x00,
    0x06,0x26,0x00,0x02,0x02,0x00,0x0f,0x2c,0x00,0x61,0x22,0x5f,0x04,0x7c,0x00,0x02,
    0x02,0x00,0x48,0xe0,0xf7,0xe0,0xf7,0x86,0x00,0x02,0x00,0x01,0x04,0x02,0x00,0x24,
    0x5f,0x04,0x02,0x00,0x2a,0xe0,0xf7,0x02,0x00,0x08,0xdc,0x00,0x04,0x24,0x00,0x04,
    0x02,0x00,0x0a,0x2a,0x00,0x02,0x2c,0x00,0x00,0x94,0x02,0x04,0x20,0x00,0x08,0x02,
    0x00,0x0c,0x2c,0x00,0x02,0x96,0x00,0x0f,0x2c,0x00,0x9b,0xf3,0x04,0x00,0x00,0x00,
    0x00,0x06,0x87,0xe4,0xe2,0x7f,0x03,0x00,0x00,0x09,0x95,0xf6,0xf6,0x99,0x0a,0x00,
    0x01,0x00,0x10,0x8e,0x8b,0x03,0x40,0x84,0x00,0x00,0x91,0x93,0x03,0x13,0x96,0x15,
    0x00,0x20,0x00,0xf1,0xa1,0x03,0x40,0xe7,0x00,0x00,0xed,0xa9,0x03,0x14,0xf1,0x16,
    0x00,0x10,0xf5,0xb7,0x03,0x40,0xeb,0x00,0x00,0xe7,0xbf,0x03,0x14,0xed,0x16,0x00,
    0x10,0x99,0xcd,0x03,0x40,0x8d,0x00,0x00,0x85,0xd5,0x03,0x14,0x87,0x16,0x00,0xe4,
    0x0a,0x9a,0xf6,0xf4,0x93,0x07,0x00,0x00,0x04,0x81,0xe2,0xe2,0x84,0x05,0x16,0x00,
    0x36,0x00,0x00,0x01,0x0b,0x00,0x01,0x02,0x00,0x61,0x06,0x91,0xed,0xed,0x8f,0x06,
    0x08,0x00,0xc0,0xee,0x91,0x06,0x00,0x00,0x06,0x8e,0xed,0xe4,0x90,0x06,0x88,0x21,
    0x04,0x40,0x8f,0x00,0x00,0x90,0x29,0x04,0x40,0x88,0x00,0x00,0x8f,0x31,0x04,0x23,
    0x8a,0xee,0x78,0x00,0x01,0x96,0x00,0x40,0xed,0x00,0x00,0xec,0x47,0x04,0x2f,0xf0,
    0xef,0x16,0x00,0x01,0x20,0xf1,0x8a,0x63,0x04,0x13,0x90,0x42,0x00,0x13,0x89,0x42,
    0x00,0x51,0x8c,0x06,0x92,0xf0,0xef,0x66,0x00,0x22,0x91,0xee,0x6e,0x00,0x51,0x91,
    0xef,0xf0,0x92,0x06,0x89,0x00,0x0f,0x02,0x00,0x02,0xa8,0x05,0x83,0xe1,0xe0,0x7f,
    0x03,0x00,0x00,0x05,0x83,0xc6,0x00,0x10,0x8c,0xbf,0x04,0x49,0x83,0x00,0x00,0x87,
    0xf2,0x00,0x01,0x9e,0x00,0x40,0xe6,0x00,0x00,0xeb,0xdd,0x04,0x14,0xec,0x4f,0x00,
    0x13,0xf2,0x34,0x01,0x01,0xa6,0x00,0x14,0xf0,0x16,0x00,0x10,0x98,0x01,0x05,0x13,
    0x91,0x76,0x01,0x14,0x94,0x16,0x00,0xf0,0x03,0x0a,0x9a,0xf7,0xf6,0x95,0x08,0x00,
    0x00,0x09,0x95,0xf5,0xf6,0x98,0x09,0x00,0x00,0x00,0x00,

};

static const LV_ATTRIBUTE_MEM_ALIGN LV_ATTRIBUTE_LARGE_CONST uint8_t RING_data[] = {

    0x02,0x00,0x00,0x00,0xfa,0x06,0x00,0x00,0x73,0x23,0x00,0x00,0x1f,0x00,0x01,0x00,
    0x14,0xe1,0x24,0x80,0x24,0x98,0x25,0xb0,0x25,0xc0,0x26,0xd8,0x27,0xf0,0x27,0xf8,
    0x02,0x00,0xbf,0xf0,0x26,0xd8,0x25,0xc0,0x25,0xb0,0x24,0x98,0x24,0x80,0x45,0x00,
    0x14,0x0f,0x02,0x00,0x10,0x61,0x24,0x88,0x25,0xa8,0x26,0xd8,0x60,0x00,0x0f,0x02,
    0x00,0x06,0x6f,0x26,0xd8,0x25,0xa8,0x24,0x88,0x4d,0x00,0x10,0x0f,0x02,0x00,0x0a,
    0x4f,0x24,0x90,0x26,0xc8,0x68,0x00,0x0b,0x08,0x02,0x00,0x4f,0x26,0xc8,0x24,0x90,
    0x4f,0x00,0x0a,0x0f,0x02,0x00,0x08,0x48,0x24,0x88,0x26,0xd0,0x4c,0x00,0x0f,0x02,
    0x00,0x13,0x2f,0x26,0xd0,0xe4,0x00,0x1f,0x4f,0x24,0x80,0x25,0xb0,0x5e,0x00,0x13,
    0x0f,0x02,0x00,0x01,0x2f,0x25,0xb0,0xca,0x01,0x19,0x2f,0x24,0x88,0xa8,0x01,0x06,
    0x71,0xe8,0x25,0xc0,0x24,0xa0,0x24,0x90,0x02,0x00,0x5f,0xa0,0x25,0xc0,0x27,0xe8,
    0x6e,0x00,0x01,0x4f,0x27,0xf8,0x26,0xd8,0xe2,0x00,0x15,0x25,0x24,0x98,0x76,0x02,
    0x07,0x02,0x00,0x60,0x25,0xb0,0x03,0x60,0x01,0x20,0xc2,0x02,0xa0,0x60,0x08,0xc0,
    0x10,0xe0,0x10,0xc0,0x10,0x60,0x08,0xd0,0x02,0x4f,0x01,0x20,0x03,0x60,0x08,0x01,
    0x02,0x3f,0xf0,0x24,0x98,0xa7,0x01,0x08,0x03,0x02,0x00,0x2d,0x24,0xa0,0xae,0x00,
    0xf4,0x02,0xe8,0x03,0x78,0x00,0x10,0x20,0x00,0x01,0x2a,0x23,0x5c,0xe4,0x7d,0x25,
    0x9f,0xc6,0xa7,0x02,0x00,0xee,0x25,0x9f,0xe4,0x7d,0x23,0x5c,0x01,0x2a,0x20,0x00,
    0x00,0x10,0x03,0x78,0xe8,0x00,0x23,0x24,0xa0,0x55,0x00,0x0f,0x02,0x00,0x04,0x0e,
    0x6c,0x00,0xa4,0x24,0x80,0x00,0x08,0xc0,0x10,0x43,0x5c,0x05,0x97,0x64,0x00,0x0e,
    0x02,0x00,0xac,0x05,0x97,0x43,0x5c,0xc0,0x10,0x00,0x08,0x24,0x80,0xaa,0x00,0x0f,
    0x70,0x00,0x09,0x2a,0x24,0x98,0x2e,0x00,0x95,0x26,0xd0,0x01,0x28,0x80,0x08,0x83,
    0x5c,0xa6,0xce,0x00,0x0f,0x02,0x00,0x07,0x8c,0xa6,0xa7,0x83,0x5c,0x80,0x08,0x01,
    0x28,0xc8,0x02,0x0f,0x50,0x01,0x05,0x2a,0x24,0x88,0xb0,0x01,0x7f,0x24,0x98,0x00,
    0x08,0x61,0x32,0x25,0xd4,0x00,0x08,0x0c,0x02,0x00,0x6b,0x25,0x97,0x61,0x32,0x00,
    0x08,0xb4,0x00,0x1f,0xf0,0x30,0x02,0x01,0x2a,0x24,0x80,0x88,0x02,0x6c,0x23,0x80,
    0x00,0x00,0x43,0x5c,0x50,0x00,0x0f,0x02,0x00,0x0f,0x59,0x43,0x5c,0x00,0x00,0x23,
    0x52,0x01,0x2e,0x26,0xd8,0x10,0x03,0x0a,0x58,0x02,0x6e,0x23,0x80,0x20,0x00,0x24,
    0x6d,0x5c,0x00,0xf7,0x02,0x65,0x9f,0xa4,0x7d,0x63,0x5c,0x82,0x4b,0x62,0x4b,0x82,
    0x4b,0x63,0x5c,0xa4,0x7d,0x65,0x34,0x02,0x04,0x02,0x00,0x3b,0x24,0x6d,0x20,0x70,
    0x00,0x2a,0x25,0xb0,0x27,0x02,0x28,0x24,0x88,0xb2,0x01,0x3f,0x24,0x98,0x00,0x6c,
    0x00,0x00,0xfd,0x0a,0x44,0x6d,0x21,0x2a,0x20,0x00,0x00,0x00,0xe3,0x00,0xa7,0x01,
    0xc7,0x01,0xa7,0x01,0xe3,0x00,0x00,0x00,0x20,0x00,0x21,0x2a,0x44,0x96,0x00,0x2c,
    0x24,0x6d,0x04,0x02,0x0a,0x4e,0x01,0x08,0xdc,0x01,0x4c,0x26,0xd0,0x00,0x08,0x44,
    0x01,0xe4,0xc4,0x7d,0x41,0x19,0x20,0x00,0x6a,0x02,0xf4,0x04,0xdc,0x06,0x3e,0x07,
    0x02,0x00,0xc4,0xdc,0x06,0xf4,0x04,0x6a,0x02,0x20,0x00,0x41,0x19,0xc4,0x7d,0xda,
    0x00,0x02,0x02,0x00,0x4b,0x43,0x5c,0x00,0x08,0x54,0x00,0x05,0xdf,0x00,0x28,0x24,
    0x90,0xda,0x00,0x42,0x01,0x28,0x61,0x32,0x34,0x00,0x02,0x02,0x00,0x97,0xa6,0xa7,
    0x42,0x43,0x00,0x00,0xab,0x02,0x7a,0x68,0x00,0x08,0x02,0x00,0x8a,0x7a,0x06,0xab,
    0x02,0x00,0x00,0x42,0x43,0xba,0x02,0x48,0x61,0x32,0x01,0x28,0x56,0x00,0x06,0xb0,
    0x05,0x08,0xe8,0x05,0x48,0x24,0x80,0x80,0x08,0x88,0x02,0x88,0x65,0x9f,0x01,0x2a,
    0x82,0x00,0x35,0x05,0x60,0x00,0x0e,0x02,0x00,0x68,0x35,0x05,0x82,0x00,0x01,0x2a,
    0xc6,0x01,0x39,0x25,0x97,0x80,0x80,0x03,0x22,0x26,0xc8,0xdd,0x00,0x09,0xb4,0x01,
    0x47,0xe8,0x00,0x08,0x83,0x8a,0x02,0x7f,0xa6,0xa7,0x01,0x2a,0xc3,0x00,0x3a,0xd6,
    0x00,0x04,0x08,0x02,0x00,0x68,0x3a,0x06,0xc3,0x00,0x01,0x2a,0xe0,0x00,0x48,0x83,
    0x5c,0x00,0x08,0x60,0x04,0x02,0xbc,0x01,0x26,0x25,0xa8,0xf2,0x00,0x48,0x03,0x78,
    0xc0,0x10,0x32,0x00,0x3f,0x42,0x43,0x82,0x6c,0x00,0x12,0xa2,0x3e,0x07,0x3e,0x07,
    0x3a,0x06,0x82,0x00,0x42,0x43,0x7e,0x01,0xa6,0xc6,0xa7,0xc6,0xa7,0xa6,0xa7,0xc0,
    0x10,0x03,0x78,0x5c,0x00,0x20,0x25,0xa8,0x28,0x08,0x08,0x68,0x03,0x28,0x00,0x10,
    0x20,0x02,0x3d,0xc4,0x7d,0x00,0x44,0x01,0xcc,0x7a,0x06,0x11,0x04,0xcb,0x02,0x49,
    0x02,0xcb,0x02,0x11,0x04,0xca,0x01,0x48,0x35,0x05,0x00,0x00,0x30,0x02,0x46,0x43,
    0x5c,0x00,0x10,0x6e,0x00,0x48,0x26,0xd8,0x00,0x00,0xdc,0x04,0x48,0x25,0xb0,0x20,
    0x00,0x10,0x05,0x42,0x41,0x19,0xab,0x02,0xb8,0x00,0x02,0x02,0x00,0x42,0xbb,0x06,
    0xcb,0x02,0x7e,0x01,0x04,0x02,0x00,0x39,0xcb,0x02,0xbb,0x66,0x01,0x42,0xab,0x02,
    0x41,0x19,0xda,0x00,0x79,0xc6,0xa7,0xc6,0xa7,0x05,0x97,0x20,0xc8,0x03,0x28,0x24,
    0x80,0x68,0x04,0x42,0x03,0x60,0x01,0x2a,0x28,0x00,0x88,0xc6,0xa7,0xc6,0xa7,0x44,
    0x6d,0x20,0x00,0xbe,0x00,0x34,0xf9,0x05,0xc3,0x65,0x00,0x07,0x02,0x00,0x37,0xc3,
    0x00,0xf9,0x42,0x02,0x48,0x7a,0x06,0x20,0x00,0x80,0x03,0x46,0x01,0x2a,0x03,0x60,
    0xde,0x00,0x28,0x24,0x98,0x7c,0x00,0x37,0x01,0x20,0x23,0x22,0x02,0x37,0x21,0x2a,
    0x6a,0xda,0x00,0x2f,0xbb,0x06,0x6c,0x00,0x01,0x00,0xb2,0x09,0x28,0xc3,0x00,0xe0,
    0x00,0x37,0x6a,0x02,0x21,0xb2,0x00,0x46,0x23,0x5c,0x01,0x20,0x6e,0x00,0x45,0x25,
    0xb0,0x25,0xc0,0x0e,0x00,0x45,0xe8,0x00,0x00,0xe4,0xa6,0x03,0x62,0x65,0x9f,0x20,
    0x00,0xf4,0x04,0x42,0x01,0x4c,0x3e,0x07,0x3e,0x07,0x44,0x01,0x08,0x02,0x00,0x17,
    0xcb,0x96,0x00,0x46,0xf4,0x04,0x20,0x00,0x0a,0x03,0x46,0xe4,0x7d,0x00,0x00,0x98,
    0x02,0x01,0x20,0x0a,0x03,0xa2,0x07,0x46,0x25,0xc0,0x00,0x00,0x2c,0x07,0x46,0xa4,
    0x7d,0x00,0x00,0x38,0x04,0x28,0x7a,0x06,0x5e,0x00,0x0e,0x02,0x00,0x06,0x72,0x01,
    0x55,0xdc,0x06,0x00,0x00,0xa4,0xb4,0x00,0x46,0x25,0x9f,0x00,0x00,0xd0,0x00,0x07,
    0x8c,0x0a,0x52,0xf8,0x24,0xa0,0x60,0x08,0xb2,0x01,0x82,0xc6,0xa7,0xc6,0xa7,0x63,
    0x5c,0xe3,0x00,0xd6,0x00,0x6e,0x3e,0x07,0x3e,0x07,0x11,0x04,0x62,0x00,0x08,0x02,
    0x00,0x17,0x11,0x06,0x01,0x37,0xe3,0x00,0x63,0x90,0x01,0x27,0x60,0x08,0xa2,0x07,
    0x04,0xf8,0x0a,0x72,0xf8,0x27,0xf8,0x24,0x90,0xc0,0x10,0x6a,0x00,0x82,0xc6,0xa7,
    0xc6,0xa7,0x82,0x4b,0xa7,0x01,0x6a,0x00,0x0f,0x48,0x01,0x0d,0x00,0x6e,0x0b,0x08,
    0x4c,0x01,0x42,0xa7,0x01,0x82,0x4b,0x44,0x00,0x6a,0xc6,0xa7,0xc6,0xa7,0xc0,0x10,
    0x18,0x05,0x04,0x02,0x00,0x42,0x24,0x90,0x00,0x11,0x22,0x00,0x77,0xc6,0xa7,0xc6,
    0xa7,0x62,0x4b,0xe7,0x6e,0x00,0x1b,0x49,0xfa,0x02,0x0c,0x02,0x00,0x17,0x49,0xba,
    0x01,0x37,0xc7,0x01,0x62,0x6e,0x00,0x1f,0xe0,0x6e,0x00,0x06,0x0f,0xdc,0x00,0x50,
    0x05,0x4c,0x01,0x0f,0xb8,0x01,0x51,0x0f,0x94,0x02,0x5b,0x06,0xa0,0x02,0x0f,0x70,
    0x03,0x51,0x0f,0x4c,0x04,0x5b,0x0f,0x28,0x05,0x5b,0x0f,0x04,0x06,0x5b,0x0f,0xe0,
    0x06,0x5b,0x0f,0xbc,0x07,0x5d,0x0f,0x98,0x08,0x5b,0x0f,0x74,0x09,0x5b,0x0f,0x50,
    0x0a,0x5d,0x0f,0x2c,0x0b,0x5b,0x0b,0xbc,0x01,0x0f,0x08,0x0c,0x10,0x1f,0xe7,0x08,
    0x0c,0x2a,0x0f,0xe4,0x0c,0x5b,0x0f,0xc0,0x0d,0x5d,0x01,0x4e,0x01,0x05,0x7e,0x06,
    0x03,0x50,0x01,0x0f,0x9c,0x0e,0x46,0x01,0x70,0x00,0x0f,0x78,0x0f,0x58,0x01,0x70,
    0x00,0x0d,0xc0,0x10,0x0f,0x54,0x10,0x47,0x0f,0x70,0x00,0x03,0x0f,0x30,0x11,0x47,
    0x01,0x70,0x00,0x0f,0x0c,0x12,0x10,0x2f,0x00,0x11,0x0c,0x12,0x33,0x01,0x70,0x00,
    0x16,0x88,0x40,0x08,0x0b,0x02,0x00,0x0f,0xe8,0x12,0x3e,0x01,0x70,0x00,0x0f,0xc4,
    0x13,0x58,0x02,0x02,0x00,0x0f,0xa0,0x14,0x57,0x04,0x02,0x00,0x0f,0x7c,0x15,0x57,
    0x04,0x02,0x00,0x0f,0x58,0x16,0x57,0x06,0x02,0x00,0x0f,0x34,0x17,0x47,0xf6,0x00,
    0x35,0x97,0xce,0xea,0xfa,0xfe,0xff,0xff,0xff,0xfe,0xfa,0xea,0xce,0x97,0x35,0x73,
    0x00,0x0f,0x02,0x00,0x08,0x4a,0x45,0xc1,0xf9,0xff,0x01,0x00,0x3f,0xf9,0xc1,0x45,
    0x30,0x00,0x08,0x01,0x02,0x00,0x2a,0x73,0xee,0x33,0x00,0x03,0x02,0x00,0x21,0xee,
    0x73,0x1e,0x00,0x0f,0x02,0x00,0x04,0x23,0x5d,0xf2,0x27,0x00,0x0e,0x02,0x00,0x2f,
    0xf2,0x5d,0x34,0x00,0x04,0x3e,0x00,0x17,0xd3,0x2e,0x00,0x07,0x02,0x00,0x2f,0xd3,
    0x17,0x39,0x00,0x02,0x1c,0x52,0xd4,0x00,0x0c,0x02,0x00,0x2f,0xf9,0x52,0x38,0x00,
    0x00,0x1c,0x8c,0x26,0x00,0x0f,0x02,0x00,0x00,0x1d,0x8c,0x38,0x00,0x1f,0xa7,0x26,
    0x00,0x00,0x0e,0x02,0x00,0x1b,0xa7,0x38,0x00,0x0f,0x36,0x00,0x13,0x0c,0x38,0x00,
    0x0f,0xa2,0x00,0x11,0x02,0x02,0x00,0x08,0xa8,0x00,0x12,0x52,0x13,0x00,0x0f,0x02,
    0x00,0x12,0x06,0x18,0x01,0x1f,0x17,0x44,0x01,0x0d,0x08,0x02,0x00,0x15,0xf9,0x88,
    0x01,0x0f,0xb0,0x01,0x0b,0x0c,0x02,0x00,0x13,0xd3,0x17,0x01,0x1c,0x5d,0x19,0x00,
    0x0f,0x02,0x00,0x0c,0x03,0x30,0x02,0x0f,0x52,0x02,0x07,0x0f,0x02,0x00,0x03,0x11,
    0xf2,0x6f,0x00,0x1f,0x73,0x1d,0x00,0x03,0x0f,0x02,0x00,0x08,0x01,0xd8,0x02,0x0f,
    0xf4,0x02,0x03,0x0f,0x02,0x00,0x09,0x5f,0xee,0x00,0x00,0x00,0x45,0x21,0x00,0x09,
    0x0f,0x02,0x00,0x04,0x4f,0x45,0x00,0x00,0xc1,0x1b,0x00,0x04,0x0f,0x02,0x00,0x09,
    0x3f,0xc1,0x00,0x00,0xb4,0x01,0x19,0x04,0x02,0x00,0x34,0xf9,0x00,0x35,0x0b,0x00,
    0x0f,0x02,0x00,0x1a,0x2f,0x35,0x97,0x2f,0x00,0x1a,0x04,0x02,0x00,0x24,0x97,0xce,
    0x0a,0x00,0x0f,0x02,0x00,0x1a,0x2f,0xce,0xea,0x2f,0x00,0x1a,0x04,0x02,0x00,0x24,
    0xea,0xfa,0x0a,0x00,0x0f,0x02,0x00,0x1a,0x01,0x46,0x05,0x0f,0x02,0x00,0x1f,0x1f,
    0xfe,0x33,0x00,0x1f,0x0f,0x02,0x00,0x60,0x0f,0xa6,0x00,0x23,0x1f,0xfe,0x4a,0x01,
    0x24,0x0f,0xb8,0x01,0x24,0x0f,0x26,0x02,0x24,0x0f,0x94,0x02,0x24,0x0f,0x02,0x03,
    0x24,0x0f,0x70,0x03,0x24,0x0f,0xde,0x03,0x25,0x0f,0x4c,0x04,0x24,0x0f,0xba,0x04,
    0x24,0x0f,0x28,0x05,0x25,0x0f,0x96,0x05,0x24,0x0f,0x04,0x06,0x25,0x0f,0x72,0x06,
    0x24,0x0f,0xe0,0x06,0x25,0x0f,0x4e,0x07,0x24,0x0f,0xbc,0x07,0x25,0x0f,0x2a,0x08,
    0x25,0x0f,0x38,0x00,0x15,0x0c,0x98,0x08,0x0f,0xa8,0x00,0x13,0x08,0x5e,0x08,0x04,
    0x02,0x00,0x0f,0x74,0x09,0x23,0x0f,0xe2,0x09,0x25,0x0f,0x50,0x0a,0x25,0x00,0xd9,
    0x22,0x0f,0xbe,0x0a,0x22,0x0f,0x2c,0x0b,0x26,0x01,0x02,0x00,0x0f,0x9a,0x0b,0x0b,
    0x50,0x00,0x00,0x00,0x00,0x00,

};

static const LV_ATTRIBUTE_MEM_ALIGN LV_ATTRIBUTE_LARGE_CONST uint8_t RING_16_data[] = {

    0x01,0x00,0x00,0x00,0x3c,0x13,0x00,0x00,0xa2,0x17,0x00,0x00,0x14,0x00,0x00,0x90,
    0x00,0x10,0x02,0x58,0x03,0x88,0x05,0xb0,0x06,0xd8,0x27,0xe8,0x27,0xf8,0x27,0xf8,
    0x27,0xf8,0x27,0xe8,0x06,0xd8,0x05,0xb0,0x03,0x88,0x02,0x58,0x00,0x10,0x00,0x00,
    0x24,0x00,0x00,0x96,0x00,0x18,0x03,0x80,0x06,0xd0,0x27,0xf8,0x27,0xf8,0x27,0xf8,
    0x27,0xf8,0x27,0xf8,0x27,0xf8,0x27,0xf8,0x27,0xf8,0x27,0xf8,0x27,0xf8,0x27,0xf8,
    0x27,0xf8,0x27,0xf8,0x27,0xf8,0x27,0xf8,0x06,0xd0,0x03,0x80,0x00,0x18,0x00,0x00,
    0x1f,0x00,0x00,0x83,0x01,0x40,0x06,0xb8,0x27,0xf8,0x14,0x27,0xf8,0x83,0x06,0xb8,
    0x01,0x40,0x00,0x00,0x1b,0x00,0x00,0x83,0x00,0x30,0x06,0xc0,0x27,0xf8,0x18,0x27,
    0xf8,0x83,0x06,0xc0,0x00,0x30,0x00,0x00,0x18,0x00,0x00,0x82,0x03,0x90,0x27,0xf8,
    0x1c,0x27,0xf8,0x82,0x03,0x90,0x00,0x00,0x15,0x00,0x00,0xa4,0x00,0x28,0x06,0xd0,
    0x27,0xf8,0x27,0xf8,0x27,0xf8,0x27,0xf8,0x27,0xf8,0x27,0xf8,0x27,0xf8,0x27,0xf8,
    0x27,0xf8,0x27,0xf8,0x27,0xf8,0x07,0xe8,0x06,0xc0,0x05,0xa0,0x03,0x90,0x03,0x90,
    0x03,0x90,0x05,0xa0,0x06,0xc0,0x07,0xe8,0x27,0xf8,0x27,0xf8,0x27,0xf8,0x27,0xf8,
    0x27,0xf8,0x27,0xf8,0x27,0xf8,0x27,0xf8,0x27,0xf8,0x27,0xf8,0x27,0xf8,0x06,0xd0,
    0x00,0x28,0x00,0x00,0x12,0x00,0x00,0xff,0x01,0x50,0x27,0xf0,0x27,0xf8,0x27,0xf8,
    0x27,0xf8,0x27,0xf8,0x27,0xf8,0x27,0xf8,0x27,0xf8,0x27,0xf8,0x27,0xf8,0x05,0xb0,
    0x02,0x60,0x00,0x18,0x00,0x00,0x00,0x00,0x40,0x00,0xc0,0x08,0xe0,0x10,0xc0,0x08,
    0x40,0x00,0x00,0x00,0x00,0x00,0x00,0x18,0x02,0x60,0x05,0xb0,0x27,0xf8,0x27,0xf8,
    0x27,0xf8,0x27,0xf8,0x27,0xf8,0x27,0xf8,0x27,0xf8,0x27,0xf8,0x27,0xf8,0x27,0xf0,
    0x01,0x50,0x00,0x00,0x00,0x00,0x00,0x00,0x00,0x00,0x00,0x00,0x00,0x00,0x00,0x00,
    0x00,0x00,0x00,0x00,0x00,0x00,0x00,0x00,0x00,0x00,0x00,0x00,0x00,0x00,0x00,0x00,
    0x00,0x00,0x00,0x00,0x02,0x68,0x27,0xf8,0x27,0xf8,0x27,0xf8,0x27,0xf8,0x27,0xf8,
    0x27,0xf8,0x27,0xf8,0x27,0xf8,0x07,0xe8,0x03,0x78,0x00,0x10,0x00,0x00,0xe1,0x29,
    0x22,0x5c,0xe3,0x7d,0x25,0x9f,0xc6,0xa7,0xc6,0xa7,0xc6,0xa7,0xc6,0xa7,0xc6,0xa7,
    0x25,0x9f,0xe3,0x7d,0x22,0x5c,0xe1,0x29,0x00,0x00,0x00,0x10,0x03,0x78,0x07,0xe8,
    0x27,0xf8,0x27,0xf8,0x27,0xf8,0x27,0xf8,0x27,0xf8,0x27,0xf8,0x27,0xf8,0x27,0xf8,
    0x02,0x68,0x00,0x00,0x00,0x00,0x00,0x00,0x00,0x00,0x00,0x00,0x00,0x00,0x00,0x00,
    0x00,0x00,0x00,0x00,0x00,0x00,0x00,0x00,0x00,0x00,0x00,0x00,0x00,0x00,0x00,0x00,
    0x02,0x68,0x27,0xf8,0x27,0xf8,0x27,0xf8,0x27,0xf8,0x27,0xf8,0x27,0xf8,0x27,0xf8,
    0x27,0xf0,0x03,0x80,0x00,0x00,0xc0,0x08,0x42,0x5c,0x05,0x97,0xc6,0xa7,0xc6,0xa7,
    0xc6,0xa7,0xc6,0xa7,0xc6,0xa7,0xe6,0xc6,0xa7,0xc6,0xa7,0xc6,0xa7,0xc6,0xa7,0xc6,
    0xa7,0xc6,0xa7,0xc6,0xa7,0xc6,0xa7,0x05,0x97,0x42,0x5c,0xc0,0x08,0x00,0x00,0x03,
    0x80,0x27,0xf0,0x27,0xf8,0x27,0xf8,0x27,0xf8,0x27,0xf8,0x27,0xf8,0x27,0xf8,0x27,
    0xf8,0x02,0x68,0x00,0x00,0x00,0x00,0x00,0x00,0x00,0x00,0x00,0x00,0x00,0x00,0x00,
    0x00,0x00,0x00,0x00,0x00,0x00,0x00,0x00,0x00,0x00,0x00,0x00,0x00,0x01,0x50,0x27,
    0xf8,0x27,0xf8,0x27,0xf8,0x27,0xf8,0x27,0xf8,0x27,0xf8,0x27,0xf8,0x06,0xc8,0x00,
    0x28,0x60,0x00,0x82,0x64,0x86,0xa7,0xc6,0xa7,0xc6,0xa7,0xc6,0xa7,0xc6,0xa7,0xc6,
    0xa7,0xc6,0xa7,0xc6,0xa7,0xc6,0xa7,0xc6,0xa7,0xc6,0xa7,0xc6,0xa7,0xc6,0xa7,0xc6,
    0xa7,0xc6,0xa7,0xc6,0xa7,0xc6,0xa7,0xc6,0xa7,0x86,0xa7,0x82,0x64,0x60,0x00,0x00,
    0x28,0x06,0xc8,0x27,0xf8,0x27,0xf8,0x27,0xf8,0x27,0xf8,0x27,0xf8,0x27,0xf8,0x27,
    0xf8,0x01,0x50,0x00,0x00,0x00,0x00,0x00,0x00,0x00,0x00,0x00,0x00,0x00,0x00,0x00,
    0x00,0x00,0x00,0x00,0x00,0x00,0x00,0x00,0x00,0x00,0x28,0x27,0xf0,0x27,0xf8,0x27,
    0xf8,0x27,0xf8,0x27,0xf8,0x27,0xf8,0x27,0xf8,0x05,0x98,0x00,0x00,0x41,0x32,0x05,
    0x97,0xc6,0xa7,0x14,0xc6,0xa7,0xa1,0x05,0x97,0x41,0x32,0x00,0x00,0x05,0x98,0x27,
    0xf8,0x27,0xf8,0x27,0xf8,0x27,0xf8,0x27,0xf8,0x27,0xf8,0x27,0xf0,0x00,0x28,0x00,
    0x00,0x00,0x00,0x00,0x00,0x00,0x00,0x00,0x00,0x00,0x00,0x00,0x00,0x00,0x00,0x00,
    0x00,0x00,0x00,0x06,0xd0,0x27,0xf8,0x27,0xf8,0x27,0xf8,0x27,0xf8,0x27,0xf8,0x27,
    0xf8,0x03,0x80,0x00,0x00,0x42,0x5c,0xc6,0xa7,0x18,0xc6,0xa7,0xff,0x42,0x5c,0x00,
    0x00,0x03,0x80,0x27,0xf8,0x27,0xf8,0x27,0xf8,0x27,0xf8,0x27,0xf8,0x27,0xf8,0x06,
    0xd0,0x00,0x00,0x00,0x00,0x00,0x00,0x00,0x00,0x00,0x00,0x00,0x00,0x00,0x00,0x00,
    0x00,0x00,0x00,0x03,0x90,0x27,0xf8,0x27,0xf8,0x27,0xf8,0x27,0xf8,0x27,0xf8,0x27,
    0xf8,0x03,0x80,0x00,0x00,0x23,0x6d,0xc6,0xa7,0xc6,0xa7,0xc6,0xa7,0xc6,0xa7,0xc6,
    0xa7,0xc6,0xa7,0xc6,0xa7,0xc6,0xa7,0xc6,0xa7,0x66,0x9f,0xa3,0x7d,0x62,0x5c,0x82,
    0x4b,0x62,0x4b,0x82,0x4b,0x62,0x5c,0xa3,0x7d,0x66,0x9f,0xc6,0xa7,0xc6,0xa7,0xc6,
    0xa7,0xc6,0xa7,0xc6,0xa7,0xc6,0xa7,0xc6,0xa7,0xc6,0xa7,0xc6,0xa7,0x23,0x6d,0x00,
    0x00,0x03,0x80,0x27,0xf8,0x27,0xf8,0x27,0xf8,0x27,0xf8,0x27,0xf8,0x27,0xf8,0x03,
    0x90,0x00,0x00,0x00,0x00,0x00,0x00,0x00,0x00,0x00,0x00,0x00,0x00,0x00,0x00,0x00,
    0x30,0x27,0xf8,0x27,0xf8,0x27,0xf8,0x27,0xf8,0x27,0xf8,0x27,0xf8,0x05,0x98,0x00,
    0x00,0x23,0x6d,0xc6,0xa7,0xc6,0xa7,0xc6,0xa7,0xc6,0xa7,0xc6,0xa7,0xc6,0xa7,0xc6,
    0xa7,0xa6,0xa7,0x43,0x6d,0x21,0x32,0x00,0x00,0x00,0x00,0xc3,0x00,0x87,0x01,0xa7,
    0x01,0x87,0x01,0xc3,0x00,0x00,0x00,0x00,0x00,0x21,0x32,0x43,0x6d,0xa6,0xa7,0xc6,
    0xa7,0xc6,0xa7,0xc6,0xa7,0xc6,0xa7,0xc6,0xa7,0xc6,0xa7,0xc6,0xa7,0x23,0x6d,0x00,
    0x00,0x05,0x98,0x27,0xf8,0x27,0xf8,0x27,0xf8,0x27,0xf8,0x27,0xf8,0x27,0xf8,0x00,
    0x30,0x00,0x00,0x00,0x00,0x00,0x00,0x00,0x00,0x00,0x00,0xff,0x00,0x00,0x06,0xc0,
    0x27,0xf8,0x27,0xf8,0x27,0xf8,0x27,0xf8,0x27,0xf8,0x06,0xc8,0x00,0x00,0x42,0x5c,
    0xc6,0xa7,0xc6,0xa7,0xc6,0xa7,0xc6,0xa7,0xc6,0xa7,0xc6,0xa7,0xc6,0xa7,0xc3,0x7d,
    0x20,0x11,0x00,0x00,0x6a,0x02,0xf4,0x04,0xdc,0x06,0x3d,0x07,0x3d,0x07,0x3d,0x07,
    0x3d,0x07,0x3d,0x07,0xdc,0x06,0xf4,0x04,0x6a,0x02,0x00,0x00,0x20,0x11,0xc3,0x7d,
    0xc6,0xa7,0xc6,0xa7,0xc6,0xa7,0xc6,0xa7,0xc6,0xa7,0xc6,0xa7,0xc6,0xa7,0x42,0x5c,
    0x00,0x00,0x06,0xc8,0x27,0xf8,0x27,0xf8,0x27,0xf8,0x27,0xf8,0x27,0xf8,0x06,0xc0,
    0x00,0x00,0x00,0x00,0x00,0x00,0x00,0x00,0x00,0x00,0x01,0x40,0x27,0xf8,0x27,0xf8,
    0x27,0xf8,0x27,0xf8,0x27,0xf8,0x27,0xf0,0x00,0x28,0x41,0x32,0xc6,0xa7,0xc6,0xa7,
    0xc6,0xa7,0xc6,0xa7,0xc6,0xa7,0xc6,0xa7,0x86,0xa7,0x42,0x4b,0x00,0x00,0xab,0x02,
    0x7a,0x06,0x3d,0x07,0x3d,0x07,0x3d,0x07,0x3d,0x07,0x3d,0x07,0x3d,0x07,0x3d,0x07,
    0x3d,0x07,0x3d,0x07,0x3d,0x07,0x3d,0x07,0x7a,0x06,0xab,0x02,0x00,0x00,0x42,0x4b,
    0x86,0xa7,0xc6,0xa7,0xc6,0xa7,0xc6,0xa7,0xc6,0xa7,0xc6,0xa7,0xc6,0xa7,0x41,0x32,
    0x00,0x28,0x27,0xf0,0x27,0xf8,0x27,0xf8,0x27,0xf8,0x27,0xf8,0x27,0xf8,0x01,0x40,
    0x00,0x00,0x00,0x00,0x00,0x00,0x00,0x00,0x06,0xb8,0x27,0xf8,0x27,0xf8,0x27,0xf8,
    0x27,0xf8,0x27,0xf8,0x03,0x80,0x60,0x00,0x05,0x97,0xc6,0xa7,0xc6,0xa7,0xc6,0xa7,
    0xc6,0xa7,0xc6,0xa7,0x66,0x9f,0x01,0x2a,0x61,0x00,0xee,0x35,0x05,0x3d,0x07,0x3d,
    0x07,0x3d,0x07,0x3d,0x07,0x3d,0x07,0x3d,0x07,0x3d,0x07,0x3d,0x07,0x3d,0x07,0x3d,
    0x07,0x3d,0x07,0x3d,0x07,0x3d,0x07,0x3d,0x07,0x3d,0x07,0x35,0x05,0x61,0x00,0x01,
    0x2a,0x66,0x9f,0xc6,0xa7,0xc6,0xa7,0xc6,0xa7,0xc6,0xa7,0xc6,0xa7,0x05,0x97,0x60,
    0x00,0x03,0x80,0x27,0xf8,0x27,0xf8,0x27,0xf8,0x27,0xf8,0x27,0xf8,0x06,0xb8,0x00,
    0x00,0x00,0x00,0x00,0x00,0x00,0x18,0x27,0xf8,0x27,0xf8,0x27,0xf8,0x27,0xf8,0x27,
    0xf8,0x07,0xe8,0x00,0x00,0x82,0x64,0xc6,0xa7,0xc6,0xa7,0xc6,0xa7,0xc6,0xa7,0xc6,
    0xa7,0x86,0xa7,0x01,0x2a,0xc2,0x00,0x39,0x06,0x3d,0x07,0x3d,0x07,0x3d,0x07,0x3d,
    0x07,0x3d,0x07,0x3d,0x07,0x3d,0x07,0x3d,0x07,0x3d,0x07,0x3d,0x07,0x3d,0x07,0x3d,
    0x07,0x3d,0x07,0x3d,0x07,0x3d,0x07,0x3d,0x07,0x3d,0x07,0x39,0x06,0xc2,0x00,0x01,
    0x2a,0x86,0xa7,0xc6,0xa7,0xc6,0xa7,0xc6,0xa7,0xc6,0xa7,0xc6,0xa7,0x82,0x64,0x00,
    0x00,0x07,0xe8,0x27,0xf8,0x27,0xf8,0x27,0xf8,0x27,0xf8,0x27,0xf8,0x00,0x18,0x00,
    0x00,0x00,0x00,0x03,0x80,0x27,0xf8,0x27,0xf8,0x27,0xf8,0x27,0xf8,0x27,0xf8,0x03,
    0x78,0xc0,0x08,0x86,0xa7,0xc6,0xa7,0xc6,0xa7,0xc6,0xa7,0xc6,0xa7,0xc6,0xa7,0x42,
    0x4b,0x61,0x00,0x39,0x06,0x3d,0x07,0x12,0x3d,0x07,0xff,0x39,0x06,0x61,0x00,0x42,
    0x4b,0xc6,0xa7,0xc6,0xa7,0xc6,0xa7,0xc6,0xa7,0xc6,0xa7,0x86,0xa7,0xc0,0x08,0x03,
    0x78,0x27,0xf8,0x27,0xf8,0x27,0xf8,0x27,0xf8,0x27,0xf8,0x03,0x80,0x00,0x00,0x00,
    0x00,0x06,0xd0,0x27,0xf8,0x27,0xf8,0x27,0xf8,0x27,0xf8,0x27,0xf8,0x00,0x10,0x42,
    0x5c,0xc6,0xa7,0xc6,0xa7,0xc6,0xa7,0xc6,0xa7,0xc6,0xa7,0xc3,0x7d,0x00,0x00,0x35,
    0x05,0x3d,0x07,0x3d,0x07,0x3d,0x07,0x3d,0x07,0x3d,0x07,0x3d,0x07,0x3d,0x07,0x5a,
    0x06,0x11,0x04,0xcc,0x02,0x29,0x02,0xcc,0x02,0x11,0x04,0x5a,0x06,0x3d,0x07,0x3d,
    0x07,0x3d,0x07,0x3d,0x07,0x3d,0x07,0x3d,0x07,0x3d,0x07,0x35,0x05,0x00,0x00,0xc3,
    0x7d,0xc6,0xa7,0xc6,0xa7,0xc6,0xa7,0xc6,0xa7,0xc6,0xa7,0x42,0x5c,0x00,0x10,0x27,
    0xf8,0x27,0xf8,0x27,0xf8,0x27,0xf8,0x27,0xf8,0x06,0xd0,0x00,0x00,0x00,0x10,0x27,
    0xf8,0x27,0xf8,0x27,0xf8,0x27,0xf8,0x27,0xf8,0x05,0xb0,0x00,0x00,0x05,0x97,0xc6,
    0xa7,0xc6,0xa7,0xc6,0xa7,0xc6,0xa7,0xa6,0xa7,0x20,0x11,0xab,0x02,0x3d,0x07,0x3d,
    0x07,0x3d,0x07,0x3d,0x07,0x3d,0x07,0x3d,0x07,0x9b,0x06,0xcb,0x02,0x00,0x00,0x00,
    0x00,0x00,0x00,0x00,0x00,0x00,0x00,0x00,0x00,0x00,0x00,0xcb,0x02,0x9b,0x06,0x3d,
    0x07,0x3d,0x07,0x3d,0x07,0x3d,0x07,0x3d,0x07,0x3d,0x07,0xab,0x02,0x20,0x11,0xa6,
    0xa7,0xc6,0xa7,0xc6,0xa7,0xc6,0xa7,0xc6,0xa7,0x05,0x97,0x00,0x00,0x05,0xb0,0x27,
    0xf8,0x27,0xf8,0x27,0xf8,0x27,0xf8,0x27,0xf8,0xff,0x00,0x10,0x02,0x58,0x27,0xf8,
    0x27,0xf8,0x27,0xf8,0x27,0xf8,0x27,0xf8,0x02,0x60,0xe1,0x29,0xc6,0xa7,0xc6,0xa7,
    0xc6,0xa7,0xc6,0xa7,0xc6,0xa7,0x43,0x6d,0x00,0x00,0x7a,0x06,0x3d,0x07,0x3d,0x07,
    0x3d,0x07,0x3d,0x07,0x3d,0x07,0xf8,0x05,0xa2,0x00,0x00,0x00,0x00,0x00,0x00,0x00,
    0x00,0x00,0x00,0x00,0x00,0x00,0x00,0x00,0x00,0x00,0x00,0x00,0xa2,0x00,0xf8,0x05,
    0x3d,0x07,0x3d,0x07,0x3d,0x07,0x3d,0x07,0x3d,0x07,0x7a,0x06,0x00,0x00,0x43,0x6d,
    0xc6,0xa7,0xc6,0xa7,0xc6,0xa7,0xc6,0xa7,0xc6,0xa7,0xe1,0x29,0x02,0x60,0x27,0xf8,
    0x27,0xf8,0x27,0xf8,0x27,0xf8,0x27,0xf8,0x02,0x58,0x03,0x88,0x27,0xf8,0x27,0xf8,
    0x27,0xf8,0x27,0xf8,0x27,0xf8,0x00,0x18,0x22,0x5c,0xc6,0xa7,0xc6,0xa7,0xc6,0xa7,
    0xc6,0xa7,0xc6,0xa7,0x21,0x32,0x6a,0x02,0x3d,0x07,0x3d,0x07,0x3d,0x07,0x3d,0x07,
    0x3d,0x07,0x9b,0x06,0xa2,0x00,0x00,0x00,0x00,0x00,0x00,0x00,0x00,0x00,0x00,0x00,
    0x00,0x00,0x00,0x00,0x00,0x00,0x00,0x00,0x00,0x00,0x00,0x00,0xa2,0x00,0x9b,0x06,
    0x3d,0x07,0x3d,0x07,0x3d,0x07,0x3d,0x07,0x3d,0x07,0x6a,0x02,0x21,0x32,0xc6,0xa7,
    0xc6,0xa7,0xc6,0xa7,0xc6,0xa7,0xc6,0xa7,0x22,0x5c,0x00,0x18,0x27,0xf8,0x27,0xf8,
    0x27,0xf8,0x27,0xf8,0x27,0xf8,0x03,0x88,0x05,0xb0,0x27,0xf8,0x27,0xf8,0x27,0xf8,
    0x27,0xf8,0x07,0xe8,0x00,0x00,0xe3,0x7d,0xc6,0xa7,0xc6,0xa7,0xc6,0xa7,0xc6,0xa7,
    0x66,0x9f,0x00,0x00,0xf4,0x04,0x3d,0x07,0xff,0x3d,0x07,0x3d,0x07,0x3d,0x07,0x3d,
    0x07,0xcb,0x02,0x00,0x00,0x00,0x00,0x00,0x00,0x00,0x00,0x00,0x00,0x00,0x00,0x00,
    0x00,0x00,0x00,0x00,0x00,0x00,0x00,0x00,0x00,0x00,0x00,0x00,0x00,0xcb,0x02,0x3d,
    0x07,0x3d,0x07,0x3d,0x07,0x3d,0x07,0x3d,0x07,0xf4,0x04,0x00,0x00,0x66,0x9f,0xc6,
    0xa7,0xc6,0xa7,0xc6,0xa7,0xc6,0xa7,0xe3,0x7d,0x00,0x00,0x07,0xe8,0x27,0xf8,0x27,
    0xf8,0x27,0xf8,0x27,0xf8,0x05,0xb0,0x06,0xd8,0x27,0xf8,0x27,0xf8,0x27,0xf8,0x27,
    0xf8,0x06,0xc0,0x00,0x00,0x25,0x9f,0xc6,0xa7,0xc6,0xa7,0xc6,0xa7,0xc6,0xa7,0xa3,
    0x7d,0x00,0x00,0xdc,0x06,0x3d,0x07,0x3d,0x07,0x3d,0x07,0x3d,0x07,0x5a,0x06,0x00,
    0x00,0x00,0x00,0x00,0x00,0x00,0x00,0x00,0x00,0x00,0x00,0x00,0x00,0x00,0x00,0x00,
    0x00,0x00,0x00,0x00,0x00,0x00,0x00,0x00,0x00,0x00,0x00,0x00,0x00,0x5a,0x06,0x3d,
    0x07,0x3d,0x07,0x3d,0x07,0x3d,0x07,0xdc,0x06,0x00,0x00,0xa3,0x7d,0xc6,0xa7,0xc6,
    0xa7,0xc6,0xa7,0xc6,0xa7,0x25,0x9f,0x00,0x00,0x06,0xc0,0x27,0xf8,0x27,0xf8,0x27,
    0xf8,0x27,0xf8,0x06,0xd8,0x27,0xe8,0x27,0xf8,0x27,0xf8,0x27,0xf8,0x27,0xf8,0x05,
    0xa0,0x40,0x00,0xc6,0xa7,0xc6,0xa7,0xc6,0xa7,0xc6,0xa7,0xc6,0xa7,0x62,0x5c,0xc3,
    0x00,0x3d,0x07,0x3d,0x07,0x3d,0x07,0x3d,0x07,0x3d,0x07,0x11,0x04,0x00,0x00,0x00,
    0x00,0x00,0x00,0x00,0x00,0x00,0x00,0x00,0x00,0x00,0x00,0x00,0x00,0x00,0x00,0x00,
    0x00,0x00,0x00,0x00,0x00,0x00,0x00,0xff,0x00,0x00,0x00,0x00,0x11,0x04,0x3d,0x07,
    0x3d,0x07,0x3d,0x07,0x3d,0x07,0x3d,0x07,0xc3,0x00,0x62,0x5c,0xc6,0xa7,0xc6,0xa7,
    0xc6,0xa7,0xc6,0xa7,0xc6,0xa7,0x40,0x00,0x05,0xa0,0x27,0xf8,0x27,0xf8,0x27,0xf8,
    0x27,0xf8,0x27,0xe8,0x27,0xf8,0x27,0xf8,0x27,0xf8,0x27,0xf8,0x27,0xf8,0x03,0x90,
    0xc0,0x08,0xc6,0xa7,0xc6,0xa7,0xc6,0xa7,0xc6,0xa7,0xc6,0xa7,0x82,0x4b,0x87,0x01,
    0x3d,0x07,0x3d,0x07,0x3d,0x07,0x3d,0x07,0x3d,0x07,0xcc,0x02,0x00,0x00,0x00,0x00,
    0x00,0x00,0x00,0x00,0x00,0x00,0x00,0x00,0x00,0x00,0x00,0x00,0x00,0x00,0x00,0x00,
    0x00,0x00,0x00,0x00,0x00,0x00,0x00,0x00,0x00,0x00,0xcc,0x02,0x3d,0x07,0x3d,0x07,
    0x3d,0x07,0x3d,0x07,0x3d,0x07,0x87,0x01,0x82,0x4b,0xc6,0xa7,0xc6,0xa7,0xc6,0xa7,
    0xc6,0xa7,0xc6,0xa7,0xc0,0x08,0x03,0x90,0x27,0xf8,0x27,0xf8,0x27,0xf8,0x27,0xf8,
    0x27,0xf8,0x27,0xf8,0x27,0xf8,0x27,0xf8,0x27,0xf8,0x27,0xf8,0x03,0x90,0xe0,0x10,
    0xc6,0xa7,0xc6,0xa7,0xc6,0xa7,0xc6,0xa7,0xc6,0xa7,0x62,0x4b,0xc8,0x01,0x3d,0x07,
    0x3d,0x07,0x3d,0x07,0x3d,0x07,0x3d,0x07,0x29,0x02,0x00,0x00,0x00,0x00,0x00,0x00,
    0x00,0x00,0x00,0x00,0x00,0x00,0x00,0x00,0x00,0x00,0x00,0x00,0x00,0x00,0x00,0x00,
    0x00,0x00,0x00,0x00,0x00,0x00,0x00,0x00,0x29,0x02,0x3d,0x07,0x3d,0x07,0x3d,0x07,
    0x3d,0x07,0x3d,0x07,0xa7,0x01,0x62,0x4b,0xc6,0xa7,0xc6,0xa7,0xc6,0xa7,0xc6,0xa7,
    0xc6,0xa7,0xe0,0x10,0x03,0x90,0xff,0x27,0xf8,0x27,0xf8,0x27,0xf8,0x27,0xf8,0x27,
    0xf8,0x27,0xf8,0x27,0xf8,0x27,0xf8,0x27,0xf8,0x27,0xf8,0x03,0x90,0xc0,0x08,0xc6,
    0xa7,0xc6,0xa7,0xc6,0xa7,0xc6,0xa7,0xc6,0xa7,0x82,0x4b,0x87,0x01,0x3d,0x07,0x3d,
    0x07,0x3d,0x07,0x3d,0x07,0x3d,0x07,0xcc,0x02,0x00,0x00,0x00,0x00,0x00,0x00,0x00,
    0x00,0x00,0x00,0x00,0x00,0x00,0x00,0x00,0x00,0x00,0x00,0x00,0x00,0x00,0x00,0x00,
    0x00,0x00,0x00,0x00,0x00,0x00,0x00,0xcc,0x02,0x3d,0x07,0x3d,0x07,0x3d,0x07,0x3d,
    0x07,0x3d,0x07,0x87,0x01,0x82,0x4b,0xc6,0xa7,0xc6,0xa7,0xc6,0xa7,0xc6,0xa7,0xc6,
    0xa7,0xc0,0x08,0x03,0x90,0x27,0xf8,0x27,0xf8,0x27,0xf8,0x27,0xf8,0x27,0xf8,0x27,
    0xe8,0x27,0xf8,0x27,0xf8,0x27,0xf8,0x27,0xf8,0x05,0xa0,0x40,0x00,0xc6,0xa7,0xc6,
    0xa7,0xc6,0xa7,0xc6,0xa7,0xc6,0xa7,0x62,0x5c,0xc3,0x00,0x3d,0x07,0x3d,0x07,0x3d,
    0x07,0x3d,0x07,0x3d,0x07,0x11,0x04,0x00,0x00,0x00,0x00,0x00,0x00,0x00,0x00,0x00,
    0x00,0x00,0x00,0x00,0x00,0x00,0x00,0x00,0x00,0x00,0x00,0x00,0x00,0x00,0x00,0x00,
    0x00,0x00,0x00,0x00,0x00,0x11,0x04,0x3d,0x07,0x3d,0x07,0x3d,0x07,0x3d,0x07,0x3d,
    0x07,0xc3,0x00,0x62,0x5c,0xc6,0xa7,0xc6,0xa7,0xc6,0xa7,0xc6,0xa7,0xc6,0xa7,0x40,
    0x00,0x05,0xa0,0x27,0xf8,0x27,0xf8,0x27,0xf8,0x27,0xf8,0x27,0xe8,0x06,0xd8,0x27,
    0xf8,0x27,0xf8,0x27,0xf8,0x27,0xf8,0x06,0xc0,0x00,0x00,0x25,0x9f,0xc6,0xa7,0xc6,
    0xa7,0xc6,0xa7,0xc6,0xa7,0xff,0xa3,0x7d,0x00,0x00,0xdc,0x06,0x3d,0x07,0x3d,0x07,
    0x3d,0x07,0x3d,0x07,0x5a,0x06,0x00,0x00,0x00,0x00,0x00,0x00,0x00,0x00,0x00,0x00,
    0x00,0x00,0x00,0x00,0x00,0x00,0x00,0x00,0x00,0x00,0x00,0x00,0x00,0x00,0x00,0x00,
    0x00,0x00,0x00,0x00,0x5a,0x06,0x3d,0x07,0x3d,0x07,0x3d,0x07,0x3d,0x07,0xdc,0x06,
    0x00,0x00,0xa3,0x7d,0xc6,0xa7,0xc6,0xa7,0xc6,0xa7,0xc6,0xa7,0x25,0x9f,0x00,0x00,
    0x06,0xc0,0x27,0xf8,0x27,0xf8,0x27,0xf8,0x27,0xf8,0x06,0xd8,0x05,0xb0,0x27,0xf8,
    0x27,0xf8,0x27,0xf8,0x27,0xf8,0x07,0xe8,0x00,0x00,0xe3,0x7d,0xc6,0xa7,0xc6,0xa7,
    0xc6,0xa7,0xc6,0xa7,0x66,0x9f,0x00,0x00,0xf4,0x04,0x3d,0x07,0x3d,0x07,0x3d,0x07,
    0x3d,0x07,0x3d,0x07,0xcb,0x02,0x00,0x00,0x00,0x00,0x00,0x00,0x00,0x00,0x00,0x00,
    0x00,0x00,0x00,0x00,0x00,0x00,0x00,0x00,0x00,0x00,0x00,0x00,0x00,0x00,0x00,0x00,
    0xcb,0x02,0x3d,0x07,0x3d,0x07,0x3d,0x07,0x3d,0x07,0x3d,0x07,0xf4,0x04,0x00,0x00,
    0x66,0x9f,0xc6,0xa7,0xc6,0xa7,0xc6,0xa7,0xc6,0xa7,0xe3,0x7d,0x00,0x00,0x07,0xe8,
    0x27,0xf8,0x27,0xf8,0x27,0xf8,0x27,0xf8,0x05,0xb0,0x03,0x88,0x27,0xf8,0x27,0xf8,
    0x27,0xf8,0x27,0xf8,0x27,0xf8,0x00,0x18,0x22,0x5c,0xc6,0xa7,0xc6,0xa7,0xc6,0xa7,
    0xc6,0xa7,0xc6,0xa7,0x21,0x32,0x6a,0x02,0x3d,0x07,0x3d,0x07,0x3d,0x07,0x3d,0x07,
    0x3d,0x07,0x9b,0x06,0xa2,0x00,0x00,0x00,0x00,0x00,0x00,0x00,0x00,0x00,0x00,0x00,
    0x00,0x00,0x00,0x00,0xff,0x00,0x00,0x00,0x00,0x00,0x00,0x00,0x00,0xa2,0x00,0x9b,
    0x06,0x3d,0x07,0x3d,0x07,0x3d,0x07,0x3d,0x07,0x3d,0x07,0x6a,0x02,0x21,0x32,0xc6,
    0xa7,0xc6,0xa7,0xc6,0xa7,0xc6,0xa7,0xc6,0xa7,0x22,0x5c,0x00,0x18,0x27,0xf8,0x27,
    0xf8,0x27,0xf8,0x27,0xf8,0x27,0xf8,0x03,0x88,0x02,0x58,0x27,0xf8,0x27,0xf8,0x27,
    0xf8,0x27,0xf8,0x27,0xf8,0x02,0x60,0xe1,0x29,0xc6,0xa7,0xc6,0xa7,0xc6,0xa7,0xc6,
    0xa7,0xc6,0xa7,0x43,0x6d,0x00,0x00,0x7a,0x06,0x3d,0x07,0x3d,0x07,0x3d,0x07,0x3d,
    0x07,0x3d,0x07,0xf8,0x05,0xa2,0x00,0x00,0x00,0x00,0x00,0x00,0x00,0x00,0x00,0x00,
    0x00,0x00,0x00,0x00,0x00,0x00,0x00,0x00,0x00,0xa2,0x00,0xf8,0x05,0x3d,0x07,0x3d,
    0x07,0x3d,0x07,0x3d,0x07,0x3d,0x07,0x7a,0x06,0x00,0x00,0x43,0x6d,0xc6,0xa7,0xc6,
    0xa7,0xc6,0xa7,0xc6,0xa7,0xc6,0xa7,0xe1,0x29,0x02,0x60,0x27,0xf8,0x27,0xf8,0x27,
    0xf8,0x27,0xf8,0x27,0xf8,0x02,0x58,0x00,0x10,0x27,0xf8,0x27,0xf8,0x27,0xf8,0x27,
    0xf8,0x27,0xf8,0x05,0xb0,0x00,0x00,0x05,0x97,0xc6,0xa7,0xc6,0xa7,0xc6,0xa7,0xc6,
    0xa7,0xa6,0xa7,0x20,0x11,0xab,0x02,0x3d,0x07,0x3d,0x07,0x3d,0x07,0x3d,0x07,0x3d,
    0x07,0x3d,0x07,0x9b,0x06,0xcb,0x02,0x00,0x00,0x00,0x00,0x00,0x00,0x00,0x00,0x00,
    0x00,0x00,0x00,0x00,0x00,0xcb,0x02,0x9b,0x06,0x3d,0x07,0x3d,0x07,0x3d,0x07,0x3d,
    0x07,0x3d,0x07,0x3d,0x07,0xab,0x02,0x20,0x11,0xa6,0xa7,0xc6,0xa7,0xc6,0xa7,0xc6,
    0xa7,0xc6,0xa7,0xd3,0x05,0x97,0x00,0x00,0x05,0xb0,0x27,0xf8,0x27,0xf8,0x27,0xf8,
    0x27,0xf8,0x27,0xf8,0x00,0x10,0x00,0x00,0x06,0xd0,0x27,0xf8,0x27,0xf8,0x27,0xf8,
    0x27,0xf8,0x27,0xf8,0x00,0x10,0x42,0x5c,0xc6,0xa7,0xc6,0xa7,0xc6,0xa7,0xc6,0xa7,
    0xc6,0xa7,0xc3,0x7d,0x00,0x00,0x35,0x05,0x3d,0x07,0x3d,0x07,0x3d,0x07,0x3d,0x07,
    0x3d,0x07,0x3d,0x07,0x3d,0x07,0x5a,0x06,0x11,0x04,0xcc,0x02,0x29,0x02,0xcc,0x02,
    0x11,0x04,0x5a,0x06,0x3d,0x07,0x3d,0x07,0x3d,0x07,0x3d,0x07,0x3d,0x07,0x3d,0x07,
    0x3d,0x07,0x35,0x05,0x00,0x00,0xc3,0x7d,0xc6,0xa7,0xc6,0xa7,0xc6,0xa7,0xc6,0xa7,
    0xc6,0xa7,0x42,0x5c,0x00,0x10,0x27,0xf8,0x27,0xf8,0x27,0xf8,0x27,0xf8,0x27,0xf8,
    0x06,0xd0,0x00,0x00,0x00,0x00,0x03,0x80,0x27,0xf8,0x27,0xf8,0x27,0xf8,0x27,0xf8,
    0x27,0xf8,0x03,0x78,0xc0,0x08,0x86,0xa7,0xc6,0xa7,0xc6,0xa7,0xc6,0xa7,0xc6,0xa7,
    0xc6,0xa7,0x42,0x4b,0x61,0x00,0x39,0x06,0x3d,0x07,0x12,0x3d,0x07,0xff,0x39,0x06,
    0x61,0x00,0x42,0x4b,0xc6,0xa7,0xc6,0xa7,0xc6,0xa7,0xc6,0xa7,0xc6,0xa7,0x86,0xa7,
    0xc0,0x08,0x03,0x78,0x27,0xf8,0x27,0xf8,0x27,0xf8,0x27,0xf8,0x27,0xf8,0x03,0x80,
    0x00,0x00,0x00,0x00,0x00,0x18,0x27,0xf8,0x27,0xf8,0x27,0xf8,0x27,0xf8,0x27,0xf8,
    0x07,0xe8,0x00,0x00,0x82,0x64,0xc6,0xa7,0xc6,0xa7,0xc6,0xa7,0xc6,0xa7,0xc6,0xa7,
    0x86,0xa7,0x01,0x2a,0xc2,0x00,0x39,0x06,0x3d,0x07,0x3d,0x07,0x3d,0x07,0x3d,0x07,
    0x3d,0x07,0x3d,0x07,0x3d,0x07,0x3d,0x07,0x3d,0x07,0x3d,0x07,0x3d,0x07,0x3d,0x07,
    0x3d,0x07,0x3d,0x07,0x3d,0x07,0x3d,0x07,0x3d,0x07,0x39,0x06,0xc2,0x00,0x01,0x2a,
    0x86,0xa7,0xc6,0xa7,0xc6,0xa7,0xc6,0xa7,0xc6,0xa7,0xc6,0xa7,0x82,0x64,0x00,0x00,
    0x07,0xe8,0x27,0xf8,0x27,0xf8,0x27,0xf8,0x27,0xf8,0x27,0xf8,0x00,0x18,0x00,0x00,
    0x00,0x00,0x00,0x00,0x06,0xb8,0x27,0xf8,0x27,0xf8,0x27,0xf8,0x27,0xf8,0x27,0xf8,
    0x03,0x80,0x60,0x00,0x05,0x97,0xc6,0xa7,0xc6,0xa7,0xc6,0xa7,0xc6,0xa7,0xc6,0xa7,
    0x66,0x9f,0x01,0x2a,0x61,0x00,0x35,0x05,0x3d,0x07,0x3d,0x07,0x3d,0x07,0x3d,0x07,
    0x3d,0x07,0x3d,0x07,0x3d,0x07,0x3d,0x07,0x3d,0x07,0x3d,0x07,0x3d,0x07,0x3d,0x07,
    0x3d,0x07,0x3d,0x07,0x3d,0x07,0x35,0x05,0x61,0x00,0x01,0x2a,0x66,0x9f,0xc6,0xa7,
    0xc6,0xa7,0xc6,0xa7,0xc6,0xa7,0xc6,0xa7,0x05,0x97,0x60,0x00,0x03,0x80,0x27,0xf8,
    0x27,0xf8,0x27,0xf8,0x27,0xf8,0x27,0xf8,0x06,0xb8,0x00,0x00,0xff,0x00,0x00,0x00,
    0x00,0x00,0x00,0x01,0x40,0x27,0xf8,0x27,0xf8,0x27,0xf8,0x27,0xf8,0x27,0xf8,0x27,
    0xf0,0x00,0x28,0x41,0x32,0xc6,0xa7,0xc6,0xa7,0xc6,0xa7,0xc6,0xa7,0xc6,0xa7,0xc6,
    0xa7,0x86,0xa7,0x42,0x4b,0x00,0x00,0xab,0x02,0x7a,0x06,0x3d,0x07,0x3d,0x07,0x3d,
    0x07,0x3d,0x07,0x3d,0x07,0x3d,0x07,0x3d,0x07,0x3d,0x07,0x3d,0x07,0x3d,0x07,0x3d,
    0x07,0x7a,0x06,0xab,0x02,0x00,0x00,0x42,0x4b,0x86,0xa7,0xc6,0xa7,0xc6,0xa7,0xc6,
    0xa7,0xc6,0xa7,0xc6,0xa7,0xc6,0xa7,0x41,0x32,0x00,0x28,0x27,0xf0,0x27,0xf8,0x27,
    0xf8,0x27,0xf8,0x27,0xf8,0x27,0xf8,0x01,0x40,0x00,0x00,0x00,0x00,0x00,0x00,0x00,
    0x00,0x00,0x00,0x06,0xc0,0x27,0xf8,0x27,0xf8,0x27,0xf8,0x27,0xf8,0x27,0xf8,0x06,
    0xc8,0x00,0x00,0x42,0x5c,0xc6,0xa7,0xc6,0xa7,0xc6,0xa7,0xc6,0xa7,0xc6,0xa7,0xc6,
    0xa7,0xc6,0xa7,0xc3,0x7d,0x20,0x11,0x00,0x00,0x6a,0x02,0xf4,0x04,0xdc,0x06,0x3d,
    0x07,0x3d,0x07,0x3d,0x07,0x3d,0x07,0x3d,0x07,0xdc,0x06,0xf4,0x04,0x6a,0x02,0x00,
    0x00,0x20,0x11,0xc3,0x7d,0xc6,0xa7,0xc6,0xa7,0xc6,0xa7,0xc6,0xa7,0xc6,0xa7,0xc6,
    0xa7,0xc6,0xa7,0x42,0x5c,0x00,0x00,0x06,0xc8,0x27,0xf8,0x27,0xf8,0x27,0xf8,0x27,
    0xf8,0x27,0xf8,0x06,0xc0,0x00,0x00,0x00,0x00,0x00,0x00,0x00,0x00,0x00,0x00,0x00,
    0x00,0x00,0x30,0x27,0xf8,0x27,0xf8,0x27,0xf8,0x27,0xf8,0x27,0xf8,0x27,0xf8,0x05,
    0x98,0x00,0x00,0x23,0x6d,0xc6,0xa7,0xc6,0xa7,0xc6,0xa7,0xee,0xc6,0xa7,0xc6,0xa7,
    0xc6,0xa7,0xc6,0xa7,0xa6,0xa7,0x43,0x6d,0x21,0x32,0x00,0x00,0x00,0x00,0xc3,0x00,
    0x87,0x01,0xc8,0x01,0x87,0x01,0xc3,0x00,0x00,0x00,0x00,0x00,0x21,0x32,0x43,0x6d,
    0xa6,0xa7,0xc6,0xa7,0xc6,0xa7,0xc6,0xa7,0xc6,0xa7,0xc6,0xa7,0xc6,0xa7,0xc6,0xa7,
    0x23,0x6d,0x00,0x00,0x05,0x98,0x27,0xf8,0x27,0xf8,0x27,0xf8,0x27,0xf8,0x27,0xf8,
    0x27,0xf8,0x00,0x30,0x00,0x00,0x00,0x00,0x00,0x00,0x00,0x00,0x00,0x00,0x00,0x00,
    0x00,0x00,0x03,0x90,0x27,0xf8,0x27,0xf8,0x27,0xf8,0x27,0xf8,0x27,0xf8,0x27,0xf8,
    0x03,0x80,0x00,0x00,0x23,0x6d,0xc6,0xa7,0xc6,0xa7,0xc6,0xa7,0xc6,0xa7,0xc6,0xa7,
    0xc6,0xa7,0xc6,0xa7,0xc6,0xa7,0xc6,0xa7,0x66,0x9f,0xa3,0x7d,0x62,0x5c,0x82,0x4b,
    0x62,0x4b,0x82,0x4b,0x62,0x5c,0xa3,0x7d,0x66,0x9f,0xc6,0xa7,0xc6,0xa7,0xc6,0xa7,
    0xc6,0xa7,0xc6,0xa7,0xc6,0xa7,0xc6,0xa7,0xc6,0xa7,0xc6,0xa7,0x23,0x6d,0x00,0x00,
    0x03,0x80,0x27,0xf8,0x27,0xf8,0x27,0xf8,0x27,0xf8,0x27,0xf8,0x27,0xf8,0x03,0x90,
    0x00,0x00,0x00,0x00,0x00,0x00,0x00,0x00,0x00,0x00,0x00,0x00,0x00,0x00,0x00,0x00,
    0x00,0x00,0x06,0xd0,0x27,0xf8,0x27,0xf8,0x27,0xf8,0x27,0xf8,0x27,0xf8,0x27,0xf8,
    0x03,0x80,0x00,0x00,0x42,0x5c,0xc6,0xa7,0x18,0xc6,0xa7,0xa1,0x42,0x5c,0x00,0x00,
    0x03,0x80,0x27,0xf8,0x27,0xf8,0x27,0xf8,0x27,0xf8,0x27,0xf8,0x27,0xf8,0x06,0xd0,
    0x00,0x00,0x00,0x00,0x00,0x00,0x00,0x00,0x00,0x00,0x00,0x00,0x00,0x00,0x00,0x00,
    0x00,0x00,0x00,0x00,0x00,0x28,0x27,0xf0,0x27,0xf8,0x27,0xf8,0x27,0xf8,0x27,0xf8,
    0x27,0xf8,0x27,0xf8,0x05,0x98,0x00,0x00,0x41,0x32,0x05,0x97,0xc6,0xa7,0x14,0xc6,
    0xa7,0xff,0x05,0x97,0x41,0x32,0x00,0x00,0x05,0x98,0x27,0xf8,0x27,0xf8,0x27,0xf8,
    0x27,0xf8,0x27,0xf8,0x27,0xf8,0x27,0xf0,0x00,0x28,0x00,0x00,0x00,0x00,0x00,0x00,
    0x00,0x00,0x00,0x00,0x00,0x00,0x00,0x00,0x00,0x00,0x00,0x00,0x00,0x00,0x00,0x00,
    0x01,0x50,0x27,0xf8,0x27,0xf8,0x27,0xf8,0x27,0xf8,0x27,0xf8,0x27,0xf8,0x27,0xf8,
    0x06,0xc8,0x00,0x28,0x60,0x00,0x82,0x64,0x86,0xa7,0xc6,0xa7,0xc6,0xa7,0xc6,0xa7,
    0xc6,0xa7,0xc6,0xa7,0xc6,0xa7,0xc6,0xa7,0xc6,0xa7,0xc6,0xa7,0xc6,0xa7,0xc6,0xa7,
    0xc6,0xa7,0xc6,0xa7,0xc6,0xa7,0xc6,0xa7,0xc6,0xa7,0xc6,0xa7,0x86,0xa7,0x82,0x64,
    0x60,0x00,0x00,0x28,0x06,0xc8,0x27,0xf8,0x27,0xf8,0x27,0xf8,0x27,0xf8,0x27,0xf8,
    0x27,0xf8,0x27,0xf8,0x01,0x50,0x00,0x00,0x00,0x00,0x00,0x00,0x00,0x00,0x00,0x00,
    0x00,0x00,0x00,0x00,0x00,0x00,0x00,0x00,0x00,0x00,0x00,0x00,0x00,0x00,0x00,0x00,
    0x02,0x68,0x27,0xf8,0x27,0xf8,0x27,0xf8,0x27,0xf8,0x27,0xf8,0x27,0xf8,0x27,0xf8,
    0x27,0xf0,0x03,0x80,0x00,0x00,0xc0,0x08,0x42,0x5c,0x05,0x97,0xc6,0xa7,0xc6,0xa7,
    0xc6,0xa7,0xc6,0xa7,0xc6,0xa7,0xc6,0xa7,0xc6,0xa7,0xc6,0xa7,0xc6,0xa7,0xc6,0xa7,
    0xc6,0xa7,0xc6,0xa7,0xc6,0xa7,0x05,0x97,0x42,0x5c,0xc0,0x08,0x00,0x00,0x03,0x80,
    0x27,0xf0,0x27,0xf8,0x27,0xf8,0x27,0xf8,0x27,0xf8,0x27,0xf8,0x27,0xf8,0x27,0xf8,
    0x02,0x68,0x00,0x00,0x00,0x00,0x00,0x00,0x00,0x00,0x00,0x00,0x00,0x00,0x00,0x00,
    0xe6,0x00,0x00,0x00,0x00,0x00,0x00,0x00,0x00,0x00,0x00,0x00,0x00,0x00,0x00,0x00,
    0x00,0x02,0x68,0x27,0xf8,0x27,0xf8,0x27,0xf8,0x27,0xf8,0x27,0xf8,0x27,0xf8,0x27,
    0xf8,0x27,0xf8,0x07,0xe8,0x03,0x78,0x00,0x10,0x00,0x00,0xe1,0x29,0x22,0x5c,0xe3,
    0x7d,0x25,0x9f,0xc6,0xa7,0xc6,0xa7,0xc6,0xa7,0xc6,0xa7,0xc6,0xa7,0x25,0x9f,0xe3,
    0x7d,0x22,0x5c,0xe1,0x29,0x00,0x00,0x00,0x10,0x03,0x78,0x07,0xe8,0x27,0xf8,0x27,
    0xf8,0x27,0xf8,0x27,0xf8,0x27,0xf8,0x27,0xf8,0x27,0xf8,0x27,0xf8,0x02,0x68,0x00,
    0x00,0x00,0x00,0x00,0x00,0x00,0x00,0x00,0x00,0x00,0x00,0x00,0x00,0x00,0x00,0x00,
    0x00,0x00,0x00,0x00,0x00,0x00,0x00,0x00,0x00,0x00,0x00,0x00,0x00,0x00,0x00,0x00,
    0x00,0x01,0x50,0x27,0xf0,0x27,0xf8,0x27,0xf8,0x27,0xf8,0x27,0xf8,0x27,0xf8,0x27,
    0xf8,0x27,0xf8,0x27,0xf8,0x27,0xf8,0x05,0xb0,0x02,0x60,0x00,0x18,0x00,0x00,0x00,
    0x00,0x40,0x00,0xc0,0x08,0xe0,0x10,0xc0,0x08,0x40,0x00,0x00,0x00,0x00,0x00,0x00,
    0x18,0x02,0x60,0x05,0xb0,0x27,0xf8,0x27,0xf8,0x27,0xf8,0x27,0xf8,0x27,0xf8,0x27,
    0xf8,0x27,0xf8,0x27,0xf8,0x27,0xf8,0x27,0xf0,0x01,0x50,0x00,0x00,0x12,0x00,0x00,
    0xa4,0x00,0x28,0x06,0xd0,0x27,0xf8,0x27,0xf8,0x27,0xf8,0x27,0xf8,0x27,0xf8,0x27,
    0xf8,0x27,0xf8,0x27,0xf8,0x27,0xf8,0x27,0xf8,0x27,0xf8,0x07,0xe8,0x06,0xc0,0x05,
    0xa0,0x03,0x90,0x03,0x90,0x03,0x90,0x05,0xa0,0x06,0xc0,0x07,0xe8,0x27,0xf8,0x27,
    0xf8,0x27,0xf8,0x27,0xf8,0x27,0xf8,0x27,0xf8,0x27,0xf8,0x27,0xf8,0x27,0xf8,0x27,
    0xf8,0x27,0xf8,0x06,0xd0,0x00,0x28,0x00,0x00,0x15,0x00,0x00,0x82,0x03,0x90,0x27,
    0xf8,0x1c,0x27,0xf8,0x82,0x03,0x90,0x00,0x00,0x18,0x00,0x00,0x83,0x00,0x30,0x06,
    0xc0,0x27,0xf8,0x18,0x27,0xf8,0x83,0x06,0xc0,0x00,0x30,0x00,0x00,0x1b,0x00,0x00,
    0x83,0x01,0x40,0x06,0xb8,0x27,0xf8,0x14,0x27,0xf8,0x83,0x06,0xb8,0x01,0x40,0x00,
    0x00,0x1f,0x00,0x00,0x96,0x00,0x18,0x03,0x80,0x06,0xd0,0x27,0xf8,0x27,0xf8,0x27,
    0xf8,0x27,0xf8,0x27,0xf8,0x27,0xf8,0x27,0xf8,0x27,0xf8,0x27,0xf8,0x27,0xf8,0x27,
    0xf8,0x27,0xf8,0x27,0xf8,0x27,0xf8,0x27,0xf8,0x06,0xd0,0x03,0x80,0x00,0x18,0x00,
    0x00,0x24,0x00,0x00,0x90,0x00,0x10,0x02,0x58,0x03,0x88,0x05,0xb0,0x06,0xd8,0x27,
    0xe8,0x27,0xf8,0x27,0xf8,0x27,0xf8,0x27,0xe8,0x06,0xd8,0x05,0xb0,0x03,0x88,0x02,
    0x58,0x00,0x10,0x00,0x00,0x13,0x00,0x00,

};

static const LV_ATTRIBUTE_MEM_ALIGN LV_ATTRIBUTE_LARGE_CONST uint8_t RING_png_data[] = {

    0x02,0x00,0x00,0x00,0xfa,0x06,0x00,0x00,0x73,0x23,0x00,0x00,0x1f,0x00,0x01,0x00,
    0x14,0xe1,0x24,0x80,0x24,0x98,0x25,0xb0,0x25,0xc0,0x26,0xd8,0x27,0xf0,0x27,0xf8,
    0x02,0x00,0xbf,0xf0,0x26,0xd8,0x25,0xc0,0x25,0xb0,0x24,0x98,0x24,0x80,0x45,0x00,
    0x14,0x0f,0x02,0x00,0x10,0x61,0x24,0x88,0x25,0xa8,0x26,0xd8,0x60,0x00,0x0f,0x02,
    0x00,0x06,0x6f,0x26,0xd8,0x25,0xa8,0x24,0x88,0x4d,0x00,0x10,0x0f,0x02,0x00,0x0a,
    0x4f,0x24,0x90,0x26,0xc8,0x68,0x00,0x0b,0x08,0x02,0x00,0x4f,0x26,0xc8,0x24,0x90,
    0x4f,0x00,0x0a,0x0f,0x02,0x00,0x08,0x48,0x24,0x88,0x26,0xd0,0x4c,0x00,0x0f,0x02,
    0x00,0x13,0x2f,0x26,0xd0,0xe4,0x00,0x1f,0x4f,0x24,0x80,0x25,0xb0,0x5e,0x00,0x13,
    0x0f,0x02,0x00,0x01,0x2f,0x25,0xb0,0xca,0x01,0x19,0x2f,0x24,0x88,0xa8,0x01,0x06,
    0x71,0xe8,0x25,0xc0,0x24,0xa0,0x24,0x90,0x02,0x00,0x5f,0xa0,0x25,0xc0,0x27,0xe8,
    0x6e,0x00,0x01,0x4f,0x27,0xf8,0x26,0xd8,0xe2,0x00,0x15,0x25,0x24,0x98,0x76,0x02,
    0x07,0x02,0x00,0x60,0x25,0xb0,0x03,0x60,0x01,0x20,0xc2,0x02,0xa0,0x60,0x08,0xc0,
    0x10,0xe0,0x10,0xc0,0x10,0x60,0x08,0xd0,0x02,0x4f,0x01,0x20,0x03,0x60,0x08,0x01,
    0x02,0x3f,0xf0,0x24,0x98,0xa7,0x01,0x08,0x03,0x02,0x00,0x2d,0x24,0xa0,0xae,0x00,
    0xf4,0x02,0xe8,0x03,0x78,0x00,0x10,0x20,0x00,0x01,0x2a,0x23,0x5c,0xe4,0x7d,0x25,
    0x9f,0xc6,0xa7,0x02,0x00,0xee,0x25,0x9f,0xe4,0x7d,0x23,0x5c,0x01,0x2a,0x20,0x00,
    0x00,0x10,0x03,0x78,0xe8,0x00,0x23,0x24,0xa0,0x55,0x00,0x0f,0x02,0x00,0x04,0x0e,
    0x6c,0x00,0xa4,0x24,0x80,0x00,0x08,0xc0,0x10,0x43,0x5c,0x05,0x97,0x64,0x00,0x0e,
    0x02,0x00,0xac,0x05,0x97,0x43,0x5c,0xc0,0x10,0x00,0x08,0x24,0x80,0xaa,0x00,0x0f,
    0x70,0x00,0x09,0x2a,0x24,0x98,0x2e,0x00,0x95,0x26,0xd0,0x01,0x28,0x80,0x08,0x83,
    0x5c,0xa6,0xce,0x00,0x0f,0x02,0x00,0x07,0x8c,0xa6,0xa7,0x83,0x5c,0x80,0x08,0x01,
    0x28,0xc8,0x02,0x0f,0x50,0x01,0x05,0x2a,0x24,0x88,0xb0,0x01,0x7f,0x24,0x98,0x00,
    0x08,0x61,0x32,0x25,0xd4,0x00,0x08,0x0c,0x02,0x00,0x6b,0x25,0x97,0x61,0x32,0x00,
    0x08,0xb4,0x00,0x1f,0xf0,0x30,0x02,0x01,0x2a,0x24,0x80,0x88,0x02,0x6c,0x23,0x80,
    0x00,0x00,0x43,0x5c,0x50,0x00,0x0f,0x02,0x00,0x0f,0x59,0x43,0x5c,0x00,0x00,0x23,
    0x52,0x01,0x2e,0x26,0xd8,0x10,0x03,0x0a,0x58,0x02,0x6e,0x23,0x80,0x20,0x00,0x24,
    0x6d,0x5c,0x00,0xf7,0x02,0x65,0x9f,0xa4,0x7d,0x63,0x5c,0x82,0x4b,0x62,0x4b,0x82,
    0x4b,0x63,0x5c,0xa4,0x7d,0x65,0x34,0x02,0x04,0x02,0x00,0x3b,0x24,0x6d,0x20,0x70,
    0x00,0x2a,0x25,0xb0,0x27,0x02,0x28,0x24,0x88,0xb2,0x01,0x3f,0x24,0x98,0x00,0x6c,
    0x00,0x00,0xfd,0x0a,0x44,0x6d,0x21,0x2a,0x20,0x00,0x00,0x00,0xe3,0x00,0xa7,0x01,
    0xc7,0x01,0xa7,0x01,0xe3,0x00,0x00,0x00,0x20,0x00,0x21,0x2a,0x44,0x96,0x00,0x2c,
    0x24,0x6d,0x04,0x02,0x0a,0x4e,0x01,0x08,0xdc,0x01,0x4c,0x26,0xd0,0x00,0x08,0x44,
    0x01,0xe4,0xc4,0x7d,0x41,0x19,0x20,0x00,0x6a,0x02,0xf4,0x04,0xdc,0x06,0x3e,0x07,
    0x02,0x00,0xc4,0xdc,0x06,0xf4,0x04,0x6a,0x02,0x20,0x00,0x41,0x19,0xc4,0x7d,0xda,
    0x00,0x02,0x02,0x00,0x4b,0x43,0x5c,0x00,0x08,0x54,0x00,0x05,0xdf,0x00,0x28,0x24,
    0x90,0xda,0x00,0x42,0x01,0x28,0x61,0x32,0x34,0x00,0x02,0x02,0x00,0x97,0xa6,0xa7,
    0x42,0x43,0x00,0x00,0xab,0x02,0x7a,0x68,0x00,0x08,0x02,0x00,0x8a,0x7a,0x06,0xab,
    0x02,0x00,0x00,0x42,0x43,0xba,0x02,0x48,0x61,0x32,0x01,0x28,0x56,0x00,0x06,0xb0,
    0x05,0x08,0xe8,0x05,0x48,0x24,0x80,0x80,0x08,0x88,0x02,0x88,0x65,0x9f,0x01,0x2a,
    0x82,0x00,0x35,0x05,0x60,0x00,0x0e,0x02,0x00,0x68,0x35,0x05,0x82,0x00,0x01,0x2a,
    0xc6,0x01,0x39,0x25,0x97,0x80,0x80,0x03,0x22,0x26,0xc8,0xdd,0x00,0x09,0xb4,0x01,
    0x47,0xe8,0x00,0x08,0x83,0x8a,0x02,0x7f,0xa6,0xa7,0x01,0x2a,0xc3,0x00,0x3a,0xd6,
    0x00,0x04,0x08,0x02,0x00,0x68,0x3a,0x06,0xc3,0x00,0x01,0x2a,0xe0,0x00,0x48,0x83,
    0x5c,0x00,0x08,0x60,0x04,0x02,0xbc,0x01,0x26,0x25,0xa8,0xf2,0x00,0x48,0x03,0x78,
    0xc0,0x10,0x32,0x00,0x3f,0x42,0x43,0x82,0x6c,0x00,0x12,0xa2,0x3e,0x07,0x3e,0x07,
    0x3a,0x06,0x82,0x00,0x42,0x43,0x7e,0x01,0xa6,0xc6,0xa7,0xc6,0xa7,0xa6,0xa7,0xc0,
    0x10,0x03,0x78,0x5c,0x00,0x20,0x25,0xa8,0x28,0x08,0x08,0x68,0x03,0x28,0x00,0x10,
    0x20,0x02,0x3d,0xc4,0x7d,0x00,0x44,0x01,0xcc,0x7a,0x06,0x11,0x04,0xcb,0x02,0x49,
    0x02,0xcb,0x02,0x11,0x04,0xca,0x01,0x48,0x35,0x05,0x00,0x00,0x30,0x02,0x46,0x43,
    0x5c,0x00,0x10,0x6e,0x00,0x48,0x26,0xd8,0x00,0x00,0xdc,0x04,0x48,0x25,0xb0,0x20,
    0x00,0x10,0x05,0x42,0x41,0x19,0xab,0x02,0xb8,0x00,0x02,0x02,0x00,0x42,0xbb,0x06,
    0xcb,0x02,0x7e,0x01,0x04,0x02,0x00,0x39,0xcb,0x02,0xbb,0x66,0x01,0x42,0xab,0x02,
    0x41,0x19,0xda,0x00,0x79,0xc6,0xa7,0xc6,0xa7,0x05,0x97,0x20,0xc8,0x03,0x28,0x24,
    0x80,0x68,0x04,0x42,0x03,0x60,0x01,0x2a,0x28,0x00,0x88,0xc6,0xa7,0xc6,0xa7,0x44,
    0x6d,0x20,0x00,0xbe,0x00,0x34,0xf9,0x05,0xc3,0x65,0x00,0x07,0x02,0x00,0x37,0xc3,
    0x00,0xf9,0x42,0x02,0x48,0x7a,0x06,0x20,0x00,0x80,0x03,0x46,0x01,0x2a,0x03,0x60,
    0xde,0x00,0x28,0x24,0x98,0x7c,0x00,0x37,0x01,0x20,0x23,0x22,0x02,0x37,0x21,0x2a,
    0x6a,0xda,0x00,0x2f,0xbb,0x06,0x6c,0x00,0x01,0x00,0xb2,0x09,0x28,0xc3,0x00,0xe0,
    0x00,0x37,0x6a,0x02,0x21,0xb2,0x00,0x46,0x23,0x5c,0x01,0x20,0x6e,0x00,0x45,0x25,
    0xb0,0x25,0xc0,0x0e,0x00,0x45,0xe8,0x00,0x00,0xe4,0xa6,0x03,0x62,0x65,0x9f,0x20,
    0x00,0xf4,0x04,0x42,0x01,0x4c,0x3e,0x07,0x3e,0x07,0x44,0x01,0x08,0x02,0x00,0x17,
    0xcb,0x96,0x00,0x46,0xf4,0x04,0x20,0x00,0x0a,0x03,0x46,0xe4,0x7d,0x00,0x00,0x98,
    0x02,0x01,0x20,0x0a,0x03,0xa2,0x07,0x46,0x25,0xc0,0x00,0x00,0x2c,0x07,0x46,0xa4,
    0x7d,0x00,0x00,0x38,0x04,0x28,0x7a,0x06,0x5e,0x00,0x0e,0x02,0x00,0x06,0x72,0x01,
    0x55,0xdc,0x06,0x00,0x00,0xa4,0xb4,0x00,0x46,0x25,0x9f,0x00,0x00,0xd0,0x00,0x07,
    0x8c,0x0a,0x52,0xf8,0x24,0xa0,0x60,0x08,0xb2,0x01,0x82,0xc6,0xa7,0xc6,0xa7,0x63,
    0x5c,0xe3,0x00,0xd6,0x00,0x6e,0x3e,0x07,0x3e,0x07,0x11,0x04,0x62,0x00,0x08,0x02,
    0x00,0x17,0x11,0x06,0x01,0x37,0xe3,0x00,0x63,0x90,0x01,0x27,0x60,0x08,0xa2,0x07,
    0x04,0xf8,0x0a,0x72,0xf8,0x27,0xf8,0x24,0x90,0xc0,0x10,0x6a,0x00,0x82,0xc6,0xa7,
    0xc6,0xa7,0x82,0x4b,0xa7,0x01,0x6a,0x00,0x0f,0x48,0x01,0x0d,0x00,0x6e,0x0b,0x08,
    0x4c,0x01,0x42,0xa7,0x01,0x82,0x4b,0x44,0x00,0x6a,0xc6,0xa7,0xc6,0xa7,0xc0,0x10,
    0x18,0x05,0x04,0x02,0x00,0x42,0x24,0x90,0x00,0x11,0x22,0x00,0x77,0xc6,0xa7,0xc6,
    0xa7,0x62,0x4b,0xe7,0x6e,0x00,0x1b,0x49,0xfa,0x02,0x0c,0x02,0x00,0x17,0x49,0xba,
    0x01,0x37,0xc7,0x01,0x62,0x6e,0x00,0x1f,0xe0,0x6e,0x00,0x06,0x0f,0xdc,0x00,0x50,
    0x05,0x4c,0x01,0x0f,0xb8,0x01,0x51,0x0f,0x94,0x02,0x5b,0x06,0xa0,0x02,0x0f,0x70,
    0x03,0x51,0x0f,0x4c,0x04,0x5b,0x0f,0x28,0x05,0x5b,0x0f,0x04,0x06,0x5b,0x0f,0xe0,
    0x06,0x5b,0x0f,0xbc,0x07,0x5d,0x0f,0x98,0x08,0x5b,0x0f,0x74,0x09,0x5b,0x0f,0x50,
    0x0a,0x5d,0x0f,0x2c,0x0b,0x5b,0x0b,0xbc,0x01,0x0f,0x08,0x0c,0x10,0x1f,0xe7,0x08,
    0x0c,0x2a,0x0f,0xe4,0x0c,0x5b,0x0f,0xc0,0x0d,0x5d,0x01,0x4e,0x01,0x05,0x7e,0x06,
    0x03,0x50,0x01,0x0f,0x9c,0x0e,0x46,0x01,0x70,0x00,0x0f,0x78,0x0f,0x58,0x01,0x70,
    0x00,0x0d,0xc0,0x10,0x0f,0x54,0x10,0x47,0x0f,0x70,0x00,0x03,0x0f,0x30,0x11,0x47,
    0x01,0x70,0x00,0x0f,0x0c,0x12,0x10,0x2f,0x00,0x11,0x0c,0x12,0x33,0x01,0x70,0x00,
    0x16,0x88,0x40,0x08,0x0b,0x02,0x00,0x0f,0xe8,0x12,0x3e,0x01,0x70,0x00,0x0f,0xc4,
    0x13,0x58,0x02,0x02,0x00,0x0f,0xa0,0x14,0x57,0x04,0x02,0x00,0x0f,0x7c,0x15,0x57,
    0x04,0x02,0x00,0x0f,0x58,0x16,0x57,0x06,0x02,0x00,0x0f,0x34,0x17,0x47,0xf6,0x00,
    0x35,0x97,0xce,0xea,0xfa,0xfe,0xff,0xff,0xff,0xfe,0xfa,0xea,0xce,0x97,0x35,0x73,
    0x00,0x0f,0x02,0x00,0x08,0x4a,0x45,0xc1,0xf9,0xff,0x01,0x00,0x3f,0xf9,0xc1,0x45,
    0x30,0x00,0x08,0x01,0x02,0x00,0x2a,0x73,0xee,0x33,0x00,0x03,0x02,0x00,0x21,0xee,
    0x73,0x1e,0x00,0x0f,0x02,0x00,0x04,0x23,0x5d,0xf2,0x27,0x00,0x0e,0x02,0x00,0x2f,
    0xf2,0x5d,0x34,0x00,0x04,0x3e,0x00,0x17,0xd3,0x2e,0x00,0x07,0x02,0x00,0x2f,0xd3,
    0x17,0x39,0x00,0x02,0x1c,0x52,0xd4,0x00,0x0c,0x02,0x00,0x2f,0xf9,0x52,0x38,0x00,
    0x00,0x1c,0x8c,0x26,0x00,0x0f,0x02,0x00,0x00,0x1d,0x8c,0x38,0x00,0x1f,0xa7,0x26,
    0x00,0x00,0x0e,0x02,0x00,0x1b,0xa7,0x38,0x00,0x0f,0x36,0x00,0x13,0x0c,0x38,0x00,
    0x0f,0xa2,0x00,0x11,0x02,0x02,0x00,0x08,0xa8,0x00,0x12,0x52,0x13,0x00,0x0f,0x02,
    0x00,0x12,0x06,0x18,0x01,0x1f,0x17,0x44,0x01,0x0d,0x08,0x02,0x00,0x15,0xf9,0x88,
    0x01,0x0f,0xb0,0x01,0x0b,0x0c,0x02,0x00,0x13,0xd3,0x17,0x01,0x1c,0x5d,0x19,0x00,
    0x0f,0x02,0x00,0x0c,0x03,0x30,0x02,0x0f,0x52,0x02,0x07,0x0f,0x02,0x00,0x03,0x11,
    0xf2,0x6f,0x00,0x1f,0x73,0x1d,0x00,0x03,0x0f,0x02,0x00,0x08,0x01,0xd8,0x02,0x0f,
    0xf4,0x02,0x03,0x0f,0x02,0x00,0x09,0x5f,0xee,0x00,0x00,0x00,0x45,0x21,0x00,0x09,
    0x0f,0x02,0x00,0x04,0x4f,0x45,0x00,0x00,0xc1,0x1b,0x00,0x04,0x0f,0x02,0x00,0x09,
    0x3f,0xc1,0x00,0x00,0xb4,0x01,0x19,0x04,0x02,0x00,0x34,0xf9,0x00,0x35,0x0b,0x00,
    0x0f,0x02,0x00,0x1a,0x2f,0x35,0x97,0x2f,0x00,0x1a,0x04,0x02,0x00,0x24,0x97,0xce,
    0x0a,0x00,0x0f,0x02,0x00,0x1a,0x2f,0xce,0xea,0x2f,0x00,0x1a,0x04,0x02,0x00,0x24,
    0xea,0xfa,0x0a,0x00,0x0f,0x02,0x00,0x1a,0x01,0x46,0x05,0x0f,0x02,0x00,0x1f,0x1f,
    0xfe,0x33,0x00,0x1f,0x0f,0x02,0x00,0x60,0x0f,0xa6,0x00,0x23,0x1f,0xfe,0x4a,0x01,
    0x24,0x0f,0xb8,0x01,0x24,0x0f,0x26,0x02,0x24,0x0f,0x94,0x02,0x24,0x0f,0x02,0x03,
    0x24,0x0f,0x70,0x03,0x24,0x0f,0xde,0x03,0x25,0x0f,0x4c,0x04,0x24,0x0f,0xba,0x04,
    0x24,0x0f,0x28,0x05,0x25,0x0f,0x96,0x05,0x24,0x0f,0x04,0x06,0x25,0x0f,0x72,0x06,
    0x24,0x0f,0xe0,0x06,0x25,0x0f,0x4e,0x07,0x24,0x0f,0xbc,0x07,0x25,0x0f,0x2a,0x08,
    0x25,0x0f,0x38,0x00,0x15,0x0c,0x98,0x08,0x0f,0xa8,0x00,0x13,0x08,0x5e,0x08,0x04,
    0x02,0x00,0x0f,0x74,0x09,0x23,0x0f,0xe2,0x09,0x25,0x0f,0x50,0x0a,0x25,0x00,0xd9,
    0x22,0x0f,0xbe,0x0a,0x22,0x0f,0x2c,0x0b,0x26,0x01,0x02,0x00,0x0f,0x9a,0x0b,0x0b,
    0x50,0x00,0x00,0x00,0x00,0x00,

};

static const LV_ATTRIBUTE_MEM_ALIGN LV_ATTRIBUTE_LARGE_CONST uint8_t SPO2_data[] = {

    0x02,0x00,0x00,0x00,0x29,0x02,0x00,0x00,0xc0,0x06,0x00,0x00,0x19,0x00,0x01,0x00,
    0x2e,0xb3,0x1f,0x02,0x00,0x09,0x21,0x00,0x07,0x02,0x00,0x0e,0x2a,0x00,0x06,0x02,
    0x00,0x07,0x27,0x00,0x03,0x02,0x00,0x06,0x1c,0x00,0x0f,0x02,0x00,0x03,0x03,0x27,
    0x00,0x03,0x02,0x00,0x0f,0x24,0x00,0x03,0x0a,0x02,0x00,0x03,0x2b,0x00,0x0f,0x2e,
    0x00,0x02,0x2a,0xd5,0x47,0x2c,0x00,0x02,0x02,0x00,0x01,0x2d,0x00,0x12,0x00,0x0c,
    0x00,0x08,0x02,0x00,0x68,0xd8,0x87,0xff,0xff,0xd7,0x67,0x12,0x00,0x04,0x02,0x00,
    0x00,0x1e,0x01,0x04,0x0c,0x00,0x04,0x02,0x00,0xa4,0xd5,0x47,0xff,0xff,0xff,0xff,
    0xfe,0xef,0xd4,0x37,0x12,0x00,0x06,0x02,0x00,0x0e,0x2e,0x00,0x51,0xb3,0x1f,0xfd,
    0xcf,0xff,0x01,0x00,0x26,0xfb,0xb7,0x28,0x00,0x0f,0x02,0x00,0x07,0x21,0xd8,0x77,
    0x2d,0x00,0x01,0x02,0x00,0x2f,0xd6,0x5f,0x28,0x00,0x07,0x02,0x02,0x00,0x41,0xd4,
    0x2f,0xff,0xf7,0x2b,0x00,0x01,0x02,0x00,0x42,0xfe,0xe7,0xb3,0x27,0x18,0x00,0x0f,
    0x02,0x00,0x05,0x21,0xda,0x9f,0x29,0x00,0x05,0x02,0x00,0x2f,0xd8,0x7f,0x2a,0x00,
    0x05,0x03,0x5e,0x00,0x05,0x2a,0x00,0x02,0x02,0x00,0x2f,0xfe,0xef,0x62,0x00,0x09,
    0x22,0xd9,0x87,0x26,0x00,0x08,0x02,0x00,0x22,0xd7,0x6f,0x4c,0x00,0x0f,0x02,0x00,
    0x01,0x04,0x1a,0x01,0x08,0x02,0x00,0x0f,0x26,0x01,0x09,0x48,0xfe,0xef,0xd7,0x67,
    0x2c,0x00,0x6f,0xff,0xff,0xff,0xff,0xfd,0xcf,0x5a,0x00,0x01,0x02,0x02,0x00,0x62,
    0xfd,0xd7,0xd7,0x6f,0xfe,0xef,0x28,0x00,0x04,0x02,0x00,0x0f,0x60,0x00,0x09,0x64,
    0xd9,0x8f,0xfc,0xc7,0xd8,0x7f,0x2a,0x00,0x02,0x02,0x00,0x22,0xd8,0x77,0x4c,0x00,
    0x04,0x02,0x00,0x08,0xe2,0x01,0x86,0xd3,0x2f,0xfe,0xe7,0xd9,0x8f,0xd9,0x87,0x84,
    0x01,0x2a,0xfd,0xd7,0x20,0x01,0x0c,0x40,0x02,0xfc,0x01,0xd5,0x47,0xfe,0xe7,0xfb,
    0xbf,0xfb,0xb7,0xfc,0xc7,0xff,0xf7,0xff,0xff,0xfd,0xdf,0x44,0x02,0x0f,0xa2,0x02,
    0x00,0xba,0x27,0xd9,0x87,0xfc,0xc7,0xfd,0xd7,0xfc,0xbf,0xd8,0x7f,0x5c,0x00,0x04,
    0x2e,0x00,0x0c,0x64,0x00,0x0f,0x02,0x00,0x05,0x02,0x2a,0x00,0x04,0x02,0x00,0x0f,
    0x26,0x00,0x05,0x04,0x02,0x00,0x04,0x28,0x00,0x06,0x02,0x00,0x04,0x1a,0x00,0x0f,
    0x02,0x00,0x01,0x06,0x26,0x00,0x0a,0x02,0x00,0x0f,0x2c,0x00,0x16,0xa8,0x29,0x82,
    0xc3,0xef,0xff,0xff,0xef,0xc3,0x82,0x29,0x41,0x00,0x22,0x28,0xb3,0x85,0x01,0x65,
    0xff,0xff,0xff,0xff,0xb3,0x28,0x1a,0x00,0x22,0x66,0xf8,0x13,0x00,0x02,0x02,0x00,
    0x23,0xf8,0x66,0x19,0x00,0x12,0x82,0x10,0x00,0x06,0x02,0x00,0x11,0x82,0x19,0x00,
    0x16,0x66,0x11,0x00,0x04,0x02,0x00,0x59,0x66,0x00,0x00,0x00,0x28,0x45,0x00,0x02,
    0x02,0x00,0x47,0xf8,0x28,0x00,0x00,0x73,0x00,0x06,0x02,0x00,0x36,0xb3,0x00,0x29,
    0x0d,0x00,0x08,0x02,0x00,0x1d,0x29,0x75,0x00,0x02,0x02,0x00,0x22,0x82,0xc3,0x08,
    0x00,0x0c,0x02,0x00,0x1b,0xc3,0x8f,0x02,0x04,0x02,0x00,0x0f,0x17,0x00,0x04,0x0f,
    0x02,0x00,0x07,0x0f,0x31,0x00,0x04,0x1f,0xef,0x78,0x00,0x05,0x0f,0xa8,0x00,0x05,
    0x0f,0xd8,0x00,0x05,0x0f,0x08,0x01,0x05,0x0f,0x38,0x01,0x06,0x0f,0x68,0x01,0x05,
    0x0f,0x98,0x01,0x06,0x0f,0xc8,0x01,0x06,0x0f,0xf8,0x01,0x06,0x0b,0x28,0x02,0x50,
    0x00,0x00,0x00,0x00,0x00,

};

static const LV_ATTRIBUTE_MEM_ALIGN LV_ATTRIBUTE_LARGE_CONST uint8_t spo2_F_data[] = {

    0x02,0x00,0x00,0x00,0x48,0x02,0x00,0x00,0x40,0x05,0x00,0x00,0x1f,0x00,0x01,0x00,
    0x1e,0x26,0xb3,0x1f,0x02,0x00,0x0f,0x3d,0x00,0x1e,0x0b,0x40,0x00,0x02,0x42,0x00,
    0x04,0x50,0x00,0x00,0x8c,0x00,0x04,0x0c,0x00,0x04,0x1c,0x00,0x02,0x02,0x00,0x06,
    0x10,0x00,0x06,0x0a,0x00,0x02,0x0c,0x00,0x02,0x06,0x00,0x04,0x02,0x00,0x0a,0x0e,
    0x00,0x0f,0x52,0x00,0x03,0x02,0x16,0x00,0x04,0x40,0x00,0x02,0x02,0x00,0x04,0x0e,
    0x00,0x04,0x40,0x00,0x06,0x10,0x00,0x02,0x12,0x00,0x04,0x08,0x00,0x02,0x0a,0x00,
    0x02,0x02,0x00,0x02,0x3a,0x00,0x02,0x02,0x00,0x02,0x12,0x00,0x04,0x26,0x00,0x06,
    0x0a,0x00,0x04,0x02,0x00,0x06,0x12,0x00,0x02,0x0a,0x00,0x04,0x3e,0x00,0x06,0x0a,
    0x00,0x04,0x5c,0x00,0x04,0x08,0x00,0x02,0x0a,0x00,0x04,0x02,0x00,0x02,0x36,0x00,
    0x0c,0x1c,0x00,0x02,0x16,0x00,0x02,0x18,0x00,0x02,0x02,0x00,0x02,0x0c,0x00,0x02,
    0x18,0x00,0x02,0x12,0x00,0x02,0x02,0x00,0x06,0x12,0x00,0x0f,0x0a,0x00,0x0d,0x0c,
    0x64,0x00,0x02,0x02,0x00,0x0a,0x36,0x00,0x0c,0x14,0x00,0x02,0x20,0x00,0x02,0x08,
    0x00,0x04,0x1c,0x00,0x04,0x08,0x00,0x06,0x0a,0x00,0x04,0x12,0x00,0x02,0x08,0x00,
    0x04,0x02,0x00,0x0a,0x10,0x00,0x0a,0x0e,0x00,0x06,0x58,0x00,0x04,0x02,0x00,0x06,
    0x50,0x00,0x04,0x02,0x00,0x06,0x12,0x00,0x08,0xa4,0x00,0x04,0x3c,0x00,0x04,0x02,
    0x00,0x02,0x2e,0x00,0x02,0x0e,0x00,0x02,0x0c,0x00,0x04,0x02,0x00,0x02,0x14,0x00,
    0x06,0x02,0x00,0x0c,0x3a,0x00,0x0f,0x02,0x00,0x1d,0x0f,0x40,0x00,0x2d,0x05,0x02,
    0x00,0x65,0x11,0xbb,0xff,0xff,0xee,0x44,0x0f,0x00,0x0d,0x02,0x00,0xf1,0x03,0xdd,
    0xee,0x77,0x66,0xbb,0xff,0x33,0x00,0x00,0x55,0x77,0x77,0x22,0x00,0x00,0x55,0x11,
    0x33,0x08,0x00,0xf0,0x1b,0x00,0x00,0x00,0x77,0x77,0x66,0x00,0x00,0x11,0xff,0x66,
    0x00,0x00,0x00,0xff,0x99,0x00,0xaa,0xff,0xdd,0xff,0xff,0x55,0x00,0xff,0xee,0xff,
    0xee,0xff,0xff,0x44,0x00,0x00,0x33,0xff,0xff,0xee,0xff,0xdd,0x00,0x00,0x99,0xfa,
    0x03,0xf1,0x0b,0xff,0x99,0x44,0xff,0x55,0x00,0x00,0xaa,0xcc,0x00,0xff,0xff,0x33,
    0x00,0x00,0xdd,0xee,0x00,0x00,0xee,0xdd,0x00,0x00,0x33,0xff,0xbb,0x4a,0x00,0x61,
    0x66,0xff,0x33,0x44,0xff,0x77,0x0b,0x00,0x91,0xff,0xaa,0x00,0x00,0x00,0x66,0xff,
    0x11,0x22,0x58,0x00,0x20,0xaa,0xee,0x38,0x04,0xc1,0x33,0xff,0x99,0x00,0x00,0xaa,
    0xff,0xff,0xbb,0x55,0x00,0x00,0x32,0x00,0xf1,0x01,0x66,0xff,0x22,0x66,0xff,0x22,
    0x00,0x00,0x00,0x88,0xff,0x00,0x00,0x00,0x11,0xee,0x46,0x00,0x55,0x44,0x88,0xcc,
    0xff,0xbb,0x20,0x00,0x16,0x55,0x20,0x00,0xc2,0xdd,0xdd,0x00,0x00,0x00,0x11,0x44,
    0x00,0x00,0x00,0x99,0xff,0x20,0x00,0x32,0x77,0xff,0x11,0xb8,0x00,0xd1,0xbb,0xee,
    0x00,0x00,0xbb,0xee,0x11,0x00,0x00,0x00,0x77,0xff,0x66,0x0f,0x00,0xf1,0x23,0xff,
    0xff,0x66,0x00,0x33,0xee,0xdd,0x00,0x00,0xdd,0xdd,0x33,0x00,0x66,0xff,0x88,0x00,
    0x99,0xff,0x77,0x22,0x22,0x22,0x11,0x00,0xbb,0xff,0xff,0xff,0xff,0x44,0x00,0xff,
    0xee,0xff,0xff,0xff,0xee,0x22,0x00,0x00,0x22,0xee,0xff,0xff,0xff,0xaa,0x00,0x00,
    0xff,0x01,0x00,0x71,0xee,0x00,0x00,0x11,0x66,0x55,0x00,0xa0,0x00,0x21,0x55,0x55,
    0xca,0x00,0xa1,0x00,0x44,0x66,0x33,0x00,0x00,0x00,0x11,0x22,0x22,0x40,0x00,0x02,
    0x14,0x00,0x02,0x80,0x00,0x0f,0x02,0x00,0x08,0x2d,0xee,0x88,0x1d,0x00,0x50,0x00,
    0x00,0x00,0x00,0x00,

};

static const LV_ATTRIBUTE_MEM_ALIGN LV_ATTRIBUTE_LARGE_CONST uint8_t WF2_H_data[] = {

    0x02,0x00,0x00,0x00,0x80,0x00,0x00,0x00,0x16,0x08,0x00,0x00,0x2f,0x38,0xc6,0x02,
    0x00,0xff,0xff,0xff,0xea,0x48,0xff,0xff,0xff,0xff,0xfe,0x03,0x13,0xff,0x01,0x00,
    0x0f,0x14,0x00,0x61,0x08,0x74,0x00,0x0f,0x02,0x00,0xbd,0xc2,0x00,0x00,0x4d,0xbe,
    0xf3,0xf3,0xbe,0x4c,0x00,0x00,0x00,0x84,0x63,0x01,0x32,0x84,0x00,0x4c,0x09,0x00,
    0x44,0xff,0xff,0x4d,0xbe,0x0a,0x00,0x24,0xbe,0xf2,0x0a,0x00,0x05,0x09,0x00,0x0f,
    0x02,0x00,0xff,0x76,0x05,0x91,0x01,0x16,0xf3,0xae,0x01,0x14,0x4d,0x9d,0x01,0x16,
    0x4d,0xd6,0x01,0x31,0x00,0x00,0x4e,0xd4,0x01,0x91,0x00,0x00,0x00,0x00,0x00,0xff,
    0xff,0xff,0xff,0x09,0x00,0x0f,0x0a,0x00,0x3d,0x01,0x7a,0x00,0x0f,0x4e,0x02,0x18,
    0x0f,0xbe,0x00,0x18,0x70,0xbe,0xf4,0xf4,0xbe,0x4d,0x00,0x00,

};

static const LV_ATTRIBUTE_MEM_ALIGN LV_ATTRIBUTE_LARGE_CONST uint8_t WF2_M_data[] = {

    0x02,0x00,0x00,0x00,0xa2,0x00,0x00,0x00,0x7c,0x0b,0x00,0x00,0x2f,0x5f,0xbc,0x02,
    0x00,0xff,0xff,0xff,0xff,0xff,0xff,0x23,0x11,0xde,0x32,0x06,0x02,0x06,0x00,0x04,
    0x02,0x00,0x22,0x38,0xc6,0x02,0x00,0x02,0x10,0x00,0x42,0xff,0xff,0xff,0xff,0x10,
    0x00,0x02,0x02,0x00,0x13,0xff,0x01,0x00,0x02,0x0e,0x00,0x02,0x02,0x00,0x03,0x13,
    0x00,0x0f,0x28,0x00,0x3a,0x02,0x5a,0x00,0x0f,0x02,0x00,0xc3,0xc2,0x00,0x00,0x4d,
    0xbe,0xf3,0xf3,0xbe,0x4c,0x00,0x00,0x00,0x84,0x3c,0x01,0x32,0x84,0x00,0x4c,0x09,
    0x00,0x44,0xff,0xff,0x4d,0xbe,0x0a,0x00,0x24,0xbe,0xf2,0x0a,0x00,0x05,0x09,0x00,
    0x0f,0x02,0x00,0xff,0xff,0xa3,0x05,0xbd,0x02,0x16,0xf3,0xda,0x02,0x14,0x4d,0xc9,
    0x02,0x16,0x4d,0x02,0x03,0x31,0x00,0x00,0x4e,0x00,0x03,0x91,0x00,0x00,0x00,0x00,
    0x00,0xff,0xff,0xff,0xff,0x09,0x00,0x0f,0x0a,0x00,0x33,0x01,0x70,0x00,0x0f,0x70,
    0x03,0x18,0x0f,0xb4,0x00,0x18,0x70,0xbe,0xf4,0xf4,0xbe,0x4d,0x00,0x00,

};

static const LV_ATTRIBUTE_MEM_ALIGN LV_ATTRIBUTE_LARGE_CONST uint8_t WF2_S_data[] = {

    0x02,0x00,0x00,0x00,0x8b,0x00,0x00,0x00,0x52,0x0b,0x00,0x00,0xc0,0xff,0xff,0xff,
    0xff,0x04,0x19,0x38,0xc6,0x38,0xc6,0x04,0x19,0x0c,0x00,0x0f,0x0e,0x00,0xff,0xff,
    0xff,0xff,0xff,0xea,0x22,0x38,0xc6,0x02,0x00,0x00,0x10,0x06,0x02,0x0a,0x00,0x08,
    0x02,0x00,0x44,0xcf,0x7b,0x14,0xa5,0x10,0x00,0x64,0x34,0xa5,0x04,0x19,0x8a,0x52,
    0x0e,0x00,0xaa,0x38,0xc6,0x71,0x8c,0x75,0xad,0x38,0xc6,0x38,0xc6,0x38,0x00,0x08,
    0x48,0x00,0x0f,0x58,0x06,0xff,0x16,0x31,0x00,0x00,0x00,0x05,0x00,0x0f,0x07,0x00,
    0xff,0xff,0xeb,0xe0,0x42,0xff,0xff,0x14,0x00,0x00,0x7f,0xff,0xff,0xff,0xe1,0x1a,
    0x16,0xfb,0x9e,0x0a,0x21,0x94,0x3a,0x40,0x04,0x30,0xb9,0x11,0xf3,0xac,0x0a,0xef,
    0x87,0x00,0x5c,0xf8,0xff,0xff,0xd1,0x10,0x00,0x00,0x22,0xff,0xff,0x06,0x2c,0x03,
    0x7c,0x50,0x00,0xff,0xff,0x00,0x00,

};

const lv_image_dsc_t C_array_images[] = {
    {
        .header = {
            .magic = LV_IMAGE_HEADER_MAGIC,
            .cf = LV_COLOR_FORMAT_RGB565A8,
            .flags = 0 | LV_IMAGE_FLAGS_COMPRESSED,
            .w = 25,
            .h = 25,
            .stride = 50,
            .reserved_2 = 0,
        },
        .data_size = sizeof(BP_data),
        .data = BP_data,
        .reserved = NULL,
    },

    {
        .header = {
            .magic = LV_IMAGE_HEADER_MAGIC,
            .cf = LV_COLOR_FORMAT_RGB565A8,
            .flags = 0 | LV_IMAGE_FLAGS_COMPRESSED,
            .w = 37,
            .h = 19,
            .stride = 74,
            .reserved_2 = 0,
        },
        .data_size = sizeof(bpm_F_data),
        .data = bpm_F_data,
        .reserved = NULL,
    },

    {
        .header = {
            .magic = LV_IMAGE_HEADER_MAGIC,
            .cf = LV_COLOR_FORMAT_RGB565A8,
            .flags = 0 | LV_IMAGE_FLAGS_COMPRESSED,
            .w = 240,
            .h = 296,
            .stride = 480,
            .reserved_2 = 0,
        },
        .data_size = sizeof(dial2_bg_data),
        .data = dial2_bg_data,
        .reserved = NULL,
    },

    {
        .header = {
            .magic = LV_IMAGE_HEADER_MAGIC,
            .cf = LV_COLOR_FORMAT_RGB565A8,
            .flags = 0 | LV_IMAGE_FLAGS_COMPRESSED,
            .w = 77,
            .h = 67,
            .stride = 154,
            .reserved_2 = 0,
        },
        .data_size = sizeof(HRS_data),
        .data = HRS_data,
        .reserved = NULL,
    },

    {
        .header = {
            .magic = LV_IMAGE_HEADER_MAGIC,
            .cf = LV_COLOR_FORMAT_RGB565,
            .flags = 0 | LV_IMAGE_FLAGS_COMPRESSED,
            .w = 77,
            .h = 67,
            .stride = 154,
            .reserved_2 = 0,
        },
        .data_size = sizeof(HRS_8_data),
        .data = HRS_8_data,
        .reserved = NULL,
    },

    {
        .header = {
            .magic = LV_IMAGE_HEADER_MAGIC,
            .cf = LV_COLOR_FORMAT_RGB565A8,
            .flags = 0 | LV_IMAGE_FLAGS_COMPRESSED,
            .w = 77,
            .h = 67,
            .stride = 154,
            .reserved_2 = 0,
        },
        .data_size = sizeof(HRS_png_data),
        .data = HRS_png_data,
        .reserved = NULL,
    },

    {
        .header = {
            .magic = LV_IMAGE_HEADER_MAGIC,
            .cf = LV_COLOR_FORMAT_I1,
            .flags = 0 | LV_IMAGE_FLAGS_COMPRESSED,
            .w = 65,
            .h = 53,
            .stride = 9,
            .reserved_2 = 0,
        },
        .data_size = sizeof(Message_line_icon_data),
        .data = Message_line_icon_data,
        .reserved = NULL,
    },

    {
        .header = {
            .magic = LV_IMAGE_HEADER_MAGIC,
            .cf = LV_COLOR_FORMAT_I1,
            .flags = 0 | LV_IMAGE_FLAGS_COMPRESSED,
            .w = 65,
            .h = 53,
            .stride = 9,
            .reserved_2 = 0,
        },
        .data_size = sizeof(Message_note_data),
        .data = Message_note_data,
        .reserved = NULL,
    },

    {
        .header = {
            .magic = LV_IMAGE_HEADER_MAGIC,
            .cf = LV_COLOR_FORMAT_RGB565A8,
            .flags = 0 | LV_IMAGE_FLAGS_COMPRESSED,
            .w = 47,
            .h = 16,
            .stride = 94,
            .reserved_2 = 0,
        },
        .data_size = sizeof(mmHg_F_data),
        .data = mmHg_F_data,
        .reserved = NULL,
    },

    {
        .header = {
            .magic = LV_IMAGE_HEADER_MAGIC,
            .cf = LV_COLOR_FORMAT_RGB565A8,
            .flags = 0 | LV_IMAGE_FLAGS_COMPRESSED,
            .w = 22,
            .h = 20,
            .stride = 44,
            .reserved_2 = 0,
        },
        .data_size = sizeof(point_53_data),
        .data = point_53_data,
        .reserved = NULL,
    },

    {
        .header = {
            .magic = LV_IMAGE_HEADER_MAGIC,
            .cf = LV_COLOR_FORMAT_RGB565A8,
            .flags = 0 | LV_IMAGE_FLAGS_COMPRESSED,
            .w = 55,
            .h = 55,
            .stride = 110,
            .reserved_2 = 0,
        },
        .data_size = sizeof(RING_data),
        .data = RING_data,
        .reserved = NULL,
    },

    {
        .header = {
            .magic = LV_IMAGE_HEADER_MAGIC,
            .cf = LV_COLOR_FORMAT_RGB565,
            .flags = 0 | LV_IMAGE_FLAGS_COMPRESSED,
            .w = 55,
            .h = 55,
            .stride = 110,
            .reserved_2 = 0,
        },
        .data_size = sizeof(RING_16_data),
        .data = RING_16_data,
        .reserved = NULL,
    },

    {
        .header = {
            .magic = LV_IMAGE_HEADER_MAGIC,
            .cf = LV_COLOR_FORMAT_RGB565A8,
            .flags = 0 | LV_IMAGE_FLAGS_COMPRESSED,
            .w = 55,
            .h = 55,
            .stride = 110,
            .reserved_2 = 0,
        },
        .data_size = sizeof(RING_png_data),
        .data = RING_png_data,
        .reserved = NULL,
    },

    {
        .header = {
            .magic = LV_IMAGE_HEADER_MAGIC,
            .cf = LV_COLOR_FORMAT_RGB565A8,
            .flags = 0 | LV_IMAGE_FLAGS_COMPRESSED,
            .w = 24,
            .h = 24,
            .stride = 48,
            .reserved_2 = 0,
        },
        .data_size = sizeof(SPO2_data),
        .data = SPO2_data,
        .reserved = NULL,
    },

    {
        .header = {
            .magic = LV_IMAGE_HEADER_MAGIC,
            .cf = LV_COLOR_FORMAT_RGB565A8,
            .flags = 0 | LV_IMAGE_FLAGS_COMPRESSED,
            .w = 32,
            .h = 14,
            .stride = 64,
            .reserved_2 = 0,
        },
        .data_size = sizeof(spo2_F_data),
        .data = spo2_F_data,
        .reserved = NULL,
    },

    {
        .header = {
            .magic = LV_IMAGE_HEADER_MAGIC,
            .cf = LV_COLOR_FORMAT_RGB565A8,
            .flags = 0 | LV_IMAGE_FLAGS_COMPRESSED,
            .w = 10,
            .h = 69,
            .stride = 20,
            .reserved_2 = 0,
        },
        .data_size = sizeof(WF2_H_data),
        .data = WF2_H_data,
        .reserved = NULL,
    },

    {
        .header = {
            .magic = LV_IMAGE_HEADER_MAGIC,
            .cf = LV_COLOR_FORMAT_RGB565A8,
            .flags = 0 | LV_IMAGE_FLAGS_COMPRESSED,
            .w = 10,
            .h = 98,
            .stride = 20,
            .reserved_2 = 0,
        },
        .data_size = sizeof(WF2_M_data),
        .data = WF2_M_data,
        .reserved = NULL,
    },

    {
        .header = {
            .magic = LV_IMAGE_HEADER_MAGIC,
            .cf = LV_COLOR_FORMAT_RGB565A8,
            .flags = 0 | LV_IMAGE_FLAGS_COMPRESSED,
            .w = 7,
            .h = 138,
            .stride = 14,
            .reserved_2 = 0,
        },
        .data_size = sizeof(WF2_S_data),
        .data = WF2_S_data,
        .reserved = NULL,
    },

};

const lv_image_dsc_t * C_array_get_img(C_array_img_index_t idx) {
    if (idx < C_ARRAY_IMG_NUM) {
        return &C_array_images[idx];
    }
    return NULL;
}
